insert into subjects values(1,'mathematics');
insert into subjects values(2,'science');
insert into subjects values(3,'physical education');
insert into subjects values(4,'art');
insert into subjects values(5,'english');
insert into subjects values(6,'spanish');
insert into subjects values(7,'french');
insert into subjects values(8,'polish');
insert into subjects values(9,'german');
insert into subjects values(10,'chinese');
insert into subjects values(11,'russian');
insert into subjects values(12,'geography');
insert into subjects values(13,'physics');
insert into subjects values(14,'chemistry');
insert into subjects values(15,'biology');
insert into subjects values(16,'computer science');
insert into subjects values(17,'religion');
insert into subjects values(18,'history');
insert into subjects values(19,'social studies');
insert into subjects values(20,'safety education');

INSERT INTO "teachers" (PESEL, name, surname, email, phone) VALUES ('00252518593','Clinton','Snow','Agustina@chadd.us','534272653');
INSERT INTO "teachers" (PESEL, name, surname, email, phone) VALUES ('00262462237','Kermit','Faulkner','Ariel_Grady@leif.info','988838155');
INSERT INTO "teachers" (PESEL, name, surname, email, phone) VALUES ('00280711878','Micah','Ellis','Audra@bennie.info','287341789');
INSERT INTO "teachers" (PESEL, name, surname, email, phone) VALUES ('44050434475','Tyler','King','Billy.Quigley@winston.biz','743495754');
INSERT INTO "teachers" (PESEL, name, surname, email, phone) VALUES ('45051442953','Herrod','Nielsen','Blaise@victoria.io','467992615');
INSERT INTO "teachers" (PESEL, name, surname, email, phone) VALUES ('47041148425','Harding','Horn','Bridie@dorris.us','244616175');
INSERT INTO "teachers" (PESEL, name, surname, email, phone) VALUES ('49021379971','Ezra','Bonner','Camryn@coby.name','712482218');
INSERT INTO "teachers" (PESEL, name, surname, email, phone) VALUES ('54082297748','Ezra','Romero','Carrie_Kiehn@brenda.biz','463954525');
INSERT INTO "teachers" (PESEL, name, surname, email, phone) VALUES ('54110332986','Rudyard','Skinner','Cassandre@issac.biz','157789371');
INSERT INTO "teachers" (PESEL, name, surname, email, phone) VALUES ('55062879291','Curran','Lloyd','Chadd@lamar.info','383649134');
INSERT INTO "teachers" (PESEL, name, surname, email, phone) VALUES ('56020931286','Aquila','Velasquez','Clyde@brock.co.uk','872738675');
INSERT INTO "teachers" (PESEL, name, surname, email, phone) VALUES ('56101473278','Paul','Fitzpatrick','Dell@julien.ca','819268949');
INSERT INTO "teachers" (PESEL, name, surname, email, phone) VALUES ('57090281118','Daquan','Williams','Eddie.DuBuque@ciara.us','427572971');
INSERT INTO "teachers" (PESEL, name, surname, email, phone) VALUES ('58031258321','Kareem','Fischer','Eileen.Maggio@melisa.ca','289266626');
INSERT INTO "teachers" (PESEL, name, surname, email, phone) VALUES ('59042373562','Chaim','Fitzpatrick','Ervin_Hermiston@gerson.name','754594368');
INSERT INTO "teachers" (PESEL, name, surname, email, phone) VALUES ('60022025685','Abdul','Nielsen','Eulalia@tyreek.net','326586529');
INSERT INTO "teachers" (PESEL, name, surname, email, phone) VALUES ('60042585383','Clinton','Riley','Filiberto_Zboncak@anthony.com','714468277');
INSERT INTO "teachers" (PESEL, name, surname, email, phone) VALUES ('65050383798','Micah','Fitzgerald','Floy@raphaelle.biz','177532451');
INSERT INTO "teachers" (PESEL, name, surname, email, phone) VALUES ('66011952655','Plato','Horn','Gaylord_Thompson@makayla.co.uk','473675654');
INSERT INTO "teachers" (PESEL, name, surname, email, phone) VALUES ('66022236425','Kenyon','Greer','Gretchen.Gaylord@emmet.io','962775989');
INSERT INTO "teachers" (PESEL, name, surname, email, phone) VALUES ('70041492553','Prescott','Gardner','Ibrahim@darlene.co.uk','392742623');
INSERT INTO "teachers" (PESEL, name, surname, email, phone) VALUES ('72121715664','Tyrone','Vargas','Isai_Ratke@cristal.org','162839233');
INSERT INTO "teachers" (PESEL, name, surname, email, phone) VALUES ('73091272429','Jerry','Wade','Janet@coy.info','934114156');
INSERT INTO "teachers" (PESEL, name, surname, email, phone) VALUES ('73123131157','Jerry','Joyce','Jeremy@norma.io','354912437');
INSERT INTO "teachers" (PESEL, name, surname, email, phone) VALUES ('74022227398','Connor','Clements','Kyler_Abshire@adah.io','612215519');
INSERT INTO "teachers" (PESEL, name, surname, email, phone) VALUES ('75062474999','Lane','Romero','Lelah.Weissnat@lawson.io','336655336');
INSERT INTO "teachers" (PESEL, name, surname, email, phone) VALUES ('80052784552','Stone','Wade','Lonie.OHara@rebekah.ca','183768959');
INSERT INTO "teachers" (PESEL, name, surname, email, phone) VALUES ('81071424195','Kareem','Reeves','Milton_Reinger@sienna.me','826224958');
INSERT INTO "teachers" (PESEL, name, surname, email, phone) VALUES ('82112892263','Ezra','Lloyd','Morris_Gorczany@lindsey.me','396499251');
INSERT INTO "teachers" (PESEL, name, surname, email, phone) VALUES ('83101148866','Harding','Tran','Mozelle_Harris@gladyce.co.uk','466693754');
INSERT INTO "teachers" (PESEL, name, surname, email, phone) VALUES ('84072518933','Travis','Cleveland','Nels_Schowalter@orval.net','996775888');
INSERT INTO "teachers" (PESEL, name, surname, email, phone) VALUES ('85080173723','Prescott','Jackson','Nolan@kristy.ca','798647582');
INSERT INTO "teachers" (PESEL, name, surname, email, phone) VALUES ('85100431862','Galvin','Wade','Nolan_Wuckert@connie.com','857524441');
INSERT INTO "teachers" (PESEL, name, surname, email, phone) VALUES ('86021313569','Amery','Stevenson','Phyllis_Eichmann@amya.ca','352849731');
INSERT INTO "teachers" (PESEL, name, surname, email, phone) VALUES ('86042576213','Tyler','Grimes','Rolando.Nolan@emie.biz','724188391');
INSERT INTO "teachers" (PESEL, name, surname, email, phone) VALUES ('86090631258','Devin','Montoya','Rory_Zboncak@rosemary.info','946745332');
INSERT INTO "teachers" (PESEL, name, surname, email, phone) VALUES ('87070481834','Cullen','Lloyd','Sandrine_Von@elyse.org','724797258');
INSERT INTO "teachers" (PESEL, name, surname, email, phone) VALUES ('89081971915','Stewart','Wise','Tina@jalon.name','141586512');
INSERT INTO "teachers" (PESEL, name, surname, email, phone) VALUES ('91100877319','Brandon','Marquez','Toni_Ernser@ona.biz','743232237');
INSERT INTO "teachers" (PESEL, name, surname, email, phone) VALUES ('96091441385','Kenyon','Hines','Troy.Wehner@pattie.name','646191865');
INSERT INTO "teachers" (PESEL, name, surname, email, phone) VALUES ('96091962479','Blaze','Riley','blandit.congue.In@Aenean.co.uk','394911443');
INSERT INTO "teachers" (PESEL, name, surname, email, phone) VALUES ('97060524186','Nero','Clements','eu.euismod.ac@molestiepharetranibh.net','645448885');
INSERT INTO "teachers" (PESEL, name, surname, email, phone) VALUES ('98010577254','Levi','Santiago','mollis.vitae@orci.ca','419592446');
INSERT INTO "teachers" (PESEL, name, surname, email, phone) VALUES ('98112638817','Emerson','Oneal','vitae@Aenean.com','562176258');
INSERT INTO "teachers" (PESEL, name, surname, email, phone) VALUES ('99010215915','Chadwick','Ellis','volutpat.ornare@Vestibulumaccumsan.com','569591318');

insert into teacher_subjects values(1,1);
insert into teacher_subjects values(1,13);
insert into teacher_subjects values(2,14);
insert into teacher_subjects values(3,20);
insert into teacher_subjects values(3,17);
insert into teacher_subjects values(5,4);
insert into teacher_subjects values(6,1);
insert into teacher_subjects values(7,1);
insert into teacher_subjects values(7,16);
insert into teacher_subjects values(7,6);
insert into teacher_subjects values(7,4);
insert into teacher_subjects values(8,8);
insert into teacher_subjects values(8,11);
insert into teacher_subjects values(9,12);
insert into teacher_subjects values(10,10);
insert into teacher_subjects values(11,14);
insert into teacher_subjects values(11,15);
insert into teacher_subjects values(12,1);
insert into teacher_subjects values(12,2);
insert into teacher_subjects values(13,9);
insert into teacher_subjects values(13,17);
insert into teacher_subjects values(14,19);
insert into teacher_subjects values(14,18);
insert into teacher_subjects values(15,13);
insert into teacher_subjects values(15,14);
insert into teacher_subjects values(15,15);
insert into teacher_subjects values(15,2);
insert into teacher_subjects values(16,8);
insert into teacher_subjects values(16,9);
insert into teacher_subjects values(17,4);
insert into teacher_subjects values(17,17);
insert into teacher_subjects values(18,5);
insert into teacher_subjects values(18,8);
insert into teacher_subjects values(19,5);
insert into teacher_subjects values(19,11);
insert into teacher_subjects values(20,1);
insert into teacher_subjects values(20,3);
insert into teacher_subjects values(21,14);
insert into teacher_subjects values(22,18);
insert into teacher_subjects values(23,1);
insert into teacher_subjects values(24,2);
insert into teacher_subjects values(25,15);
insert into teacher_subjects values(26,4);
insert into teacher_subjects values(28,19);
insert into teacher_subjects values(28,16);
insert into teacher_subjects values(28,13);
insert into teacher_subjects values(29,15);
insert into teacher_subjects values(29,18);
insert into teacher_subjects values(31,7);
insert into teacher_subjects values(32,6);
insert into teacher_subjects values(33,5);
insert into teacher_subjects values(35,10);
insert into teacher_subjects values(35,15);
insert into teacher_subjects values(35,12);
insert into teacher_subjects values(36,18);
insert into teacher_subjects values(36,9);
insert into teacher_subjects values(36,4);
insert into teacher_subjects values(37,7);
insert into teacher_subjects values(37,8);
insert into teacher_subjects values(38,14);
insert into teacher_subjects values(38,5);
insert into teacher_subjects values(39,16);
insert into teacher_subjects values(39,1);
insert into teacher_subjects values(40,3);
insert into teacher_subjects values(40,5);
insert into teacher_subjects values(40,10);
insert into teacher_subjects values(41,11);
insert into teacher_subjects values(42,3);
insert into teacher_subjects values(42,11);
insert into teacher_subjects values(43,8);
insert into teacher_subjects values(45,18);

INSERT INTO "groups" (group_id, name) VALUES ('1','1a');
INSERT INTO "groups" (group_id, name) VALUES ('2','1b');
INSERT INTO "groups" (group_id, name) VALUES ('3','1c');
INSERT INTO "groups" (group_id, name) VALUES ('4','2a');
INSERT INTO "groups" (group_id, name) VALUES ('5','2b');
INSERT INTO "groups" (group_id, name) VALUES ('6','2c');
INSERT INTO "groups" (group_id, name) VALUES ('7','3a');
INSERT INTO "groups" (group_id, name) VALUES ('8','3b');
INSERT INTO "groups" (group_id, name) VALUES ('9','3c');
INSERT INTO "groups" (group_id, name) VALUES ('10','4a');
INSERT INTO "groups" (group_id, name) VALUES ('11','4b');
INSERT INTO "groups" (group_id, name) VALUES ('12','4c');
INSERT INTO "groups" (group_id, name) VALUES ('13','5a');
INSERT INTO "groups" (group_id, name) VALUES ('14','5b');
INSERT INTO "groups" (group_id, name) VALUES ('15','5c');
INSERT INTO "groups" (group_id, name) VALUES ('16','6a');
INSERT INTO "groups" (group_id, name) VALUES ('17','6b');
INSERT INTO "groups" (group_id, name) VALUES ('18','6c');
INSERT INTO "groups" (group_id, name) VALUES ('19','7a');
INSERT INTO "groups" (group_id, name) VALUES ('20','7b');


INSERT INTO "students" (student_id, PESEL, name, surname, email, phone) VALUES ('1','00231383174','Stone','Vaughn','Alaina_Davis@chris.com','517353827');
INSERT INTO "students" (student_id, PESEL, name, surname, email, phone) VALUES ('2','00320547852','Caldwell','Elliott','Alanna.Braun@florence.biz','579189527');
INSERT INTO "students" (student_id, PESEL, name, surname, email, phone) VALUES ('3','02250285923','Blaze','Stevenson','Aniyah@levi.biz','516476972');
INSERT INTO "students" (student_id, PESEL, name, surname, email, phone) VALUES ('4','03243052791','Isaiah','Ramos','Annabell_Goldner@jamel.biz','658676958');
INSERT INTO "students" (student_id, PESEL, name, surname, email, phone) VALUES ('5','44062926256','Tyler','Riley','Austin@jessica.io','586687568');
INSERT INTO "students" (student_id, PESEL, name, surname, email, phone) VALUES ('6','46123036227','Nero','King','Billy.Quigley@winston.biz','122622445');
INSERT INTO "students" (student_id, PESEL, name, surname, email, phone) VALUES ('7','52080784172','Ezra','Williams','Dejah.Becker@brenda.net','957585942');
INSERT INTO "students" (student_id, PESEL, name, surname, email, phone) VALUES ('8','53081275256','Eric','Garner','Dexter@mack.net','325241194');
INSERT INTO "students" (student_id, PESEL, name, surname, email, phone) VALUES ('9','57040646299','Ira','Gamble','Donec@turpisnon.co.uk','289486446');
INSERT INTO "students" (student_id, PESEL, name, surname, email, phone) VALUES ('10','57043025969','Stone','Fitzgerald','Dusty@tierra.me','115997853');
INSERT INTO "students" (student_id, PESEL, name, surname, email, phone) VALUES ('11','57072476615','Dean','Horn','Elisa@estella.biz','874469263');
INSERT INTO "students" (student_id, PESEL, name, surname, email, phone) VALUES ('12','66032064474','Troy','Wade','Emily@raymundo.tv','545752738');
INSERT INTO "students" (student_id, PESEL, name, surname, email, phone) VALUES ('13','66110852263','Stone','Baldwin','Evan.Wilkinson@telly.us','164281943');
INSERT INTO "students" (student_id, PESEL, name, surname, email, phone) VALUES ('14','68041635269','Tate','Case','Haylee.Cruickshank@paula.me','544136778');
INSERT INTO "students" (student_id, PESEL, name, surname, email, phone) VALUES ('15','70031772373','Rafael','Lloyd','Isai_Ratke@cristal.org','264941491');
INSERT INTO "students" (student_id, PESEL, name, surname, email, phone) VALUES ('16','70041492553','Rafael','Le','Ivory@darien.biz','138114611');
INSERT INTO "students" (student_id, PESEL, name, surname, email, phone) VALUES ('17','70061462624','Nathaniel','Justice','Katelynn@hailee.me','822732726');
INSERT INTO "students" (student_id, PESEL, name, surname, email, phone) VALUES ('18','71010593976','Galvin','Carroll','Leda@annabel.me','353318921');
INSERT INTO "students" (student_id, PESEL, name, surname, email, phone) VALUES ('19','71032542369','Brock','Greer','Lilly_Blanda@verlie.co.uk','947682395');
INSERT INTO "students" (student_id, PESEL, name, surname, email, phone) VALUES ('20','75062474999','Stewart','Carroll','Macy_Collier@naomi.org','968966756');
INSERT INTO "students" (student_id, PESEL, name, surname, email, phone) VALUES ('21','76121134665','Jerry','Price','Magdalen@hulda.io','953734551');
INSERT INTO "students" (student_id, PESEL, name, surname, email, phone) VALUES ('22','78030899714','Kaseem','Vargas','Maribel.Stoltenberg@laurence.io','917262436');
INSERT INTO "students" (student_id, PESEL, name, surname, email, phone) VALUES ('23','89110861776','Cullen','Vaughn','Mina@juston.org','174621141');
INSERT INTO "students" (student_id, PESEL, name, surname, email, phone) VALUES ('24','90073122666','Len','Brock','Misty_Tillman@geovanni.me','125446132');
INSERT INTO "students" (student_id, PESEL, name, surname, email, phone) VALUES ('25','91120475342','Stewart','Pace','Monserrate_Halvorson@vicenta.io','863325151');
INSERT INTO "students" (student_id, PESEL, name, surname, email, phone) VALUES ('26','93100835265','Brock','Mendez','Nikita_Hegmann@ericka.biz','477712481');
INSERT INTO "students" (student_id, PESEL, name, surname, email, phone) VALUES ('27','93111281561','Devin','Skinner','Nola_Dibbert@verlie.biz','582131178');
INSERT INTO "students" (student_id, PESEL, name, surname, email, phone) VALUES ('28','96102087579','Wesley','King','Shanon.Beatty@birdie.me','959855717');
INSERT INTO "students" (student_id, PESEL, name, surname, email, phone) VALUES ('29','98090418951','Vincent','Justice','Sheila@elvis.tv','957945528');
INSERT INTO "students" (student_id, PESEL, name, surname, email, phone) VALUES ('30','99042418777','Troy','Michael','Unique@myah.biz','624372764');

INSERT INTO "groups_students" (group_id, student_id) VALUES ('1','1');
INSERT INTO "groups_students" (group_id, student_id) VALUES ('2','2');
INSERT INTO "groups_students" (group_id, student_id) VALUES ('3','3');
INSERT INTO "groups_students" (group_id, student_id) VALUES ('4','4');
INSERT INTO "groups_students" (group_id, student_id) VALUES ('5','5');
INSERT INTO "groups_students" (group_id, student_id) VALUES ('6','6');
INSERT INTO "groups_students" (group_id, student_id) VALUES ('7','7');
INSERT INTO "groups_students" (group_id, student_id) VALUES ('8','8');
INSERT INTO "groups_students" (group_id, student_id) VALUES ('9','9');
INSERT INTO "groups_students" (group_id, student_id) VALUES ('10','10');
INSERT INTO "groups_students" (group_id, student_id) VALUES ('11','11');
INSERT INTO "groups_students" (group_id, student_id) VALUES ('12','12');
INSERT INTO "groups_students" (group_id, student_id) VALUES ('13','13');
INSERT INTO "groups_students" (group_id, student_id) VALUES ('14','14');
INSERT INTO "groups_students" (group_id, student_id) VALUES ('15','15');
INSERT INTO "groups_students" (group_id, student_id) VALUES ('16','16');
INSERT INTO "groups_students" (group_id, student_id) VALUES ('17','17');
INSERT INTO "groups_students" (group_id, student_id) VALUES ('18','18');
INSERT INTO "groups_students" (group_id, student_id) VALUES ('19','19');
INSERT INTO "groups_students" (group_id, student_id) VALUES ('20','20');
INSERT INTO "groups_students" (group_id, student_id) VALUES ('13','21');
INSERT INTO "groups_students" (group_id, student_id) VALUES ('14','22');
INSERT INTO "groups_students" (group_id, student_id) VALUES ('13','23');
INSERT INTO "groups_students" (group_id, student_id) VALUES ('13','24');
INSERT INTO "groups_students" (group_id, student_id) VALUES ('10','25');
INSERT INTO "groups_students" (group_id, student_id) VALUES ('2','26');
INSERT INTO "groups_students" (group_id, student_id) VALUES ('1','27');
INSERT INTO "groups_students" (group_id, student_id) VALUES ('15','28');
INSERT INTO "groups_students" (group_id, student_id) VALUES ('14','29');
INSERT INTO "groups_students" (group_id, student_id) VALUES ('18','30');

INSERT INTO "legal_guardians" (guardian_id, PESEL, name, surname, email, phone) VALUES ('1','44071065454','Kenyon','Riley','Alexanne@raheem.org','195462934');
INSERT INTO "legal_guardians" (guardian_id, PESEL, name, surname, email, phone) VALUES ('2','49052293136','Kermit','Kinney','Alexzander@herminio.co.uk','996647566');
INSERT INTO "legal_guardians" (guardian_id, PESEL, name, surname, email, phone) VALUES ('3','50012437848','Alexander','Romero','Alice@lura.net','281634877');
INSERT INTO "legal_guardians" (guardian_id, PESEL, name, surname, email, phone) VALUES ('4','58042849833','Ferris','Christensen','Aliquam.nisl.Nulla@congueInscelerisque.edu','218938236');
INSERT INTO "legal_guardians" (guardian_id, PESEL, name, surname, email, phone) VALUES ('5','58051082568','Ahmed','Cohen','Augustine_Wiegand@kurt.co.uk','395962714');
INSERT INTO "legal_guardians" (guardian_id, PESEL, name, surname, email, phone) VALUES ('6','60051519159','Emerson','Blanchard','Bell_Hoeger@kayla.biz','286744456');
INSERT INTO "legal_guardians" (guardian_id, PESEL, name, surname, email, phone) VALUES ('7','60052925483','Abbot','Tran','Caitlyn_Jaskolski@elody.org','365482156');
INSERT INTO "legal_guardians" (guardian_id, PESEL, name, surname, email, phone) VALUES ('8','60090881813','Tyler','Marquez','Cristian.Lubowitz@providenci.tv','987236922');
INSERT INTO "legal_guardians" (guardian_id, PESEL, name, surname, email, phone) VALUES ('9','62062931128','Raja','Weaver','Delilah_Skiles@marlon.us','429219969');
INSERT INTO "legal_guardians" (guardian_id, PESEL, name, surname, email, phone) VALUES ('10','63102621364','Stone','Barnes','Donna.Flatley@mozelle.info','689749221');
INSERT INTO "legal_guardians" (guardian_id, PESEL, name, surname, email, phone) VALUES ('11','65062344215','Troy','Le','Elroy@shany.biz','474964288');
INSERT INTO "legal_guardians" (guardian_id, PESEL, name, surname, email, phone) VALUES ('12','66040578967','Jerry','Santiago','Fern.Littel@cathryn.com','697777161');
INSERT INTO "legal_guardians" (guardian_id, PESEL, name, surname, email, phone) VALUES ('13','67032184498','Jerry','Maxwell','Geraldine@marta.tv','699223728');
INSERT INTO "legal_guardians" (guardian_id, PESEL, name, surname, email, phone) VALUES ('14','68031842897','Stewart','Wade','Giuseppe_Heidenreich@georgiana.biz','995463354');
INSERT INTO "legal_guardians" (guardian_id, PESEL, name, surname, email, phone) VALUES ('15','68041635269','Sylvester','Atkins','Harmon.Bashirian@lucius.co.uk','196566594');
INSERT INTO "legal_guardians" (guardian_id, PESEL, name, surname, email, phone) VALUES ('16','70061462624','Geoffrey','Clements','Keegan@chad.ca','924478784');
INSERT INTO "legal_guardians" (guardian_id, PESEL, name, surname, email, phone) VALUES ('17','72091766343','Plato','Gardner','Lura@madalyn.info','949857745');
INSERT INTO "legal_guardians" (guardian_id, PESEL, name, surname, email, phone) VALUES ('18','73081675863','Chadwick','Sharp','Maecenas.malesuada@sed.org','921694164');
INSERT INTO "legal_guardians" (guardian_id, PESEL, name, surname, email, phone) VALUES ('19','78090572846','Ian','King','Margarette@daija.com','819264281');
INSERT INTO "legal_guardians" (guardian_id, PESEL, name, surname, email, phone) VALUES ('20','81071424195','Ferris','Gardner','Maynard@terence.co.uk','382364626');
INSERT INTO "legal_guardians" (guardian_id, PESEL, name, surname, email, phone) VALUES ('21','81081188753','Nathaniel','Skinner','Nels_Schowalter@orval.net','549342834');

INSERT INTO "guardians_students" (guardian_id, student_id) VALUES ('1','18');
INSERT INTO "guardians_students" (guardian_id, student_id) VALUES ('2','5');
INSERT INTO "guardians_students" (guardian_id, student_id) VALUES ('2','23');
INSERT INTO "guardians_students" (guardian_id, student_id) VALUES ('3','11');
INSERT INTO "guardians_students" (guardian_id, student_id) VALUES ('3','29');
INSERT INTO "guardians_students" (guardian_id, student_id) VALUES ('4','19');
INSERT INTO "guardians_students" (guardian_id, student_id) VALUES ('4','24');
INSERT INTO "guardians_students" (guardian_id, student_id) VALUES ('5','6');
INSERT INTO "guardians_students" (guardian_id, student_id) VALUES ('5','4');
INSERT INTO "guardians_students" (guardian_id, student_id) VALUES ('6','20');
INSERT INTO "guardians_students" (guardian_id, student_id) VALUES ('7','15');
INSERT INTO "guardians_students" (guardian_id, student_id) VALUES ('8','13');
INSERT INTO "guardians_students" (guardian_id, student_id) VALUES ('9','1');
INSERT INTO "guardians_students" (guardian_id, student_id) VALUES ('10','28');
INSERT INTO "guardians_students" (guardian_id, student_id) VALUES ('11','10');
INSERT INTO "guardians_students" (guardian_id, student_id) VALUES ('11','12');
INSERT INTO "guardians_students" (guardian_id, student_id) VALUES ('12','3');
INSERT INTO "guardians_students" (guardian_id, student_id) VALUES ('13','2');
INSERT INTO "guardians_students" (guardian_id, student_id) VALUES ('14','25');
INSERT INTO "guardians_students" (guardian_id, student_id) VALUES ('15','21');
INSERT INTO "guardians_students" (guardian_id, student_id) VALUES ('16','16');
INSERT INTO "guardians_students" (guardian_id, student_id) VALUES ('17','9');
INSERT INTO "guardians_students" (guardian_id, student_id) VALUES ('17','27');
INSERT INTO "guardians_students" (guardian_id, student_id) VALUES ('18','7');
INSERT INTO "guardians_students" (guardian_id, student_id) VALUES ('18','26');
INSERT INTO "guardians_students" (guardian_id, student_id) VALUES ('19','8');
INSERT INTO "guardians_students" (guardian_id, student_id) VALUES ('19','30');
INSERT INTO "guardians_students" (guardian_id, student_id) VALUES ('20','17');
INSERT INTO "guardians_students" (guardian_id, student_id) VALUES ('21','22');
INSERT INTO "guardians_students" (guardian_id, student_id) VALUES ('21','14');

INSERT INTO "lessons" (lesson_id, group_id, subject_id, topic) VALUES (1, 14, 12, 'Mike like sports. Mike loves flowers. ');
INSERT INTO "lessons" (lesson_id, group_id, subject_id, topic) VALUES (2, 18, 8, 'Mike watches football. ');
INSERT INTO "lessons" (lesson_id, group_id, subject_id, topic) VALUES (3, 3, 18, 'Mike like swimming. I loves flowers. ');
INSERT INTO "lessons" (lesson_id, group_id, subject_id, topic) VALUES (4, 3, 4, 'Mike watches football. Rudi loves flowers. ');
INSERT INTO "lessons" (lesson_id, group_id, subject_id, topic) VALUES (5, 14, 7, 'Mike like swimming. Mike watches football. ');
INSERT INTO "lessons" (lesson_id, group_id, subject_id, topic) VALUES (6, 14, 6, 'Mike watches football. Mike loves flowers. ');
INSERT INTO "lessons" (lesson_id, group_id, subject_id, topic) VALUES (7, 7, 15, 'Mike watches football. I like sports. ');
INSERT INTO "lessons" (lesson_id, group_id, subject_id, topic) VALUES (8, 9, 7, 'Mike loves flowers. Rudi loves flowers. ');
INSERT INTO "lessons" (lesson_id, group_id, subject_id, topic) VALUES (9, 15, 6, 'I loves flowers. Mike watches football. ');
INSERT INTO "lessons" (lesson_id, group_id, subject_id, topic) VALUES (10, 14, 8, 'Rudi watches football. I like sports. ');
INSERT INTO "lessons" (lesson_id, group_id, subject_id, topic) VALUES (11, 5, 5, 'Mike watches football. Mike watches football. ');
INSERT INTO "lessons" (lesson_id, group_id, subject_id, topic) VALUES (12, 12, 14, 'I like swimming. Rudi loves flowers. ');
INSERT INTO "lessons" (lesson_id, group_id, subject_id, topic) VALUES (13, 11, 11, 'Rudi watches football. Rudi loves flowers. ');
INSERT INTO "lessons" (lesson_id, group_id, subject_id, topic) VALUES (14, 11, 13, 'Rudi watches football. Mike watches football. ');
INSERT INTO "lessons" (lesson_id, group_id, subject_id, topic) VALUES (15, 19, 15, 'Mike like swimming. Rudi like sports. ');
INSERT INTO "lessons" (lesson_id, group_id, subject_id, topic) VALUES (16, 18, 18, 'Mike like sports. ');
INSERT INTO "lessons" (lesson_id, group_id, subject_id, topic) VALUES (17, 15, 7, 'Mike watches football. Mike loves flowers. ');
INSERT INTO "lessons" (lesson_id, group_id, subject_id, topic) VALUES (18, 18, 15, 'I like sports. Rudi watches football. ');
INSERT INTO "lessons" (lesson_id, group_id, subject_id, topic) VALUES (19, 11, 18, 'Mike watches football. Rudi watches football. ');
INSERT INTO "lessons" (lesson_id, group_id, subject_id, topic) VALUES (20, 10, 8, 'Mike loves flowers. Rudi watches football. ');
INSERT INTO "lessons" (lesson_id, group_id, subject_id, topic) VALUES (21, 3, 8, 'Mike watches football. Mike loves flowers. ');
INSERT INTO "lessons" (lesson_id, group_id, subject_id, topic) VALUES (22, 12, 3, 'Rudi watches football. ');
INSERT INTO "lessons" (lesson_id, group_id, subject_id, topic) VALUES (23, 10, 12, 'Rudi watches football. Rudi like sports. ');
INSERT INTO "lessons" (lesson_id, group_id, subject_id, topic) VALUES (24, 15, 17, 'I loves flowers. Rudi watches football. ');
INSERT INTO "lessons" (lesson_id, group_id, subject_id, topic) VALUES (25, 13, 11, 'Mike watches football. ');
INSERT INTO "lessons" (lesson_id, group_id, subject_id, topic) VALUES (26, 3, 5, 'I loves flowers. Rudi watches football. ');
INSERT INTO "lessons" (lesson_id, group_id, subject_id, topic) VALUES (27, 19, 12, 'Rudi loves flowers. ');
INSERT INTO "lessons" (lesson_id, group_id, subject_id, topic) VALUES (28, 13, 14, 'Mike loves flowers. Rudi like swimming. ');
INSERT INTO "lessons" (lesson_id, group_id, subject_id, topic) VALUES (29, 8, 18, 'Mike watches football. Mike loves flowers. ');
INSERT INTO "lessons" (lesson_id, group_id, subject_id, topic) VALUES (30, 1, 16, 'Rudi like sports. Rudi watches football. ');
INSERT INTO "lessons" (lesson_id, group_id, subject_id, topic) VALUES (31, 14, 13, 'Mike watches football. ');
INSERT INTO "lessons" (lesson_id, group_id, subject_id, topic) VALUES (32, 2, 15, 'Mike watches football. Rudi watches football. ');
INSERT INTO "lessons" (lesson_id, group_id, subject_id, topic) VALUES (33, 11, 10, 'Mike loves flowers. Mike watches football. ');
INSERT INTO "lessons" (lesson_id, group_id, subject_id, topic) VALUES (34, 4, 16, 'Rudi watches football. Rudi loves flowers. ');
INSERT INTO "lessons" (lesson_id, group_id, subject_id, topic) VALUES (35, 5, 8, 'Rudi like sports. Mike watches football. ');
INSERT INTO "lessons" (lesson_id, group_id, subject_id, topic) VALUES (36, 11, 16, 'Mike watches football. I watches football. ');
INSERT INTO "lessons" (lesson_id, group_id, subject_id, topic) VALUES (37, 10, 19, 'Mike like swimming. I watches football. ');
INSERT INTO "lessons" (lesson_id, group_id, subject_id, topic) VALUES (38, 10, 2, 'Rudi watches football. Mike loves flowers. ');
INSERT INTO "lessons" (lesson_id, group_id, subject_id, topic) VALUES (39, 10, 7, 'Rudi loves flowers. Rudi watches football. ');
INSERT INTO "lessons" (lesson_id, group_id, subject_id, topic) VALUES (40, 6, 12, 'Rudi watches football. Mike watches football. ');
INSERT INTO "lessons" (lesson_id, group_id, subject_id, topic) VALUES (41, 5, 12, 'Mike watches football. ');
INSERT INTO "lessons" (lesson_id, group_id, subject_id, topic) VALUES (42, 16, 11, 'Mike like sports. ');
INSERT INTO "lessons" (lesson_id, group_id, subject_id, topic) VALUES (43, 8, 18, 'Mike loves flowers. Mike like sports. ');
INSERT INTO "lessons" (lesson_id, group_id, subject_id, topic) VALUES (44, 4, 18, 'I loves flowers. Mike like sports. ');
INSERT INTO "lessons" (lesson_id, group_id, subject_id, topic) VALUES (45, 12, 15, 'Mike watches football. Rudi watches football. ');
INSERT INTO "lessons" (lesson_id, group_id, subject_id, topic) VALUES (46, 10, 16, 'Rudi watches football. I loves flowers. ');
INSERT INTO "lessons" (lesson_id, group_id, subject_id, topic) VALUES (47, 6, 16, 'Mike loves flowers. Rudi watches football. ');
INSERT INTO "lessons" (lesson_id, group_id, subject_id, topic) VALUES (48, 9, 6, 'Mike watches football. Mike like swimming. ');
INSERT INTO "lessons" (lesson_id, group_id, subject_id, topic) VALUES (49, 18, 17, 'I like sports. Rudi watches football. ');
INSERT INTO "lessons" (lesson_id, group_id, subject_id, topic) VALUES (50, 17, 1, 'Mike watches football. Rudi like swimming. ');
INSERT INTO "lessons" (lesson_id, group_id, subject_id, topic) VALUES (51, 1, 1, 'Temat 1');
INSERT INTO "lessons" (lesson_id, group_id, subject_id, topic) VALUES (52, 1, 2, 'Temat 1');
INSERT INTO "lessons" (lesson_id, group_id, subject_id, topic) VALUES (53, 1, 5, 'Temat 1');
INSERT INTO "lessons" (lesson_id, group_id, subject_id, topic) VALUES (54, 2, 6, 'Temat 4');
INSERT INTO "lessons" (lesson_id, group_id, subject_id, topic) VALUES (55, 2, 9, 'Temat 9');
INSERT INTO "lessons" (lesson_id, group_id, subject_id, topic) VALUES (56, 2, 10, 'Temat 15');
INSERT INTO "lessons" (lesson_id, group_id, subject_id, topic) VALUES (57, 3, 17, 'Temat 7');
INSERT INTO "lessons" (lesson_id, group_id, subject_id, topic) VALUES (58, 4, 19, 'Temat 8');
INSERT INTO "lessons" (lesson_id, group_id, subject_id, topic) VALUES (59, 5, 20, 'Temat 3');

INSERT INTO "grades" (value, weight, student_id, subject_id, teacher_id) VALUES ('2-','3','1','18','22');
INSERT INTO "grades" (value, weight, student_id, subject_id, teacher_id) VALUES ('2','2','8','10','35');
INSERT INTO "grades" (value, weight, student_id, subject_id, teacher_id) VALUES ('1+','2','19','20','3');
INSERT INTO "grades" (value, weight, student_id, subject_id, teacher_id) VALUES ('3+','1','19','10','40');
INSERT INTO "grades" (value, weight, student_id, subject_id, teacher_id) VALUES ('6','1','22','15','29');
INSERT INTO "grades" (value, weight, student_id, subject_id, teacher_id) VALUES ('1+','1','2','11','8');
INSERT INTO "grades" (value, weight, student_id, subject_id, teacher_id) VALUES ('5+','3','25','19','28');
INSERT INTO "grades" (value, weight, student_id, subject_id, teacher_id) VALUES ('2-','1','1','1','7');
INSERT INTO "grades" (value, weight, student_id, subject_id, teacher_id) VALUES ('1+','2','13','3','20');
INSERT INTO "grades" (value, weight, student_id, subject_id, teacher_id) VALUES ('2+','2','27','14','21');
INSERT INTO "grades" (value, weight, student_id, subject_id, teacher_id) VALUES ('5-','3','17','8','37');
INSERT INTO "grades" (value, weight, student_id, subject_id, teacher_id) VALUES ('6','2','17','2','24');
INSERT INTO "grades" (value, weight, student_id, subject_id, teacher_id) VALUES ('1','3','4','9','16');
INSERT INTO "grades" (value, weight, student_id, subject_id, teacher_id) VALUES ('4-','3','26','16','39');
INSERT INTO "grades" (value, weight, student_id, subject_id, teacher_id) VALUES ('4+','3','9','5','40');
INSERT INTO "grades" (value, weight, student_id, subject_id, teacher_id) VALUES ('2','1','6','20','3');
INSERT INTO "grades" (value, weight, student_id, subject_id, teacher_id) VALUES ('1','3','11','3','20');
INSERT INTO "grades" (value, weight, student_id, subject_id, teacher_id) VALUES ('1','2','15','8','18');
INSERT INTO "grades" (value, weight, student_id, subject_id, teacher_id) VALUES ('4-','2','11','6','32');
INSERT INTO "grades" (value, weight, student_id, subject_id, teacher_id) VALUES ('2','1','6','2','15');
INSERT INTO "grades" (value, weight, student_id, subject_id, teacher_id) VALUES ('4','2','3','17','3');
INSERT INTO "grades" (value, weight, student_id, subject_id, teacher_id) VALUES ('6-','3','27','8','18');
INSERT INTO "grades" (value, weight, student_id, subject_id, teacher_id) VALUES ('3+','2','13','17','13');
INSERT INTO "grades" (value, weight, student_id, subject_id, teacher_id) VALUES ('6','3','14','5','40');
INSERT INTO "grades" (value, weight, student_id, subject_id, teacher_id) VALUES ('3','1','19','4','26');
INSERT INTO "grades" (value, weight, student_id, subject_id, teacher_id) VALUES ('1+','3','26','18','45');
INSERT INTO "grades" (value, weight, student_id, subject_id, teacher_id) VALUES ('1','2','21','1','6');
INSERT INTO "grades" (value, weight, student_id, subject_id, teacher_id) VALUES ('6','3','9','15','35');
INSERT INTO "grades" (value, weight, student_id, subject_id, teacher_id) VALUES ('2+','2','29','11','42');
INSERT INTO "grades" (value, weight, student_id, subject_id, teacher_id) VALUES ('2','3','10','18','36');
INSERT INTO "grades" (value, weight, student_id, subject_id, teacher_id) VALUES ('1+','3','7','1','1');
INSERT INTO "grades" (value, weight, student_id, subject_id, teacher_id) VALUES ('1','3','6','5','18');
INSERT INTO "grades" (value, weight, student_id, subject_id, teacher_id) VALUES ('1+','2','5','2','12');
INSERT INTO "grades" (value, weight, student_id, subject_id, teacher_id) VALUES ('5','1','7','14','11');
INSERT INTO "grades" (value, weight, student_id, subject_id, teacher_id) VALUES ('2','3','9','2','12');
INSERT INTO "grades" (value, weight, student_id, subject_id, teacher_id) VALUES ('4+','1','13','9','16');
INSERT INTO "grades" (value, weight, student_id, subject_id, teacher_id) VALUES ('5+','3','7','6','7');
INSERT INTO "grades" (value, weight, student_id, subject_id, teacher_id) VALUES ('2+','3','2','4','7');
INSERT INTO "grades" (value, weight, student_id, subject_id, teacher_id) VALUES ('1+','3','28','18','29');
INSERT INTO "grades" (value, weight, student_id, subject_id, teacher_id) VALUES ('1','1','15','8','37');
INSERT INTO "grades" (value, weight, student_id, subject_id, teacher_id) VALUES ('4','3','27','14','15');
INSERT INTO "grades" (value, weight, student_id, subject_id, teacher_id) VALUES ('2','3','8','5','40');
INSERT INTO "grades" (value, weight, student_id, subject_id, teacher_id) VALUES ('3','2','27','10','10');
INSERT INTO "grades" (value, weight, student_id, subject_id, teacher_id) VALUES ('3+','3','20','15','11');
INSERT INTO "grades" (value, weight, student_id, subject_id, teacher_id) VALUES ('5+','1','2','16','28');
INSERT INTO "grades" (value, weight, student_id, subject_id, teacher_id) VALUES ('6-','2','28','15','15');
INSERT INTO "grades" (value, weight, student_id, subject_id, teacher_id) VALUES ('5','1','22','16','28');
INSERT INTO "grades" (value, weight, student_id, subject_id, teacher_id) VALUES ('5-','3','19','8','8');
INSERT INTO "grades" (value, weight, student_id, subject_id, teacher_id) VALUES ('3+','2','1','16','39');
INSERT INTO "grades" (value, weight, student_id, subject_id, teacher_id) VALUES ('1','1','11','17','3');
INSERT INTO "grades" (value, weight, student_id, subject_id, teacher_id) VALUES ('4','1','4','1','7');
INSERT INTO "grades" (value, weight, student_id, subject_id, teacher_id) VALUES ('1','2','7','7','31');
INSERT INTO "grades" (value, weight, student_id, subject_id, teacher_id) VALUES ('3-','2','18','5','18');
INSERT INTO "grades" (value, weight, student_id, subject_id, teacher_id) VALUES ('2+','2','18','17','17');
INSERT INTO "grades" (value, weight, student_id, subject_id, teacher_id) VALUES ('4','3','19','18','36');
INSERT INTO "grades" (value, weight, student_id, subject_id, teacher_id) VALUES ('4+','3','25','6','32');
INSERT INTO "grades" (value, weight, student_id, subject_id, teacher_id) VALUES ('5','3','23','1','39');
INSERT INTO "grades" (value, weight, student_id, subject_id, teacher_id) VALUES ('3+','2','28','10','40');
INSERT INTO "grades" (value, weight, student_id, subject_id, teacher_id) VALUES ('5+','3','1','9','36');
INSERT INTO "grades" (value, weight, student_id, subject_id, teacher_id) VALUES ('5+','3','29','4','7');
INSERT INTO "grades" (value, weight, student_id, subject_id, teacher_id) VALUES ('4+','2','11','14','2');
INSERT INTO "grades" (value, weight, student_id, subject_id, teacher_id) VALUES ('3+','1','3','1','12');
INSERT INTO "grades" (value, weight, student_id, subject_id, teacher_id) VALUES ('5-','1','3','4','5');
INSERT INTO "grades" (value, weight, student_id, subject_id, teacher_id) VALUES ('5-','2','20','4','17');
INSERT INTO "grades" (value, weight, student_id, subject_id, teacher_id) VALUES ('5+','3','28','18','36');
INSERT INTO "grades" (value, weight, student_id, subject_id, teacher_id) VALUES ('2-','3','1','14','15');
INSERT INTO "grades" (value, weight, student_id, subject_id, teacher_id) VALUES ('1','1','2','13','28');
INSERT INTO "grades" (value, weight, student_id, subject_id, teacher_id) VALUES ('2+','2','7','2','12');
INSERT INTO "grades" (value, weight, student_id, subject_id, teacher_id) VALUES ('1+','2','22','8','16');
INSERT INTO "grades" (value, weight, student_id, subject_id, teacher_id) VALUES ('2+','2','24','18','29');
INSERT INTO "grades" (value, weight, student_id, subject_id, teacher_id) VALUES ('4','1','8','13','28');
INSERT INTO "grades" (value, weight, student_id, subject_id, teacher_id) VALUES ('5+','2','8','1','7');
INSERT INTO "grades" (value, weight, student_id, subject_id, teacher_id) VALUES ('6-','1','15','11','8');
INSERT INTO "grades" (value, weight, student_id, subject_id, teacher_id) VALUES ('2-','1','19','5','38');
INSERT INTO "grades" (value, weight, student_id, subject_id, teacher_id) VALUES ('2+','2','15','10','40');
INSERT INTO "grades" (value, weight, student_id, subject_id, teacher_id) VALUES ('1+','2','14','18','29');
INSERT INTO "grades" (value, weight, student_id, subject_id, teacher_id) VALUES ('1','2','12','14','21');
INSERT INTO "grades" (value, weight, student_id, subject_id, teacher_id) VALUES ('3','2','11','4','17');
INSERT INTO "grades" (value, weight, student_id, subject_id, teacher_id) VALUES ('3','3','10','11','19');
INSERT INTO "grades" (value, weight, student_id, subject_id, teacher_id) VALUES ('3+','3','6','17','3');
INSERT INTO "grades" (value, weight, student_id, subject_id, teacher_id) VALUES ('4+','1','10','1','12');
INSERT INTO "grades" (value, weight, student_id, subject_id, teacher_id) VALUES ('2+','2','1','8','8');
INSERT INTO "grades" (value, weight, student_id, subject_id, teacher_id) VALUES ('2','2','17','18','29');
INSERT INTO "grades" (value, weight, student_id, subject_id, teacher_id) VALUES ('1+','3','21','1','7');
INSERT INTO "grades" (value, weight, student_id, subject_id, teacher_id) VALUES ('6','1','22','4','17');
INSERT INTO "grades" (value, weight, student_id, subject_id, teacher_id) VALUES ('6','1','26','15','11');
INSERT INTO "grades" (value, weight, student_id, subject_id, teacher_id) VALUES ('4-','3','2','5','18');
INSERT INTO "grades" (value, weight, student_id, subject_id, teacher_id) VALUES ('2-','2','1','13','15');
INSERT INTO "grades" (value, weight, student_id, subject_id, teacher_id) VALUES ('4-','2','22','15','11');
INSERT INTO "grades" (value, weight, student_id, subject_id, teacher_id) VALUES ('2-','1','9','15','35');
INSERT INTO "grades" (value, weight, student_id, subject_id, teacher_id) VALUES ('5+','2','20','18','29');
INSERT INTO "grades" (value, weight, student_id, subject_id, teacher_id) VALUES ('2','1','14','19','28');
INSERT INTO "grades" (value, weight, student_id, subject_id, teacher_id) VALUES ('2+','3','18','18','14');
INSERT INTO "grades" (value, weight, student_id, subject_id, teacher_id) VALUES ('4+','1','7','12','35');
INSERT INTO "grades" (value, weight, student_id, subject_id, teacher_id) VALUES ('3-','3','9','14','11');
INSERT INTO "grades" (value, weight, student_id, subject_id, teacher_id) VALUES ('6-','1','24','20','3');
INSERT INTO "grades" (value, weight, student_id, subject_id, teacher_id) VALUES ('4+','1','23','1','6');
INSERT INTO "grades" (value, weight, student_id, subject_id, teacher_id) VALUES ('3-','1','7','4','5');
INSERT INTO "grades" (value, weight, student_id, subject_id, teacher_id) VALUES ('6-','2','14','2','12');
INSERT INTO "grades" (value, weight, student_id, subject_id, teacher_id) VALUES ('3','2','15','4','7');
INSERT INTO "grades" (value, weight, student_id, subject_id, teacher_id) VALUES ('3-','3','30','8','18');
INSERT INTO "grades" (value, weight, student_id, subject_id, teacher_id) VALUES ('2+','3','5','14','11');
INSERT INTO "grades" (value, weight, student_id, subject_id, teacher_id) VALUES ('5+','1','16','9','36');
INSERT INTO "grades" (value, weight, student_id, subject_id, teacher_id) VALUES ('3','1','6','6','7');
INSERT INTO "grades" (value, weight, student_id, subject_id, teacher_id) VALUES ('5+','1','8','5','38');
INSERT INTO "grades" (value, weight, student_id, subject_id, teacher_id) VALUES ('4+','1','14','2','15');
INSERT INTO "grades" (value, weight, student_id, subject_id, teacher_id) VALUES ('5','2','26','12','9');
INSERT INTO "grades" (value, weight, student_id, subject_id, teacher_id) VALUES ('2+','1','13','14','15');
INSERT INTO "grades" (value, weight, student_id, subject_id, teacher_id) VALUES ('3+','2','11','16','39');
INSERT INTO "grades" (value, weight, student_id, subject_id, teacher_id) VALUES ('5','2','30','10','35');
INSERT INTO "grades" (value, weight, student_id, subject_id, teacher_id) VALUES ('1+','1','20','14','11');
INSERT INTO "grades" (value, weight, student_id, subject_id, teacher_id) VALUES ('2','1','11','16','39');
INSERT INTO "grades" (value, weight, student_id, subject_id, teacher_id) VALUES ('1','1','25','1','7');
INSERT INTO "grades" (value, weight, student_id, subject_id, teacher_id) VALUES ('5+','2','18','13','28');
INSERT INTO "grades" (value, weight, student_id, subject_id, teacher_id) VALUES ('4-','2','15','16','39');
INSERT INTO "grades" (value, weight, student_id, subject_id, teacher_id) VALUES ('3+','3','18','8','8');
INSERT INTO "grades" (value, weight, student_id, subject_id, teacher_id) VALUES ('3+','2','22','17','17');
INSERT INTO "grades" (value, weight, student_id, subject_id, teacher_id) VALUES ('3','1','8','19','14');
INSERT INTO "grades" (value, weight, student_id, subject_id, teacher_id) VALUES ('6-','1','26','3','20');
INSERT INTO "grades" (value, weight, student_id, subject_id, teacher_id) VALUES ('6','1','7','11','8');

INSERT INTO "teachers_groups_subjects" (teacher_id, subject_id, group_id) VALUES ('12','2','1');
INSERT INTO "teachers_groups_subjects" (teacher_id, subject_id, group_id) VALUES ('20','3','1');
INSERT INTO "teachers_groups_subjects" (teacher_id, subject_id, group_id) VALUES ('8','8','1');
INSERT INTO "teachers_groups_subjects" (teacher_id, subject_id, group_id) VALUES ('13','9','1');
INSERT INTO "teachers_groups_subjects" (teacher_id, subject_id, group_id) VALUES ('10','10','1');
INSERT INTO "teachers_groups_subjects" (teacher_id, subject_id, group_id) VALUES ('1','13','1');
INSERT INTO "teachers_groups_subjects" (teacher_id, subject_id, group_id) VALUES ('15','14','1');
INSERT INTO "teachers_groups_subjects" (teacher_id, subject_id, group_id) VALUES ('36','18','1');
INSERT INTO "teachers_groups_subjects" (teacher_id, subject_id, group_id) VALUES ('6','1','2');
INSERT INTO "teachers_groups_subjects" (teacher_id, subject_id, group_id) VALUES ('7','4','2');
INSERT INTO "teachers_groups_subjects" (teacher_id, subject_id, group_id) VALUES ('7','6','2');
INSERT INTO "teachers_groups_subjects" (teacher_id, subject_id, group_id) VALUES ('16','8','2');
INSERT INTO "teachers_groups_subjects" (teacher_id, subject_id, group_id) VALUES ('40','10','2');
INSERT INTO "teachers_groups_subjects" (teacher_id, subject_id, group_id) VALUES ('11','14','2');
INSERT INTO "teachers_groups_subjects" (teacher_id, subject_id, group_id) VALUES ('28','16','2');
INSERT INTO "teachers_groups_subjects" (teacher_id, subject_id, group_id) VALUES ('22','18','2');
INSERT INTO "teachers_groups_subjects" (teacher_id, subject_id, group_id) VALUES ('1','1','3');
INSERT INTO "teachers_groups_subjects" (teacher_id, subject_id, group_id) VALUES ('7','6','3');
INSERT INTO "teachers_groups_subjects" (teacher_id, subject_id, group_id) VALUES ('19','11','3');
INSERT INTO "teachers_groups_subjects" (teacher_id, subject_id, group_id) VALUES ('2','14','3');
INSERT INTO "teachers_groups_subjects" (teacher_id, subject_id, group_id) VALUES ('15','15','3');
INSERT INTO "teachers_groups_subjects" (teacher_id, subject_id, group_id) VALUES ('17','17','3');
INSERT INTO "teachers_groups_subjects" (teacher_id, subject_id, group_id) VALUES ('22','18','3');
INSERT INTO "teachers_groups_subjects" (teacher_id, subject_id, group_id) VALUES ('3','20','3');
INSERT INTO "teachers_groups_subjects" (teacher_id, subject_id, group_id) VALUES ('6','1','4');
INSERT INTO "teachers_groups_subjects" (teacher_id, subject_id, group_id) VALUES ('38','5','4');
INSERT INTO "teachers_groups_subjects" (teacher_id, subject_id, group_id) VALUES ('36','9','4');
INSERT INTO "teachers_groups_subjects" (teacher_id, subject_id, group_id) VALUES ('28','13','4');
INSERT INTO "teachers_groups_subjects" (teacher_id, subject_id, group_id) VALUES ('11','14','4');
INSERT INTO "teachers_groups_subjects" (teacher_id, subject_id, group_id) VALUES ('25','15','4');
INSERT INTO "teachers_groups_subjects" (teacher_id, subject_id, group_id) VALUES ('45','18','4');
INSERT INTO "teachers_groups_subjects" (teacher_id, subject_id, group_id) VALUES ('28','19','4');
INSERT INTO "teachers_groups_subjects" (teacher_id, subject_id, group_id) VALUES ('12','1','5');
INSERT INTO "teachers_groups_subjects" (teacher_id, subject_id, group_id) VALUES ('36','4','5');
INSERT INTO "teachers_groups_subjects" (teacher_id, subject_id, group_id) VALUES ('19','5','5');
INSERT INTO "teachers_groups_subjects" (teacher_id, subject_id, group_id) VALUES ('7','6','5');
INSERT INTO "teachers_groups_subjects" (teacher_id, subject_id, group_id) VALUES ('11','15','5');
INSERT INTO "teachers_groups_subjects" (teacher_id, subject_id, group_id) VALUES ('7','16','5');
INSERT INTO "teachers_groups_subjects" (teacher_id, subject_id, group_id) VALUES ('3','17','5');
INSERT INTO "teachers_groups_subjects" (teacher_id, subject_id, group_id) VALUES ('45','18','5');
INSERT INTO "teachers_groups_subjects" (teacher_id, subject_id, group_id) VALUES ('12','1','6');
INSERT INTO "teachers_groups_subjects" (teacher_id, subject_id, group_id) VALUES ('26','4','6');
INSERT INTO "teachers_groups_subjects" (teacher_id, subject_id, group_id) VALUES ('16','8','6');
INSERT INTO "teachers_groups_subjects" (teacher_id, subject_id, group_id) VALUES ('10','10','6');
INSERT INTO "teachers_groups_subjects" (teacher_id, subject_id, group_id) VALUES ('42','11','6');
INSERT INTO "teachers_groups_subjects" (teacher_id, subject_id, group_id) VALUES ('15','13','6');
INSERT INTO "teachers_groups_subjects" (teacher_id, subject_id, group_id) VALUES ('13','17','6');
INSERT INTO "teachers_groups_subjects" (teacher_id, subject_id, group_id) VALUES ('29','18','6');
INSERT INTO "teachers_groups_subjects" (teacher_id, subject_id, group_id) VALUES ('7','1','7');
INSERT INTO "teachers_groups_subjects" (teacher_id, subject_id, group_id) VALUES ('42','3','7');
INSERT INTO "teachers_groups_subjects" (teacher_id, subject_id, group_id) VALUES ('38','5','7');
INSERT INTO "teachers_groups_subjects" (teacher_id, subject_id, group_id) VALUES ('43','8','7');
INSERT INTO "teachers_groups_subjects" (teacher_id, subject_id, group_id) VALUES ('8','11','7');
INSERT INTO "teachers_groups_subjects" (teacher_id, subject_id, group_id) VALUES ('15','15','7');
INSERT INTO "teachers_groups_subjects" (teacher_id, subject_id, group_id) VALUES ('3','17','7');
INSERT INTO "teachers_groups_subjects" (teacher_id, subject_id, group_id) VALUES ('14','18','7');
INSERT INTO "teachers_groups_subjects" (teacher_id, subject_id, group_id) VALUES ('24','2','8');
INSERT INTO "teachers_groups_subjects" (teacher_id, subject_id, group_id) VALUES ('18','5','8');
INSERT INTO "teachers_groups_subjects" (teacher_id, subject_id, group_id) VALUES ('10','10','8');
INSERT INTO "teachers_groups_subjects" (teacher_id, subject_id, group_id) VALUES ('19','11','8');
INSERT INTO "teachers_groups_subjects" (teacher_id, subject_id, group_id) VALUES ('9','12','8');
INSERT INTO "teachers_groups_subjects" (teacher_id, subject_id, group_id) VALUES ('1','13','8');
INSERT INTO "teachers_groups_subjects" (teacher_id, subject_id, group_id) VALUES ('7','16','8');
INSERT INTO "teachers_groups_subjects" (teacher_id, subject_id, group_id) VALUES ('14','18','8');
INSERT INTO "teachers_groups_subjects" (teacher_id, subject_id, group_id) VALUES ('20','1','9');
INSERT INTO "teachers_groups_subjects" (teacher_id, subject_id, group_id) VALUES ('12','2','9');
INSERT INTO "teachers_groups_subjects" (teacher_id, subject_id, group_id) VALUES ('42','3','9');
INSERT INTO "teachers_groups_subjects" (teacher_id, subject_id, group_id) VALUES ('19','5','9');
INSERT INTO "teachers_groups_subjects" (teacher_id, subject_id, group_id) VALUES ('31','7','9');
INSERT INTO "teachers_groups_subjects" (teacher_id, subject_id, group_id) VALUES ('18','8','9');
INSERT INTO "teachers_groups_subjects" (teacher_id, subject_id, group_id) VALUES ('13','9','9');
INSERT INTO "teachers_groups_subjects" (teacher_id, subject_id, group_id) VALUES ('9','12','9');
INSERT INTO "teachers_groups_subjects" (teacher_id, subject_id, group_id) VALUES ('6','1','10');
INSERT INTO "teachers_groups_subjects" (teacher_id, subject_id, group_id) VALUES ('38','5','10');
INSERT INTO "teachers_groups_subjects" (teacher_id, subject_id, group_id) VALUES ('31','7','10');
INSERT INTO "teachers_groups_subjects" (teacher_id, subject_id, group_id) VALUES ('13','9','10');
INSERT INTO "teachers_groups_subjects" (teacher_id, subject_id, group_id) VALUES ('40','10','10');
INSERT INTO "teachers_groups_subjects" (teacher_id, subject_id, group_id) VALUES ('19','11','10');
INSERT INTO "teachers_groups_subjects" (teacher_id, subject_id, group_id) VALUES ('15','15','10');
INSERT INTO "teachers_groups_subjects" (teacher_id, subject_id, group_id) VALUES ('36','18','10');
INSERT INTO "teachers_groups_subjects" (teacher_id, subject_id, group_id) VALUES ('38','5','11');
INSERT INTO "teachers_groups_subjects" (teacher_id, subject_id, group_id) VALUES ('41','11','11');
INSERT INTO "teachers_groups_subjects" (teacher_id, subject_id, group_id) VALUES ('9','12','11');
INSERT INTO "teachers_groups_subjects" (teacher_id, subject_id, group_id) VALUES ('1','13','11');
INSERT INTO "teachers_groups_subjects" (teacher_id, subject_id, group_id) VALUES ('35','15','11');
INSERT INTO "teachers_groups_subjects" (teacher_id, subject_id, group_id) VALUES ('7','16','11');
INSERT INTO "teachers_groups_subjects" (teacher_id, subject_id, group_id) VALUES ('14','18','11');
INSERT INTO "teachers_groups_subjects" (teacher_id, subject_id, group_id) VALUES ('28','19','11');
INSERT INTO "teachers_groups_subjects" (teacher_id, subject_id, group_id) VALUES ('1','1','12');
INSERT INTO "teachers_groups_subjects" (teacher_id, subject_id, group_id) VALUES ('7','4','12');
INSERT INTO "teachers_groups_subjects" (teacher_id, subject_id, group_id) VALUES ('33','5','12');
INSERT INTO "teachers_groups_subjects" (teacher_id, subject_id, group_id) VALUES ('32','6','12');
INSERT INTO "teachers_groups_subjects" (teacher_id, subject_id, group_id) VALUES ('37','7','12');
INSERT INTO "teachers_groups_subjects" (teacher_id, subject_id, group_id) VALUES ('19','11','12');
INSERT INTO "teachers_groups_subjects" (teacher_id, subject_id, group_id) VALUES ('15','14','12');
INSERT INTO "teachers_groups_subjects" (teacher_id, subject_id, group_id) VALUES ('3','20','12');
INSERT INTO "teachers_groups_subjects" (teacher_id, subject_id, group_id) VALUES ('39','1','13');
INSERT INTO "teachers_groups_subjects" (teacher_id, subject_id, group_id) VALUES ('5','4','13');
INSERT INTO "teachers_groups_subjects" (teacher_id, subject_id, group_id) VALUES ('16','8','13');
INSERT INTO "teachers_groups_subjects" (teacher_id, subject_id, group_id) VALUES ('41','11','13');
INSERT INTO "teachers_groups_subjects" (teacher_id, subject_id, group_id) VALUES ('35','12','13');
INSERT INTO "teachers_groups_subjects" (teacher_id, subject_id, group_id) VALUES ('21','14','13');
INSERT INTO "teachers_groups_subjects" (teacher_id, subject_id, group_id) VALUES ('11','15','13');
INSERT INTO "teachers_groups_subjects" (teacher_id, subject_id, group_id) VALUES ('13','17','13');
INSERT INTO "teachers_groups_subjects" (teacher_id, subject_id, group_id) VALUES ('7','1','14');
INSERT INTO "teachers_groups_subjects" (teacher_id, subject_id, group_id) VALUES ('40','3','14');
INSERT INTO "teachers_groups_subjects" (teacher_id, subject_id, group_id) VALUES ('33','5','14');
INSERT INTO "teachers_groups_subjects" (teacher_id, subject_id, group_id) VALUES ('36','9','14');
INSERT INTO "teachers_groups_subjects" (teacher_id, subject_id, group_id) VALUES ('2','14','14');
INSERT INTO "teachers_groups_subjects" (teacher_id, subject_id, group_id) VALUES ('15','15','14');
INSERT INTO "teachers_groups_subjects" (teacher_id, subject_id, group_id) VALUES ('14','18','14');
INSERT INTO "teachers_groups_subjects" (teacher_id, subject_id, group_id) VALUES ('3','20','14');
INSERT INTO "teachers_groups_subjects" (teacher_id, subject_id, group_id) VALUES ('7','1','15');
INSERT INTO "teachers_groups_subjects" (teacher_id, subject_id, group_id) VALUES ('24','2','15');
INSERT INTO "teachers_groups_subjects" (teacher_id, subject_id, group_id) VALUES ('17','4','15');
INSERT INTO "teachers_groups_subjects" (teacher_id, subject_id, group_id) VALUES ('40','5','15');
INSERT INTO "teachers_groups_subjects" (teacher_id, subject_id, group_id) VALUES ('38','14','15');
INSERT INTO "teachers_groups_subjects" (teacher_id, subject_id, group_id) VALUES ('28','16','15');
INSERT INTO "teachers_groups_subjects" (teacher_id, subject_id, group_id) VALUES ('13','17','15');
INSERT INTO "teachers_groups_subjects" (teacher_id, subject_id, group_id) VALUES ('14','19','15');
INSERT INTO "teachers_groups_subjects" (teacher_id, subject_id, group_id) VALUES ('1','1','16');
INSERT INTO "teachers_groups_subjects" (teacher_id, subject_id, group_id) VALUES ('17','4','16');
INSERT INTO "teachers_groups_subjects" (teacher_id, subject_id, group_id) VALUES ('19','5','16');
INSERT INTO "teachers_groups_subjects" (teacher_id, subject_id, group_id) VALUES ('13','9','16');
INSERT INTO "teachers_groups_subjects" (teacher_id, subject_id, group_id) VALUES ('41','11','16');
INSERT INTO "teachers_groups_subjects" (teacher_id, subject_id, group_id) VALUES ('28','13','16');
INSERT INTO "teachers_groups_subjects" (teacher_id, subject_id, group_id) VALUES ('2','14','16');
INSERT INTO "teachers_groups_subjects" (teacher_id, subject_id, group_id) VALUES ('11','15','16');
INSERT INTO "teachers_groups_subjects" (teacher_id, subject_id, group_id) VALUES ('12','1','17');
INSERT INTO "teachers_groups_subjects" (teacher_id, subject_id, group_id) VALUES ('37','7','17');
INSERT INTO "teachers_groups_subjects" (teacher_id, subject_id, group_id) VALUES ('37','8','17');
INSERT INTO "teachers_groups_subjects" (teacher_id, subject_id, group_id) VALUES ('16','9','17');
INSERT INTO "teachers_groups_subjects" (teacher_id, subject_id, group_id) VALUES ('42','11','17');
INSERT INTO "teachers_groups_subjects" (teacher_id, subject_id, group_id) VALUES ('28','16','17');
INSERT INTO "teachers_groups_subjects" (teacher_id, subject_id, group_id) VALUES ('13','17','17');
INSERT INTO "teachers_groups_subjects" (teacher_id, subject_id, group_id) VALUES ('14','19','17');
INSERT INTO "teachers_groups_subjects" (teacher_id, subject_id, group_id) VALUES ('12','1','18');
INSERT INTO "teachers_groups_subjects" (teacher_id, subject_id, group_id) VALUES ('24','2','18');
INSERT INTO "teachers_groups_subjects" (teacher_id, subject_id, group_id) VALUES ('5','4','18');
INSERT INTO "teachers_groups_subjects" (teacher_id, subject_id, group_id) VALUES ('31','7','18');
INSERT INTO "teachers_groups_subjects" (teacher_id, subject_id, group_id) VALUES ('16','8','18');
INSERT INTO "teachers_groups_subjects" (teacher_id, subject_id, group_id) VALUES ('11','15','18');
INSERT INTO "teachers_groups_subjects" (teacher_id, subject_id, group_id) VALUES ('28','16','18');
INSERT INTO "teachers_groups_subjects" (teacher_id, subject_id, group_id) VALUES ('14','18','18');
INSERT INTO "teachers_groups_subjects" (teacher_id, subject_id, group_id) VALUES ('7','1','19');
INSERT INTO "teachers_groups_subjects" (teacher_id, subject_id, group_id) VALUES ('20','3','19');
INSERT INTO "teachers_groups_subjects" (teacher_id, subject_id, group_id) VALUES ('5','4','19');
INSERT INTO "teachers_groups_subjects" (teacher_id, subject_id, group_id) VALUES ('7','6','19');
INSERT INTO "teachers_groups_subjects" (teacher_id, subject_id, group_id) VALUES ('18','8','19');
INSERT INTO "teachers_groups_subjects" (teacher_id, subject_id, group_id) VALUES ('35','10','19');
INSERT INTO "teachers_groups_subjects" (teacher_id, subject_id, group_id) VALUES ('19','11','19');
INSERT INTO "teachers_groups_subjects" (teacher_id, subject_id, group_id) VALUES ('28','16','19');
INSERT INTO "teachers_groups_subjects" (teacher_id, subject_id, group_id) VALUES ('7','1','20');
INSERT INTO "teachers_groups_subjects" (teacher_id, subject_id, group_id) VALUES ('42','3','20');
INSERT INTO "teachers_groups_subjects" (teacher_id, subject_id, group_id) VALUES ('17','4','20');
INSERT INTO "teachers_groups_subjects" (teacher_id, subject_id, group_id) VALUES ('43','8','20');
INSERT INTO "teachers_groups_subjects" (teacher_id, subject_id, group_id) VALUES ('10','10','20');
INSERT INTO "teachers_groups_subjects" (teacher_id, subject_id, group_id) VALUES ('8','11','20');
INSERT INTO "teachers_groups_subjects" (teacher_id, subject_id, group_id) VALUES ('15','13','20');
INSERT INTO "teachers_groups_subjects" (teacher_id, subject_id, group_id) VALUES ('11','15','20');