INSERT INTO subjects VALUES
(1,'matematyka'),
(2,'łacina'),
(3,'geografia'),
(4,'język angielski'),
(5,'język niemiecki'),
(6,'wf'),
(7,'język polski'),
(8,'edukacja dla bezpieczeństwa'),
(9,'język rosyjski'),
(10,'chemia'),
(11,'przedsiębiorczość'),
(12,'historia'),
(13,'historia i społeczeństwo'),
(14,'biologia'),
(15,'fizyka'),
(16,'język hiszpański'),
(17,'przyroda'),
(18,'informatyka'),
(19,'religia'),
(20,'język francuski'),
(21,'kultura'),
(22,'wos'),
(23,'programowanie'),
(24,'ekonomia w praktyce');

INSERT INTO slots(slot,start_time) VALUES(1,'8:00'), (2,'8:50'), (3,'9:40'), (4,'10:30'), (5,'11:25'),(6,'12:25'),(7,'13:10'),(8,'14:00'),(9,'14:50');

INSERT INTO teachers (PESEL, name, surname, street, city, postalCode, email, phone, password) VALUES
('00232718892','Jan','Rybson','Peabody','11 Proctor Circle','01960','Alysson_Adams@carroll.info','448512982','$2a$10$aFjGWP27SUhm426FqAm8xuIFuKysa9uUo2X.2kBaRKmoW6T9Kk3P2'),
('00233161224','Milena','Ważniak','Nashville','1123 Ardee Avenue','37216','Anahi_Treutel@triston.us','765221251','$2a$10$RnTVz151qmN2zCQneMsUG.fmVre/cVoyLYgcP5ueBxvGQ8Cx2Vu2W'),
('44092782976','Tadeusz','Łabędź','Nashville','1124 Bluewillow Court','37013','Antonina_Grady@maybelle.ca','125823879','$2a$10$g06wFoxlJtlKFV1QPv0jbOyRkie8YS1ZqIBIa1aCMODVyAL/RofrG'),
('46020462268','Małgorzata','Baran','Louisville','1216 West Hill Street','40210','Bette@arden.io','771929965','$2a$10$uoxV0UeZDO7qlwwVw.CvDeFDaQjs/AZGG8cZc7e1dBXar5PIV3/Gm'),
('46120143494','Andrew','Bucket','Deale','1223 Delaware Avenue','20733','Blaise.Beer@twila.info','225778316','$2a$10$0jTCe8DU0oIMOZJDOLczGeazflqgEwpHKVTZG48NqOiIAiq0L.nwm'),
('47103156515','Feliks','Chwast','Panama City','1515 Chandlee Avenue','32405','Brandyn@yolanda.co.uk','444693739','$2a$10$HwRwPn8l.6.9fPiJySHxruvO8sy1oQBIiqErNEnK4W5hdONDKSY0W'),
('47111527174','Agnieszka','Czajnik','Louisville','1612 Beech Street','40211','Branson@stefanie.biz','519574359','$2a$10$9xNTjCzXISax7ogUPyCVhugA3q3Cyg3rpqTBSiPOwCA24GSh1p6sK'),
('48012836927','Grzegorz','Dziupla','Lowell','1623 Mines Road','05847','Cullen_Kuvalis@lavinia.info','971526196','$2a$10$j04qf3yHWOWi1rgg2WGu5.fp4XcIrIV7yARY4Jwad3IsyaIzWLU7S'),
('49010336518','Agata','Furman','Alburgh','172 Alburg Springs Road','05440','Daisha@willa.co.uk','237633943','$2a$10$zGgz4q03QmX75LdoL6axPOv19erXUtH6eHL.Si4mCwSBOl82jkhYS'),
('49040819131','Maria','Gawron','Anchorage','1810 Orchard Place','99502','Donna.Flatley@mozelle.info','398462945','$2a$10$BQGFjuqdE6bTq4H5QXnfMujibEiqQaXNTpxzcVLz1Nu5wtnUnSARq'),
('50121395866','Małgorzata','Gniadek','Glendale','18330 North 79th Avenue','85308','Emely@brando.ca','943285699','$2a$10$.R4UAauxdZ9VCcdXHnzNIOBaI8Am/ucH6W3/kSlC9QuIBj/BISrmC'),
('51020826484','Krzysztow','Galon','Montgomery','2036 Gorgas Street','36106','Evan.Abbott@kiana.ca','719822943','$2a$10$q/IebfkZAyvANOwoLxeSPuaygIMvOOPTbOeWpHP7BYYVIGrO578qK'),
('53051362995','Monika','Horn','Crofton','2068 Happy Lane','21114','Evert.Schultz@verona.net','486926256','$2a$10$eeQJUUJoLtlHfRJWwknPG.OSldt2CtJ9DeaIzIQgXf2Q5Qr1UmW2O'),
('53121659648','Błażej','Janusz','Brighton','218 Middle Street','05846','Felicia@dave.tv','787539473','$2a$10$i3J7MBiQCxo/eMPWcC5UPuq5jNkenKeovt4/y/B8RZgGOSPYCYanq'),
('55031825719','Łukasz','Jemioła','Anchorage','22649 McManus Drive','99567','Gianni@cali.com','518642681','$2a$10$nlKYfqfPSaU57AGGtLrs7OkJ5zu39kA1F7XhPLkFZrY3ANniabjWC'),
('57072476615','Dominika','Jurand','Hayward','236 Alden Road','94541','Gladyce@zackery.us','774774893','$2a$10$HT5cgGFZYq8N8JfNyTVHtuOq68F/cFCA6zgT4fQS5ed74LTd2fQ/K'),
('58032061353','Alicja','Jaśko','Louisville','2406 Brighton Drive','40205','Hyman_Olson@roxane.org','431849988','$2a$10$nJt6XJkX/bX9x2fXExUPcOBtly3fwn6G4JUGDXzBJK7t84yhmGa9O'),
('58051082568','Bożena','Kajman','Anchorage','249 Yellow Leaf Circle','99504','Jalon@caroline.info','628943649','$2a$10$qzSCKPh4sjgFhPn/ujOtyOuo2x8hyNrj6LRZBkbW3fZfnpePx2sqW'),
('60042585383','Jan','Kobyła','Montgomery','2543 The Meadows','36116','Jessy_Hessel@demario.name','739193456','$2a$10$/QMnrEiGIu3QToZH4q/lROKR/Ojf2gF7GpjwNc97NsPTu4S/c/ZTK'),
('62021768899','Krzysztof','Kocioł','Louisville','2728 Hale Avenue','40211','Karina.Hills@hugh.biz','546247345','$2a$10$17MTagskqP4Nx9U8Acpz5.VKUUBRwxRmXAXTqQUeYsKpL6MmCDL2e'),
('62022126342','Marzena','Kocioł','Oakland','2747 68th Avenue','94605','Karli_Anderson@merl.io','275132377','$2a$10$nhRMyW.274F/HHb2D4ew9.2YTRoks2bqpw7jMxzLu6i/yp7qn1332'),
('64062198459','Agata','Kobol','Fayetteville','33 South Hill Avenue','72701','Lavina@annabelle.info','322498462','$2a$10$MeDbQeqMweyt4SCyEavuBOjzCpuCafaruoKOmmhkmuk3ifvp8CUSO'),
('64070267244','Maria','Trybunał','Pleasanton','3538 Mendenhall Court','94588','Liliana@nelle.info','884916494','$2a$10$qbAdOqOEiAlRMNkpPqZ/GuHX5KBRwtpna/HON4juVCjw.bCSG8LdC'),
('65021576361','Jowita','Babińska','Anchorage','3555 Alamosa Drive','99502','Lilyan.Stiedemann@soledad.ca','415879655','$2a$10$Nkh90pJa/PiZyE/3W7myHOD/Uos2qK.4bwYOqOd8iDKCP6PZSimsi'),
('66011952655','Ann','Ladder','Edgewater','3579 2nd Avenue','21037','Marlen_Nolan@toney.me','154473815','$2a$10$3s1PQwGVXGg6p5WUOHSANeRHlv1vQELoXmdRrDbTx9O8zDOyVky7O'),
('66040578967','Adama','Laskova','Washington','3811 W Street Southeast','20020','Michael@addison.co.uk','861255679','$2a$10$TANCg5FYjDE7M/ToVA0D4e.a9JZDr4Nni0I0fzeGsN/84HSjKF2gO'),
('70102547138','Dorota','Las','Fremont','38676 Greenwich Circle','94536','Morris_Gorczany@lindsey.me','991419468','$2a$10$V.rAx5eFnNyAi1UVKLCsduSs8jvcUMW7ljYPwgKe0m1lvZZjis8Pe'),
('72021373522','Marianna','Łobuz','Oklahoma City','4132 Northwest 57th Street','73112','Olaf@giovanni.ca','566781376','$2a$10$1emyEZDJBt06r/qYJnBgmet.LflBFxWfA/Lw5HFpnHJJykmbX7ula'),
('73081675863','Justyna','Moś','Panama City Beach','415 Lullwater Drive','32413','Pete_Carroll@leland.name','412885493','$2a$10$CeRd7RkYwlRSwx4Y5hYJi.IN.m6XRSPUvcVgqHgYCRT9bN6vMUY8G'),
('74060767124','Monika','Mikos','Fayetteville','4600 East Huntsville Road','72701','Roslyn@derrick.org','355726853','$2a$10$NNmV.u13q.YKjPqByLw9HeKZ5OKFBcM.64707BpA7AvG7HJaZso96'),
('77020267638','Bronisława','Maź','Rutland','5 Meadow Lane','05701','Sadye@niko.biz','868873237','$2a$10$yhnmUvYJEK4QMkvBC7S8VeqaqjtcCbZdgRihl8LnFlAnUxmAlM/x6'),
('73080881263','Dorota','Morris','New York','1546 Deans Lane','10570','morris@quitelongemaildomaincomcomcomcom.com','265456322','$2a$10$Wrui8WC4/Kox/Xwqpf/JkeBsxCS9TozAflyufv1dXoXohjAbG8HHK'),
('77102187797','Eleonora','Nowak','Glendale','5615 West Villa Maria Drive','85308','Sandrine_Von@elyse.org','532627886','$2a$10$WPdnsW1mdLOHc9ZcxedOF.NKbjRU/QHMWLoBG1juyOrKZchHxhKLa'),
('81061563178','Elżbieta','Nikiel','Arvada','5688 Johnson Court','80002','Selmer@nickolas.io','649441726','$2a$10$JIlI6pMO225uuTEthklFguFjeiM7JVumiVoY5juB8h1ng9VLI/10G'),
('81071424195','John','Panhter','Lynnfield','570 Broadway','01940','Steve.Cummerata@aubree.org','546559212','$2a$10$597cXosKxzSDfrCD5Pwn3.wZndaqHqsm8LxQ767H1x3Jc4PURQlsi'),
('83010681223','Julia','Partyk','Nashville','6080 Frontier Lane','37211','Syble.Adams@kevin.tv','834147356','$2a$10$4nnjp/swltBi8.a1MDK3pO98R2T7aObiGMICIErQPpNf/.e.HB1rC'),
('84071528241','Lidia','Plebania','Anchorage','632 North Pine Street','99508','Terence_Kling@lera.co.uk','189748753','$2a$10$1wGDUg68Wx5jmJfs7CZRl.YIp5e9vMBSXEwmuf.08TNMVmmUrhBRa'),
('85032417952','Krzysztof','Płomyk','Vallejo','637 Britannia Drive','94591','Tressie@shad.co.uk','878287539','$2a$10$UkL/d2RDN4tm6nU7pdLg2Orf9TEQMM.x1uFP4s/lLUP8OMw7qFHji'),
('88011056429','Joanna','Panda','Rancho Palos Verdes','6420 Via Baron','90275','Trudie_Barton@lloyd.us','418979479','$2a$10$W3It/1E3oyL30gu8YnA9Fe3cWvM98x/YlRi.FpIGvnbR0Jnlhe0ES'),
('90031117949','Mariusz','Radwan','Glendale','6444 North 67th Avenue','85301','Uriah.Marquardt@hershel.me','183116246','$2a$10$q/jfziRIKatynfIrR67up.qORvG/N7PedXDOd6L7St1qVVxfmtbwe'),
('95012696147','Beatrice','Rain','Glen Burnie','6518 Dolphin Court','21061','Vallie_Boyer@benny.name','868625881','$2a$10$zxs.R3Dqkl8T05l/uWhyxO4eiFGh02nLKFtJK9YmuiUUPG.iLiv.O'),
('96102733883','Bartosz','Słomek','Savannah','8505 Waters Avenue','31406','Vivianne.Pfannerstill@ollie.tv','928865548','$2a$10$.Yq2Ipd6ogXnZ8smo7TbYu83mNCnQY.YEr9/aoNbiOZPYAm28HhDS'),
('97072336247','Thomas','Saw-Chuck','Manchester','86 Russell Street','06040','egestas.nunc@metussit.org','275782653','$2a$10$J3eU5LLytKI7T6EZvpCMBetytoelJr1HDW.b4zJTPLGOjKjJuhpKm'),
('99010215915','Jerzy','Śląski','Savannah','926 Mill Court','31419','id.blandit@rutrumnonhendrerit.co.uk','457429544','$2a$10$H43lma4nx5VmWHrDyim9GeDdDMsAjkrd2fbTqUUIq8f/pGWrK4LRq'),
('99022051956','Anna','Tarnina','Montgomery','9457 Winfield Place','36117','id.erat@consequat.co.uk','171191967','$2a$10$McJjmitETWieA21t7LpK4eWKAgkeh4.HznwLTzO8l1QuuFPD9G7E.'),
('99052719527','Beata','Szwedzka','Revere','98 Lincoln Street','02151','lacus.vestibulum@interdumfeugiat.ca','213875382','$2a$10$loaVFFc1mtqqF2scJqVyJeiJifnUun04Nq5DecltA8bw4ZzBkBbgK'),
('00322286676','Dorota','Uchwyt','Kraków','704 Oakdale Avenue ','34050','dorota.uchwyt@mail.com','465839021','$2a$10$Lpb1YnA2tP.icyqXVYBa..nmjGXnZ.dFtpgQduQS9H6I1ZBV9hlJi'),
('00322286676','Ewa','Włoszek','Kraków','13 Tower Bridge Street ','34050','dorota.uchwyt@mail.com','265475312','$2a$10$y/0n9q4bbIc011v5wsotyO4zCLhayHDWOdfmC7cytSN5QvLiJQb3S'),
('69092665146','Kazimiera','Walczyk','Kraków','4372 Williams Avenue ','34050','dorota.uchwyt@mail.com','265475312','$2a$10$WgQKr6a4b5Y1pnPme6O55OoHq3mRJk8K9cGyAk0LKoHTPtlKYMrFa'),
('75100292974','Maria','Widmowska','Hanover','Słowackiego 34a','21076','vidomina@gmail.com','437622387','$2a$10$NllL4R7YqalMXg5hwObcLuzu5sOE23Id07xEzGoUTeNV6jpwVNzO6'),
('87120831729','Jolanta','Wójcik','Kraków','Długa 5','33100','wojcik@mail.com','592220909','$2a$10$FIy3crFa4x/QcOynDU9P9uO2FRSOeLuAnYShoac51JUNeR6Drbpcu'),
('99082639161','Marcin','Wójt','Kraków','Powstańców Śląskich 45/13','33100','marcin123@gmail.com','141556321','$2a$10$nTedGRO9QXth217esX6REeknqBQIoXRa1ldMOysxwO4KUXuOPsI4a'),
('57043086531','Marzena','Woziziemia','Kraków','Sienna 41','33100','ziemniak15@outlookk.com','676794192','$2a$10$o4jswB36Jwun2gkjdkcWouTTAXYNPZOY/sI5tg72C/cYFmYE9XOfu'),
('72012035239','Natalia','Woźny','Kraków','Warzywna 81','33100','natwoz@gmail.com','012451456','$2a$10$5gjqPdb/JbI0B7zwUH8rp.rn5rChda5C5zl2hBClSNAXVKqcgwcnW'),
('02211024185','Hanna','Wrona','Sandomierz','Podkarpacka 1a','33100','hwrona14@gmail.com','219899994','$2a$10$SsGA.m7aJoO9maSbxZmzgutReXey1HvEr0ESXSUim021SfSMSLxf.'),
('78040383827','Ryszard','Ziel','Kraków','Złota 12','33100','ryszard@ziel.com','135684842','$2a$10$AAVAzyavcPE23TPXAayhnO6RoW/tEoPayMD9wV70qdA3NxTFLJU0S'),
('76092352574','Kazimierz','Żeromski','Kraków','Mickiewicza 34/12','33100','kazik123@op.pl','459583001','$2a$10$sZkUkKZS/bsHIpry8k5dA.GQDIxXg8u.Ve0elsEGxOBjDrx65ggxW'),
('97041187513','Janina','Żółty','Kraków','Krakowska 24/6','33100','janina-zolty@hotmail.com','105324523','$2a$10$pI/RjrgM0aqeu6aqIUpBCOQeMBKRZFGSrVXWJxYplEa/am7vo6G0W'),
('88072844272','Kinga','Żuczek','Kraków','Armii Krajowej 14/5','12343','kinga.zuczek@yahoo.com','223663721','$2a$10$4/.h6elw0ELz02r99QTrZ.l8JxjOTMWoZ0blZUB/IInTpnvXHYNQu'),
('02260326726','Abraham','Caldwell','Anchorage','1040 West 27th Avenue','99503','Adrain@nella.name','216416138','$2a$10$.//9QVPPXB0V4KE2LzPXWuZPs5lKK381Xbi2NWtaWZ.PterT8ASeC');


INSERT INTO teacher_subjects VALUES
(1,1),
(2,2),
(3,3),
(4,4),
(5,5),
(6,6),
(7,7),
(8,8),
(9,1),
(10,9),
(10,4),
(11,1),
(12,10),
(13,11),
(13,24),
(14,7),
(15,12),
(15,13),
(16,14),
(17,5),
(18,15),
(19,5),
(20,6),
(21,5),
(22,4),
(23,12),
(23,13),
(24,16),
(25,10),
(26,15),
(27,6),
(28,3),
(28,17),
(29,7),
(30,7),
(31,1),
(33,4),
(34,4),
(35,15),
(36,10),
(37,1),
(37,18),
(38,12),
(38,13),
(39,4),
(40,1),
(41,4),
(42,14),
(43,18),
(43,23),
(44,7),
(45,19),
(46,6),
(47,4),
(48,6),
(49,4),
(49,21),
(50,20),
(50,21),
(51,14),
(52,19),
(53,22),
(53,17),
(54,1),
(55,4),
(56,18),
(56,19),
(57,6),
(58,6),
(59,19),
(60,1),
--additional
(49,1),
(1,3),
(15,4),
(54,6),
(54,7),
(40,2),
(40,7),
(5,6),
(32,20),
(17,3),
(22,14),
(45,4);



 INSERT INTO groups (group_id, name) VALUES
 ('1','1a'),
 ('2','1b'),
 ('3','1c'),
 ('4','1d'),
 ('5','1e'),
 ('6','1f'),
 ('7','1g'),
 ('8','1h'),
 ('9','2a'),
 ('10','2b'),
 ('11','2c'),
 ('12','2d'),
 ('13','2e'),
 ('14','2f'),
 ('15','2g'),
 ('16','2h'),

 ('17','1a,c,e,g rosyjski'),
 ('18','1b,d,f,h rosyjski'),
 ('19','2c,d,e,g,h rosyjski'),
 ('20','2a,b,f rosyjski'),

 ('21','1* francuski A2'),
 ('22','1\a,e francuski B1'),
 ('23','2* francuski'),

 ('24','1a,e hiszpański'),
 ('25','1b,d hiszpański'),
 ('26','1c,g hiszpański'),
 ('27','1f,h hiszpański'),
 ('28','2a,b,f hiszpański'),
 ('29','2c hiszpański'),
 ('30','2d,e hiszpański'),
 ('31','2g,h hiszpański'),

 ('32','1a niemiecki'),
 ('33','1b niemiecki'),
 ('34','1c niemiecki'),
 ('35','1d niemiecki'),
 ('36','1e niemiecki'),
 ('37','1f niemiecki'),
 ('38','1g,h niemiecki'),

 ('39','2a niemiecki'),
 ('40','2b niemiecki'),
 ('41','2c,e niemiecki'),
 ('42','2d niemiecki'),
 ('43','2f niemiecki'),
 ('44','2g niemiecki'),
 ('45','2h niemiecki'),
 ('46','2* niemiecki B2'),


 ('47','2c,d 7/7 WF'),
 ('48','1c,d 4/7 WF'),
 ('49','1a 1/2 WF'),
 ('50','1e,f 1/8 WF'),
 ('51','2f 2/8 WF'),

 ('52','1b 1/2 WF'),
 ('53','1g,h 1/2 WF'),
 ('54','1f 2/8 WF'),
 ('55','2e,f 1/8 WF'),

 ('56','2c,d 3/7 WF'),
 ('57','1d 3/7 WF'),
 ('58','1g 2/2 WF'),
 ('59','1e,f 8/8 WF'),
 ('60','2e,f 8/8 WF'),

 ('61','2c 4/7 WF'),
 ('62','1b 2/2 WF'),
 ('63','2b 4/7 WF'),
 ('64','2h 2/2 WF'),
 ('65','1h 2/2 WF'),

 ('66','2d 4/7 WF'),
 ('67','1c 3/7 WF'),
 ('68','1a 2/2 WF'),
 ('69','2g 2/2 WF'),

 ('70','1c,d 7/7 WF'),
 ('71','2a,b 7/7,8 WF'),
 ('72','2g,h 1/2 WF'),
 ('73','2e 2/8 WF'),
 ('107','1e 2/8 WF'),

 ('74','2a,b 8,3/8,7 WF'),



 ('75','2b 1/2 ang'),
 ('76','1g 1/2 ang'),
 ('77','1b 1/2 ang'),

 ('78','2h 1/2 ang'),
 ('106','2h 2/2 ang'),
 ('79','1d 1/2 ang'),

 ('80','2d 1/2 ang'),
 ('81','1a 1/2 ang'),
 ('82','1h 2/2 ang'),

 ('83','2e 2/2 ang'),
 ('84','1d 2/2 ang'),
 ('85','2g 1/2 ang'),

 ('86','2e 1/2 ang'),
 ('87','2a 1/2 ang'),
 ('88','2c 1/2 ang'),
 ('89','2c 2/2 ang'),

 ('90','2f 1/2 ang'),
 ('91','2f 2/2 ang'),
 ('92','1e 1/2 ang'),
 ('93','1a 2/2 ang'),

 ('94','2b 2/2 ang'),
 ('95','1f 1/2 ang'),
 ('96','1c 2/2 ang'),
 ('97','2g 2/2 ang'),

 ('98','1b 2/2 ang'),
 ('99','1g 2/2 ang'),
 ('100','1e 2/2 ang'),

 ('101','2d 2/2 ang'),
 ('102','1f 2/2 ang'),
 ('103','1h 1/2 ang'),
 ('104','2a 2/2 ang'),

 ('105','1c 1/2 ang');






INSERT INTO teachers_groups_subjects (teacher_id, subject_id, group_id,day_id,slot) VALUES 
(1,1,2,2,7),
(1,1,2,2,8),
(1,1,2,4,7),
(1,1,2,4,8),
(1,1,2,5,8),

(2,2,10,5,7),
(2,2,11,4,6),
(2,2,12,5,6),
(2,2,16,4,8),

(3,3,1,1,5),
(3,3,2,4,4),
(3,3,3,4,6),
(3,3,4,1,6),
(3,3,5,2,6),
(3,3,6,2,3),
(3,3,8,2,5),


(4,4,75,1,4),
(4,4,75,3,6),
(4,4,75,5,4),
(4,4,75,5,5),

(4,4,76,1,5),
(4,4,76,1,6),
(4,4,76,2,8),
(4,4,76,4,4),

(4,4,77,2,6),
(4,4,77,3,5),
(4,4,77,4,5),


(5,5,33,3,1),
(5,5,33,3,2),
(5,5,34,5,1),
(5,5,34,5,2),
(5,5,36,1,9),
(5,5,36,4,1),
(5,5,38,1,7),
(5,5,38,1,8),
(5,5,39,3,3),
(5,5,39,3,4),
(5,5,41,2,7),
(5,5,41,2,8),


(6,6,47,1,3),
(6,6,47,1,4),
(6,6,47,4,5),

(6,6,48,1,5),
(6,6,48,2,6),
(6,6,48,2,7),

(6,6,49,1,6),
(6,6,49,1,7),
(6,6,49,4,6),

(6,6,50,3,6),
(6,6,50,3,7),
(6,6,50,5,4),

(6,6,51,3,8),
(6,6,51,5,5),
(6,6,51,5,6),


(7,7,1,1,2),
(7,7,1,2,5),
(7,7,1,4,3),
(7,7,1,4,4),
(7,7,6,2,6),
(7,7,6,2,7),
(7,7,6,4,5),
(7,7,6,4,6),

(8,8,95,1,3),
(8,8,77,1,4),
(8,8,82,1,5),
(8,8,105,2,1),
(8,8,96,2,2),
(8,8,99,2,3),
(8,8,76,2,4),
(8,8,98,3,3),
(8,8,102,3,5),
(8,8,84,3,8),
(8,8,79,4,3),
(8,8,92,4,4),
(8,8,93,4,5),
(8,8,100,4,6),
(8,8,103,5,3),
(8,8,81,5,4),

(9,1,8,1,2),
(9,1,8,1,3),
(9,1,8,2,2),
(9,1,8,4,4),
(9,1,7,2,1),
(9,1,7,3,2),
(9,1,7,4,2),
(9,1,7,4,3),
(9,1,7,5,3),

(10,9,17,1,1),
(10,9,17,4,1),
(10,9,18,3,1),
(10,9,18,3,2),
(10,9,19,2,7),
(10,9,19,2,8),
(10,9,20,3,3),
(10,9,20,3,4),
(10,4,105,2,4),
(10,4,105,2,5),


(11,1,11,1,2),
(11,1,11,2,5),
(11,1,11,2,6),
(11,1,11,3,7),
(11,1,11,4,2),
(11,1,11,5,5),
(11,1,11,5,6),

(11,1,1,1,3),
(11,1,1,1,4),
(11,1,1,2,3),
(11,1,1,2,4),
(11,1,1,3,5),

(11,1,15,1,5),
(11,1,15,1,6),
(11,1,15,3,6),
(11,1,15,4,3),
(11,1,15,4,4),
(11,1,15,5,3),
(11,1,15,5,4),


(12,10,11,1,1),
(12,10,11,3,1),
(12,10,88,2,3),
(12,10,88,2,4),
(12,10,89,2,1),
(12,10,89,2,2),
(12,10,3,1,2),
(12,10,3,3,2),

(13,11,1,5,2),
(13,11,1,5,3),
(13,11,2,5,4),
(13,11,2,5,5),
(13,11,3,3,3),
(13,11,3,3,4),
(13,11,4,4,6),
(13,11,4,4,7),
(13,11,5,1,5),
(13,11,5,1,6),
(13,11,6,1,7),
(13,11,6,1,8),
(13,11,7,2,6),
(13,11,7,2,7),
(13,11,8,5,7),
(13,11,8,5,8),
(13,11,15,4,8),


(14,7,4,1,7),
(14,7,4,1,8),
(14,7,4,3,3),
(14,7,4,3,4),

(14,7,12,3,5),
(14,7,12,3,6),
(14,7,12,5,3),
(14,7,12,5,4),

(14,7,2,3,7),
(14,7,2,3,8),
(14,7,2,4,2),
(14,7,2,4,3),


(15,12,5,1,2),
(15,12,5,1,7),
(15,12,6,2,4),
(15,12,6,5,7),
(15,12,7,2,2),
(15,12,7,5,6),
(15,12,16,1,3),
(15,12,16,2,3),
(15,12,16,5,5),
(15,12,16,5,8),
(15,13,9,1,4),
(15,13,9,1,5),
(15,13,9,2,1),

(16,14,2,1,5),
(16,14,2,2,3),
(16,14,10,1,6),
(16,14,10,2,4),
(16,14,4,2,1),
(16,14,4,2,2),
(16,14,75,4,4),
(16,14,75,4,5),
(16,14,94,4,6),
(16,14,94,4,7),

(17,5,46,2,7),
(17,5,46,2,8),

(18,15,2,1,3),
(18,15,3,1,4),

(19,5,37,3,1),
(19,5,37,3,2),
(19,5,43,3,3),
(19,5,43,3,4),


(20,6,52,1,6),
(20,6,52,1,7),
(20,6,52,5,3),

(20,6,53,3,5),
(20,6,53,4,6),
(20,6,53,4,7),

(20,6,54,3,6),
(20,6,54,3,7),
(20,6,54,5,4),

(20,6,55,3,8),
(20,6,55,5,5),
(20,6,55,5,6),


(21,5,42,1,7),
(21,5,42,1,8),
(21,5,45,2,7),
(21,5,45,2,8),
(21,5,44,3,1),
(21,5,44,3,2),
(21,5,40,3,3),
(21,5,40,3,4),
(21,5,32,3,7),
(21,5,32,3,8),
(21,5,35,5,1),
(21,5,35,5,2),


(22,4,101,1,1),
(22,4,101,1,2),
(22,4,101,4,1),
(22,4,101,4,2),
(22,4,101,5,1),
(22,4,101,5,2),

(22,4,102,1,3),
(22,4,102,5,5),
(22,4,102,5,6),

(22,4,103,1,4),
(22,4,103,1,5),
(22,4,103,4,3),

(22,4,104,1,6),
(22,4,104,1,7),
(22,4,104,4,4),
(22,4,104,4,5),
(22,4,104,5,3),
(22,4,104,5,4),


(23,12,1,2,1),
(23,12,1,2,2),
(23,12,2,3,6),
(23,12,2,4,6),
(23,12,3,2,3),
(23,12,3,4,5),
(23,13,11,1,6),
(23,13,11,1,7),
(23,13,11,4,7),
(23,13,12,2,5),
(23,13,12,3,4),
(23,13,12,4,4),
(23,13,10,1,9),
(23,13,10,3,5),
(23,13,10,4,8),

(24,16,24,4,7),
(24,16,24,4,8),
(24,16,25,5,1),
(24,16,25,5,2),
(24,16,26,1,7),
(24,16,26,1,8),
(24,16,27,3,1),
(24,16,27,3,2),
(24,16,28,3,3),
(24,16,28,3,4),
(24,16,29,5,3),
(24,16,29,5,4),
(24,16,30,2,7),
(24,16,30,2,8),
(24,16,31,3,7),
(24,16,31,3,8),

(25,10,10,2,1),
(25,10,10,5,6),
(25,10,2,2,2),
(25,10,2,5,7),
(25,10,75,4,6),
(25,10,75,4,7),
(25,10,94,4,4),
(25,10,94,4,5),

(26,15,5,2,4),
(26,15,6,2,5),
(26,15,6,4,7),
(26,15,1,2,6),
(26,15,1,2,7),
(26,15,7,3,6),
(26,15,4,5,3),
(26,15,8,3,8),
(26,15,14,3,7),
(26,15,14,4,6),
(26,15,90,5,1),
(26,15,90,5,2),
(26,15,91,1,1),
(26,15,91,1,2),


(27,6,56,1,3),
(27,6,56,1,4),
(27,6,56,4,5),

(27,6,57,1,5),
(27,6,57,2,6),
(27,6,57,2,7),

(27,6,58,3,5),
(27,6,58,4,6),
(27,6,58,4,7),

(27,6,59,3,6),
(27,6,59,3,7),
(27,6,59,5,4),

(27,6,60,3,8),
(27,6,60,5,5),
(27,6,60,5,6),


(28,3,15,1,1),
(28,3,15,1,2),
(28,3,15,2,1),
(28,3,15,4,1),
(28,3,15,4,2),
(28,3,7,1,3),
(28,3,7,3,1),
(28,17,13,2,2),
(28,17,13,3,2),


(29,7,13,1,7),
(29,7,13,1,8),
(29,7,13,3,5),
(29,7,13,4,1),
(29,7,13,4,2),

(29,7,3,3,6),
(29,7,3,3,7),
(29,7,3,5,5),
(29,7,3,5,6),

(29,7,5,3,3),
(29,7,5,4,3),
(29,7,5,5,7),
(29,7,5,5,8),


(30,7,7,1,2),
(30,7,7,3,3),
(30,7,7,3,4),
(30,7,7,5,4),

(30,7,15,1,3),
(30,7,15,1,4),
(30,7,15,2,5),
(30,7,15,2,6),
(30,7,15,3,5),

(30,7,11,1,5),
(30,7,11,3,6),
(30,7,11,5,7),
(30,7,11,5,8),

(30,7,9,3,7),
(30,7,9,3,8),
(30,7,9,4,2),
(30,7,9,5,5),
(30,7,9,5,6),


(31,1,4,2,3),
(31,1,4,2,4),
(31,1,4,5,4),
(31,1,4,5,5),
(31,1,10,2,5),
(31,1,10,2,6),
(31,1,10,3,7),
(31,1,10,3,8),
(31,1,10,4,2),
(31,1,10,4,3),
(31,1,10,5,3),


(33,4,78,1,1),
(33,4,78,1,2),
(33,4,78,4,1),
(33,4,78,4,2),

(33,4,106,1,8),
(33,4,106,1,9),
(33,4,106,5,1),
(33,4,106,5,2),

(33,4,79,1,3),
(33,4,79,1,4),
(33,4,79,3,7),
(33,4,79,3,8),


(34,4,80,1,1),
(34,4,80,1,2),
(34,4,80,4,1),
(34,4,80,4,2),
(34,4,80,5,1),
(34,4,80,5,2),

(34,4,81,3,2),
(34,4,81,3,3),
(34,4,81,4,5),
(34,4,81,5,5),

(34,4,82,4,3),
(34,4,82,5,3),
(34,4,82,5,6),


(35,15,9,1,3),
(35,15,9,4,7),
(35,15,9,4,8),
(35,15,9,5,1),
(35,15,9,5,2),

(36,10,7,2,5),
(36,10,1,3,1),
(36,10,5,3,4),
(36,10,4,3,5),
(36,10,4,4,4),
(36,10,6,4,2),
(36,10,8,4,5),
(36,10,12,3,2),
(36,10,12,4,3),
(36,10,80,2,1),
(36,10,80,2,2),
(36,10,101,2,3),
(36,10,101,2,4),


(37,18,82,1,4),
(37,18,103,5,6),

(37,1,16,2,5),
(37,1,16,3,5),
(37,1,16,3,6),
(37,1,16,4,5),
(37,1,16,5,7),

(37,1,12,2,6),
(37,1,12,3,7),
(37,1,12,3,8),
(37,1,12,4,6),
(37,1,12,4,7),


(38,12,4,1,2),
(38,12,4,2,5),

(38,12,8,2,1),
(38,12,8,2,3),

(38,13,14,1,4),
(38,13,14,1,5),
(38,13,14,5,7),

(38,13,13,2,4),
(38,13,13,2,6),
(38,13,13,3,6),

(38,13,15,4,7),
(38,13,15,5,6),
(38,13,15,5,8),


(39,4,83,1,1),
(39,4,83,1,2),
(39,4,83,2,5),
(39,4,83,4,3),
(39,4,83,5,3),
(39,4,83,5,4),

(39,4,84,1,3),
(39,4,84,1,4),
(39,4,84,3,6),
(39,4,84,3,7),

(39,4,85,2,2),
(39,4,85,2,3),
(39,4,85,4,5),
(39,4,85,4,6),
(39,4,85,5,1),
(39,4,85,5,2),


(40,1,6,1,2),
(40,1,6,2,1),
(40,1,6,2,2),
(40,1,6,4,3),
(40,1,6,4,4),

(40,1,14,1,3),
(40,1,14,3,5),
(40,1,14,3,6),
(40,1,14,4,7),
(40,1,14,4,8),
(40,1,14,5,3),
(40,1,14,5,4),

(40,1,13,1,5),
(40,1,13,1,6),
(40,1,13,2,3),
(40,1,13,3,3),
(40,1,13,3,4),
(40,1,13,4,5),
(40,1,13,4,6),


(41,4,86,1,3),
(41,4,86,1,4),
(41,4,86,2,5),
(41,4,86,4,3),
(41,4,86,5,1),
(41,4,86,5,2),

(41,4,87,1,6),
(41,4,87,1,7),
(41,4,87,2,6),
(41,4,87,4,4),
(41,4,87,5,3),
(41,4,87,5,4),

(41,4,88,2,1),
(41,4,88,2,2),
(41,4,88,3,2),
(41,4,88,3,3),

(41,4,89,2,3),
(41,4,89,2,4),
(41,4,89,3,4),
(41,4,89,3,5),


(42,14,5,3,5),
(42,14,8,3,6),
(42,14,7,3,7),

(43,18,100,2,1),
(43,18,100,4,4),
(43,18,105,2,2),
(43,18,76,2,3),
(43,18,99,2,4),
(43,18,96,2,5),
(43,23,104,2,6),
(43,23,87,4,5),
(43,18,92,2,7),
(43,18,92,2,8),
(43,18,93,3,2),
(43,18,77,3,3),
(43,18,81,3,4),
(43,18,98,3,5),
(43,18,79,3,6),
(43,18,84,4,3),


(44,7,10,1,5),
(44,7,10,4,1),
(44,7,10,5,1),
(44,7,10,5,2),

(44,7,14,1,6),
(44,7,14,1,7),
(44,7,14,2,5),
(44,7,14,2,6),

(44,7,16,2,1),
(44,7,16,2,2),
(44,7,16,3,1),
(44,7,16,3,2),
(44,7,16,4,3),
(44,7,16,4,4),
(44,7,16,5,3),

(44,7,8,2,4),
(44,7,8,3,3),
(44,7,8,3,4),
(44,7,8,4,2),
(44,7,8,5,4),
(44,7,8,5,5),


(45,19,1,2,8),
(45,19,1,5,8),
(45,19,2,3,4),
(45,19,2,5,6),
(45,19,3,3,5),
(45,19,3,5,3),
(45,19,11,3,8),
(45,19,11,5,9),
(45,19,12,3,9),
(45,19,12,5,5),
(45,19,13,3,7),
(45,19,13,5,7),


(46,6,61,1,3),
(46,6,61,1,4),
(46,6,61,4,5),

(46,6,62,1,6),
(46,6,62,1,7),
(46,6,62,5,3),

(46,6,63,1,8),
(46,6,63,2,2),
(46,6,63,2,3),

(46,6,64,2,4),
(46,6,64,3,3),
(46,6,64,3,4),

(46,6,65,3,5),
(46,6,65,4,6),
(46,6,65,4,7),


(47,4,90,1,2),
(47,4,90,2,3),
(47,4,90,2,4),
(47,4,90,4,1),
(47,4,90,4,2),

(47,4,91,2,1),
(47,4,91,2,2),
(47,4,91,4,3),
(47,4,91,4,4),
(47,4,91,5,2),

(47,4,92,3,1),
(47,4,92,3,2),
(47,4,92,4,8),
(47,4,92,5,3),

(47,4,93,3,3),
(47,4,93,3,4),
(47,4,93,5,4),
(47,4,93,5,5),


(48,6,66,1,3),
(48,6,66,1,4),
(48,6,66,4,5),

(48,6,67,1,5),
(48,6,67,2,6),
(48,6,67,2,7),

(48,6,68,1,6),
(48,6,68,1,7),
(48,6,68,4,6),

(48,6,69,2,4),
(48,6,69,3,3),
(48,6,69,3,4),


(49,4,94,1,4),
(49,4,94,3,6),
(49,4,94,5,4),
(49,4,94,5,5),

(49,4,95,1,5),
(49,4,95,1,6),
(49,4,95,3,5),

(49,4,96,2,1),
(49,4,96,2,4),
(49,4,96,4,3),

(49,4,97,2,2),
(49,4,97,2,3),
(49,4,97,4,5),
(49,4,97,4,6),
(49,4,97,5,1),
(49,4,97,5,2),


(50,20,21,1,1),
(50,20,21,4,1),
(50,20,22,5,1),
(50,20,22,5,2),
(50,20,23,2,7),
(50,20,23,2,8),
(50,21,1,5,6),
(50,21,2,1,2),
(50,21,3,5,4),
(50,21,4,4,2),
(50,21,5,5,5),
(50,21,6,5,8),
(50,21,7,5,7),
(50,21,8,2,6),

(51,14,3,1,3),
(51,14,3,4,2),
(51,14,1,3,6),
(51,14,6,1,4),
(51,14,11,4,3),
(51,14,11,4,4),
(51,14,12,1,5),
(51,14,12,1,6),
(51,14,80,2,3),
(51,14,80,2,4),
(51,14,101,2,1),
(51,14,101,2,2),
(51,14,88,3,4),
(51,14,89,3,2),
(51,14,89,3,3),

(52,19,10,1,7),
(52,19,10,3,9),
(52,19,5,1,8),
(52,19,5,5,6),
(52,19,6,3,3),
(52,19,6,3,4),
(52,19,8,3,7),
(52,19,8,5,9),
(52,19,7,3,8),
(52,19,7,4,5),
(52,19,9,4,6),
(52,19,9,5,7),


(53,22,16,1,4),
(53,22,16,1,5),
(53,22,16,4,7),

(53,22,8,1,6),
(53,22,8,2,8),

(53,22,1,5,7),
(53,22,2,2,4),
(53,22,3,4,4),
(53,22,4,4,5),
(53,22,5,2,5),
(53,22,6,4,8),
(53,22,7,5,5),

(53,17,16,2,6),
(53,17,16,4,6),
(53,17,16,5,6),


(54,1,9,1,1),
(54,1,9,1,2),
(54,1,9,2,4),
(54,1,9,2,5),
(54,1,9,3,5),
(54,1,9,3,6),
(54,1,9,4,1),

(54,1,5,1,3),
(54,1,5,1,4),
(54,1,5,2,2),
(54,1,5,2,3),
(54,1,5,4,2),


(55,4,98,1,4),
(55,4,98,2,6),
(55,4,98,4,5),

(55,4,99,1,5),
(55,4,99,1,6),
(55,4,99,2,8),
(55,4,99,4,4),

(55,4,100,2,7),
(55,4,100,3,1),
(55,4,100,3,2),
(55,4,100,5,3),


(56,18,86,1,1),
(56,18,86,1,2),
(56,18,86,5,3),
(56,18,86,5,4),

(56,18,83,1,3),
(56,18,83,1,4),
(56,18,83,5,1),
(56,18,83,5,2),

(56,18,90,2,1),
(56,18,90,2,2),
(56,18,90,4,3),
(56,18,90,4,5),

(56,18,91,2,3),
(56,18,91,2,4),
(56,18,91,4,1),
(56,18,91,4,2),

(56,18,102,1,5),
(56,18,102,1,6),

(56,18,95,5,5),
(56,18,95,5,6),


(57,6,70,1,5),
(57,6,70,2,6),
(57,6,70,2,7),

(57,6,71,1,8),
(57,6,71,2,2),
(57,6,71,2,3),

(57,6,72,2,4),
(57,6,72,3,3),
(57,6,72,3,4),

(57,6,73,3,1),
(57,6,73,5,5),
(57,6,73,5,6),

(57,6,107,3,6),
(57,6,107,3,7),
(57,6,107,5,4),


(58,6,74,1,8),
(58,6,74,2,2),
(58,6,74,2,3),

(59,19,16,1,6),
(59,19,16,5,4),
(59,19,15,1,7),
(59,19,15,5,5),
(59,19,14,1,8),
(59,19,14,5,8),
(59,19,4,5,6),
(59,19,4,5,7),

(60,1,3,3,1),
(60,1,3,4,7),
(60,1,3,4,8),
(60,1,3,5,7),
(60,1,3,5,8);




 INSERT INTO students (student_id, PESEL, name, surname, street, city, postalCode, email, phone, password) VALUES
('1','00262462237','Travis','Snow','Mansfield','10 Erick Road','02048','Abner@juwani.biz','128393192','$2a$10$E.uGO/z.1bNzPQynTWlTH.WkXnqSfQBQXelwEjG4Y7Ty3eOVh/UwK'),
('2','00302285451','Ronan','Riley','Oklahoma City','10001 Pheasant Lane','73162','Adaline@jan.us','376193597','$2a$10$DNNOYCu/9FD.1hL8OvDaf./mWOS5DlHqfM.//7z1ffxp5B69e3cE.'),
('3','01260594241','Levi','Hays','Hayward','1011 Devon Drive','94542','Adrain@nellla.name','131131626','$2a$10$t9kqEB/i8YYjmiTDK2mN1.7B70dxabgnZRpiDjWfkpuTVDkCv36CS'),
('4','01272019383','Kaseem','Summers','Louisville','10129 Spring Gate Drive','40241','Albertha@opal.org','423598275','$2a$10$Ez5sryLKYao7RoT.FAEujuEsDpMEwRaoHNR1KKf0D565WR/fqXTqq'),
('5','01320226745','Paul','Gamble','Savannah','107 Laurel Green Court','31419','Alena.Zieme@hillard.ca','819594898','$2a$10$2VhxO9.hsGsqgr0NboReeOC8a9xBDzh4q3A9CEM1QWaVTUXV1gqSS'),
('6','02250285923','Cameron','Chase','Burlington','109 Summit Street','05401','Alexandro_Deckow@celestine.org','122295188','$2a$10$V6Dw/Qf8G35Q1oNlFFHWRORO0fYgjEsJYAkZfFyPKrFkFkCeKN57e'),
('7','02281043255','Lucius','Faulkner','Arnold','1156 Greenhill Road','21012','Alf@peter.biz','148293347','$2a$10$DqkPb5Sb/Y5SdCTV71UMFuX4GMr0s0kgcvUNdQPgdUbbJhfXj9nGq'),
('8','02311069567','Abdul','Caldwell','Fayetteville','1160 North College Avenue','72703','Alison@carlo.com','799341585','$2a$10$T03okV/9ix2.B72Ce/7nlO47Bid9QEjP6oNPSL96cvMCL/ml9tI66'),
('9','03271277753','Armando','Ramirez','Manchester','12 Kane Road','06040','Alysa.Hilpert@jacinthe.biz','923236848','$2a$10$lbw3EMN5rwPIh4eWE4JM5OrwDG4gH47l3tdizfvYZzY/9hrreixDu'),
('10','44070959657','Kenyon','Wade','Norman','122 East Hayes Street','73069','Anahil_Treutel@triston.us','191296964','$2a$10$frS5pj3aG2JfGwrmuzuZfOQ788TN531FuGG.KjynXXetP6eALrSFq'),
('11','44092463451','Prescott','Gardner','Medford','122 Summer Street','02155','Annalise_Bradtke@dannie.ca','886379379','$2a$10$URfZNogq4UiAi4WbDusig.m9Lonm0SlMbRFQJesEbVcv5kMW73Xka'),
('12','44093075426','Connor','Mendez','Montgomery','12371 Atlanta Highway','36117','Annamae@madelines.us','362724858','$2a$10$85pqKYYOJPrfLiAdCqWOruSYphlIdzCdCj4pxGUvnTLNyNINFc1IS'),
('13','45030333779','Damon','Schmidt','Panama City','127 Grand Heron Drive','32407','Antonina_Reinger@santiago.io','786448421','$2a$10$osw3Uz9hznaXfXLx0CC9QOdhmBzqFLjhwZr8hMSg6rYpoqpeGKIdy'),
('14','46021187892','Prescott','Riley','Arvada','12816 West 65th Way','80004','Anya_Schoen@teagan.ca','252215374','$2a$10$PgM8EJuZDbALOr29LhML3eh09qnOuhcKblItZamnvTh1UlBJtooHC'),
('15','46071549451','Raymond','Skinner','Washington','1309 Columbia Road Northwest','20009','Austin@asssunta.biz','814835219','$2a$10$mZSr0C1caSOs/JaOmx8/EOKFx6GiVnLRQ62ZOwgu3CTBMPRYycFWG'),
('16','46123036227','Vance','Mosley','Oakland','1314 89th Avenue','94621','Austyn.Jast@billy.us','374557716','$2a$10$WK.5OAudxR/Fr0MK48oKfeP/O8E6Z/2vBuYqyjF353vKKpU7J2VXC'),
('17','47061959984','Daquan','David','Anchorage','1334 East 14th Avenue','99501','Boris@juanita.biz','433325456','$2a$10$sm7bTGD4IjjYVui594XvmOPS2GH.loQUq0ALxThIUaIUVvjE7K5jG'),
('18','47082432888','Brady','Ramirez','Fayetteville','140 South Hill Avenue','72701','Brad.Gulgowski@rebeka.biz','826932893','$2a$10$twChbNfV7cbEKmQwQHw05uYAsIIxoqSdMn7.iMeGHKu179zAUVEXq'),
('19','49010336518','Brock','Mosley','Edgewater','1404 James Way','21037','Braulio@anjali.com','136591385','$2a$10$WOfweYPVxLJLCXZTKLfeVu3i/2jUYtI9OqNVQJ3iWqF/eXn9IiAS6'),
('20','49040819131','Nathaniel','Greer','Washington','1405 Monroe Street Northeast','20017','Caden_Bashirian@jerod.biz','768973329','$2a$10$W98kYvVXVBvRlgEb9W345u/Wg35kYudh7qUu6ijr0JSl/JGldkc3.'),
('21','49051871339','Grady','Tran','Savannah','1431 King George Boulevard','31419','Carolyne@lane.name','859663232','$2a$10$zSbriYhj9tbHgyPnioYuN.5URTg1NV21uN/RqK3nIzHk/9b6VYjD.'),
('22','49052293136','Cameron','Baldwin','Arvada','14358 West 88th Place','80005','Cecelia_Wolff@zackary.net','559223838','$2a$10$pbAddM1CdOKAi3O.6Ek0SOL1P4DIp3cGzWNim2s3SicWpPvn6myqK'),
('23','49100121167','Emerson','Cohen','Oakland','1452 55th Avenue','94621','Charley@finn.us','865213231','$2a$10$EXz2s5RCdwh6O98t32M9KO3xKE.I6qdZMS921aezPIwuntEtg1ih6'),
('24','50012437848','Ezra','Mosley','Washington','1520 H Street Northwest','20006','Chelsey_Koch@tianna.co.uk','184282741','$2a$10$OsTP4.PxADrN8.at05Lc4.AKZLUmjNuJ12x7qJ1TPrurHIs1HqKkm'),
('25','50111023199','Lionel','Elliott','Louisville','1522 South 36th Street','40211','Christa@alba.co.uk','122311692','$2a$10$RLJ584NORfFmIsVUzS8GmumElhEz/Yv9rYCALZUTNKNKtauuSRqLy'),
('26','50120432795','Kelly','Riley','Hayward','1528 Stafford Avenue','94541','Chyna@sage.net','359611423','$2a$10$trlNIXHs3K7VjueZ0DErzuQ9DzZaTKUDZgdoUBXgQbY4O1MyXM6Ca'),
('27','51072949452','Ferris','Coffey','Arvada','15847 West 74th Place','80007','Clara_Purdy@alexandro.com','687571317','$2a$10$2m2AX6hvEW2N77rkTcVrHullZRrujrj5LMjuzdK41vqKZV1Nvz9C.'),
('28','51083062953','Travis','Michael','Crofton','1630 Eton Way','21114','Cleora_Dooley@nico.biz','918438197','$2a$10$PfXjWWIbFyAFH4f1ra/Q8.Y.ST85fuYENU8Dpxqd9Yb/YiwFjIc8G'),
('29','51102941337','Cadman','Sharp','Fayetteville','1632 North Lunsford Avenue','72701','Clifford.Hamill@randi.com','818568493','$2a$10$JhipN47Y2zjzpIU3uXvvU.UIy5m3xwU0I8VECsSiqT/doLDqUzc6e'),
('30','51111371558','Tyler','Brock','Annapolis','1635 Generals Highway','21401','Cynthian@floyd.info','933419364','$2a$10$Zhm8up3AJhuZnXuyvfi6aez/vvi/6dMb7OQFPr0qfZn9zGSNppYdC'),
('31','52051578748','Abbot','Norris','Severn','1636 Briarview Court','21144','Darrion@ona.ca','852248169','$2a$10$3rKiodqzi.ycwoCgMgWjGep09BjdRH6Ko3iLqUdtRhfX30pTlMpf2'),
('32','52080784172','Clinton','Cleveland','Anchorage','1711 Lore Road','99507','Delilah_Skiles@marlon.us','445349378','$2a$10$oF7XqbDe6.541Y0fefY1ReNhNJoEIdjqqvvnr7I2G4.ciZ1d2wasW'),
('33','53051362995','Octavius','Christensen','Annapolis','1713 Arrow Cove Lane','21401','Delpha@gabrielle.us','721489493','$2a$10$gWizm1.qCPy514A4KIGZx.6MRmM6GbJysYDdTqz8VPWJR6YjevZuS'),
('34','54092691635','Connor','Stevenson','Panama City Beach','1738 Annabellas Drive','32407','Dessie@lou.co.uk','532928145','$2a$10$kmu/ovpJA7mAmGVTbJrmzeyRQ9aa1ISyre7CEE3Jvt8u5jHokKAha'),
('35','54110332986','Rooney','Thomas','Millersville','1771 Daisey Court','21108','Dolores_Pfeffer@mattie.biz','912413437','$2a$10$jpd85ejipP0MViww2UgDbOSSO3aruDmexFKOtXwuEo.0uIoI42rE.'),
('36','55032338368','Travis','Wade','Severn','1809 Cedar Drive','21144','Domingo.Quigley@mara.net','195233181','$2a$10$bYu8tN2U3nDkdyKkHBhmk.RzWUYjkWom99XyJ9Gi2qHRc.vlGu4IW'),
('37','55061985458','Prescott','Cohen','Washington','1900 West Virginia Avenue Northeast','20002','Donec.luctus.aliquet@dis.co.uk','667225547','$2a$10$TF.hH2Fn33hY3IjGEGKgk.yQ7eKgaclv3ucAmGKma8pws11Hs.Z/a'),
('38','55090649187','Levi','Weaver','Edmond','1901 North Midwest Boulevard','73034','Donec@turpisnon.co.uk','578744133','$2a$10$n28Jw5bi8uLcsHmnN.oKyO5PlNzb0cRuCR46Oo76tYZlTpJBVhC5m'),
('39','56020931286','Vance','Horn','Louisville','1903 Bashford Manor Lane','40218','Douglas.Effertz@dorothea.io','634611928','$2a$10$wZkvhLBImD2hPU0mYtq7fOD4EoYbhiq0nrnkix60fvHiSFsdZxEz2'),
('40','56101473278','Connor','Brooks','Castro Valley','19416 Barclay Road','94546','Easter.Pollich@hallie.name','992846575','$2a$10$k.W/PeFxTecl/HwhVoTjjuXdD2OkuhYU/b2yq4wtpe9jKFgB2JGO2'),
('41','57040646299','Carlos','Sharp','Aurora','19590 East Batavia Drive','80011','Edisona@shaniya.net','886638361','$2a$10$FoYUqt0VgadsZSwBtbU4iO6H1jcBaw0w0jkozbt1iqyuhq0k4I2Ii'),
('42','57062088369','Brandon','Chase','Annapolis','1960 Sigfrid Court','21401','Edwardo.Renner@lucas.com','462764363','$2a$10$PFXZtjpX089Inkj7Um.u1u6WX2LC2RWYsgmWIBdRvstUeVyBMV2s.'),
('43','57072476615','Octavius','Eaton','Fayetteville','2027 North Shannon Drive','72703','Elouise.Smitham@magnolia.io','346962373','$2a$10$QLWl4giONEK62IW1TyqRqOJy1OPTauN.SrFcuZ1zQS8.Ryr9g2Mlu'),
('44','57083162853','Cameron','Walton','Montgomery','2036 Gorgas Street','36106','Elroy@shany.biz','827657911','$2a$10$YPjp6LC8QatZQzOdDWhSBuiMC4CnNP2pdC0p91KJ3j6KpmPvdVcX2'),
('45','57113046218','Hall','Weaver','Montgomery','2057 Lucas Street','36107','Emil_Spinka@horacio.co.uk','573266719','$2a$10$6.qJ6WvdWhm8DNj/d7ppAOJExBPm4L38oso08hUjN6UdSCY9v0HIe'),
('46','58031258321','Garrett','Morse','Pooler','208 Towne Lake Way','31322','Fausto_Abernathy@deshawn.tv','638351572','$2a$10$HDgWt9aOX0H8E4TeCPBNGehO5QCfh1teRpuTCai1I4nemPgjUn.XO'),
('47','58042849833','Stewart','Santiago','Louisville','2106 Standard Avenue','40210','Florida_Abbott@rubie.biz','812156925','$2a$10$g4AQx9uOfRFyLB6zosezNOlGOZn7Opqeb5Ylkxb3yB./e6RYj3Q5a'),
('48','59042373562','Curran','Kinney','Savannah','212 Holiday Circle','31419','Florida_Simonis@frederique.us','336284483','$2a$10$ugzGJMJCIOgyoBFWabefteXuq2BSxn2u/vkkVam3uuyt9Q4Jkk6R2'),
('49','59121331799','Kenyon','Carroll','Louisville','2204 7th Street Road','40208','Franciscon.Price@amelia.us','869421172','$2a$10$ukRG2xJWil3tR5La1TP8feZk5eF/zG6ESxXnSa5QdcXk/qj.TVR2K'),
('50','59121877297','Paul','Cohen','Middleborough','222 Plymouth Street','02346','Godfrey@nina.co.uk','618362827','$2a$10$bUVwOAQPdjBdUvFPdXfEW.FSU7Y7Yq8XVx5I4d7PcsB.pJc8xOvUq'),
('51','60022025685','Tyler','Michael','Montgomery','2248 South Sutherland Drive','36116','Golden@rocio.tv','598337392','$2a$10$7DB8zCdwswk3.3f3X/oEHuMiFEtU7pkl7PYCXcFExRvc8Qxtp7mDa'),
('52','60042585383','Dean','Lloyd','Glendale','22825 North 74th Lane','85310','Haylee.Cruickshank@paula.me','193695971','$2a$10$ey48aXkFBpBEtzqiu1rVuOCjL1NdvCc17kZHOzA9Lu0GCUNvOB74S'),
('53','60051519159','Troy','Carroll','Fayetteville','2285 Wold Run Drive','72704','Hayleese_Osinski@denis.org','442767244','$2a$10$sNc7VZ2AHsHdmGJTtk8cPOuwraJOUuA1gs1l9tvPGwJUMaKx7G4NS'),
('54','60090881813','Cedric','Fischer','Springfield','23 Whitcomb Street','05156','Houston@adolph.org','323493663','$2a$10$dGK6B3PmKuoUTrb.XNtfsuq/rd0t8o7ejN5zZ.nX4UnX2Q9a9eEl2'),
('55','61022237513','Demetrius','Baldwin','Hayward','236 Alden Road','94541','Houston@emmalee.ca','413487244','$2a$10$E3usueDh7LCIp1Hi5zPvwubp1LXWoi4.PsH0LxX9lmXjtuU4/FntG'),
('56','62021768899','Kareem','Sharp','Fayetteville','238 West Rock Street','72701','Isabel.Macejkovic@maddison.me','633759343','$2a$10$fKL7zjrMbu0ZBZkjr4KR2eS.We90TJTx0NYAOWvYWQiutntjImfnW'),
('57','62062931128','Octavius','Hines','Louisville','2406 Lindbergh Drive','40208','Iva@khalil.com','863128479','$2a$10$c33F31bSUM1atotIVu5.4Ocx8BxDLt6Hj8aw24OsHJbIYFiAWy.F6'),
('58','62083177589','Ian','Valenzuela','Montgomery','2441 Chase Park Drive','36110','Jace@braulio.com','523264758','$2a$10$cz78Wk9HbhajEqmjD1m7R.YsTan/LF0h6fcX8gLDaixCouqfya2Za'),
('59','63031977732','Kenyon','Baldwin','Nashville','2505 Walker Lane','37207','Jany.Toy@blair.name','834892446','$2a$10$790kRYvcex4HLn97z2Q1YuOqF8P6.ees3wjPj5sWDRRLZkityfRSq'),
('60','64020737665','Kermit','Thomas','Fayetteville','2622 Martin Luther King Junior Boulevard','72704','Jany@hester.net','911249281','$2a$10$o4iC67qt1cMgD3y2/GZ/Wu4D2o8XBBm84Lk9VcWrI5IiR/1gqwpfa'),
('61','64070267244','Garrett','Gamble','Manchester','28 Wilfred Road','06040','Jaunitana.McClure@marvin.info','565932841','$2a$10$3uinsGbMjudPf.GzAqFVMek5pAOXP9oSHDB3q5yk2bFtEXsF.I/me'),
('62','65062344215','Raja','Stevenson','Union City','2902 Flint Street','94587','Jaylan@gerhard.io','433913821','$2a$10$aoO.ydz99EVmpzpE0Fqiruvyv2gmMvE62MOPoHXkdJiVD4OFHTSra'),
('63','66032064474','Sylvester','Hays','Manchester','310 Timrod Road','06040','Jessika@gardner.co.uk','724881446','$2a$10$RzmM5iUVdq6q83PmNhGfa.WxuzmCZGI6.htddgAXU5ckZOd1Hh98i'),
('64','67030932826','Eric','Justice','Oklahoma City','3104 Southwest 46th Street','73119','Joaquin@juanita.ca','566233339','$2a$10$AH0sMleDeVwvdBoW6gdyweABAKyDEh5J/fPAVoscutH/xrzdfmTl6'),
('65','68080298977','Brady','Summers','Louisville','3118 Sora Avenue','40213','Julian@trever.net','219847939','$2a$10$75WccGgaYPZcxQOsP6cXWuNr1L06sKkk8MvCjb8uZVzJZVy.qgaTu'),
('66','69010651532','Ferris','Romero','Washington','3138 P Street Northwest','20007','Kara@osbaldo.biz','925824116','$2a$10$ftgQ4NYqoyUvpi4qpP467ugtvWeSkkM0sf9kTnvjacM8IxWLH8QuO'),
('67','69031176713','Plato','Cohen','Louisville','3140 Commander Drive','40220','Kaybo@abby.org','228667996','$2a$10$HK973V4yvEp2.9jBMcDju.t6iaMyv/u1h9IogCh.OeaYP7BJMmgaK'),
('68','69082981254','Herrod','Pace','Washington','3194 Bladensburg Road Northeast','20018','Keanu@garland.tv','642654386','$2a$10$K2NHOZFjju7LPndDqhUBjOuU/wxHgZg40htNs3hSkWO331TsVXoqu'),
('69','70031772373','Rafael','Velasquez','Louisville','3301 Nora Lane','40220','Keyshawn@jaron.net','811215844','$2a$10$f8Q6uCKXnyQhM3jipAjSdunVY1vhqwWjuiK3sjt/c4xi.dbFKA3o.'),
('70','70061462624','Cadman','Greer','Anchorage','3301 Old Muldoon Road','99504','Kristian_Runolfsson@gage.biz','765425299','$2a$10$H/EIGKD0VBPFGFJPtBFDsuW4cWEH/bcLivneIhdxOLjXkJbp7Ijr6'),
('71','70062147584','Armando','Coffey','Manchester','34 Holyoke Road','06040','Kyler_Abshire@adah.io','696343231','$2a$10$KiRe4zQcuxDWWf/nX0841.ghEFDoo.yIZLAXAUw04WA9mqeHLJuFG'),
('72','70102547138','Kermit','Mosley','Montgomery','3466 Southview Avenue','36111','Laurie@jordan.name','592727592','$2a$10$ZcRXw8Kwwr3tCuLfi1P3eu2XXQ6x9/Cc3LbhgkHWEnB4w.Wyhugd6'),
('73','71032542369','Malachi','Snow','Nashville','347 Brewer Drive','37211','Lenna.Kessler@linnea.co.uk','478138742','$2a$10$Fr8MAqZJKXGj.H3owD47uuJEyjYIt6qbeHflEPGr5ejvsGXHff3n6'),
('74','71090239858','Cullen','Cleveland','Washington','3517 S Street Northwest','20007','Lera.Jaskolski@jamaal.info','393746552','$2a$10$JmlyImUbI6VxilcfITah/ejV1AYL3w3tnQ2uzIbEtfvlDyQzkFCpi'),
('75','71091638281','Raja','Jacobs','Nashville','361 Parmley Lane','37207','Lula_Price@hilbert.name','521445798','$2a$10$N/lR6.UwW6TStFcipsRxWef2kYGYGw05Sy6/gzhYsTznyizmq0RKm'),
('76','72090326542','Octavius','Cleveland','Groton','37 Fieldside Drive','06340','Manuel@joanny.co.uk','312618163','$2a$10$unMDtTLyKkum0NByJgtfDebFJpIRmlEljD4odEDsvJrP.NR1Mvkva'),
('77','74060767124','Connor','Fitzgerald','Nashville','3701 Lake Towne Drive','37013','Mark@jace.ca','441938151','$2a$10$gtw0OQSWYiw4hVlM4sVsY.NtY9uoAWCqhKd4yaSwAbXEV4khZzSJa'),
('78','74112552692','Abbot','Grimes','Yarmouth','4 Old Colony Way','02664','Maynard@melissa.org','583161313','$2a$10$if/syNWel0v7ZVHRWMimCOBkPS9U.HVtOgETXq8h4YYBbI0sLQ3Fi'),
('79','75062474999','Kareem','Cohen','Manchester','4 Orchard Street','06040','Meagan@ferne.biz','231926496','$2a$10$a6eoTDeaBO5GokW.o3nnLud3Swi28Ww7CgTvD91lBHGYJjaSNFli6'),
('80','75072814457','Anthony','Mendez','Panama City','4113 Holiday Drive','32408','Michelle.Schaden@marisa.co.uk','565966861','$2a$10$PmOf1tmsBoCy335Jl0fkYe.hlDl0OGaFtGLXNO55iK/A4T.isqdJG'),
('81','75122586914','Cameron','Maxwell','Nashville','416 McIver Street','37211','Modesta_Kassulke@nayeli.me','728144941','$2a$10$qBe0e1LrHymF5ua/GwLAh.PCTylWYdx5h0uPxdthQ26abMVC5Wgzy'),
('82','76030172459','Demetrius','Chase','Fayetteville','4221 East Mission Boulevard','72703','Nat_Armstrong@marjolaine.us','674437546','$2a$10$kOUvG8YxYUPlv4gEFUiLb.EKlTJWOIUrcoEGEkGaELKApToUJkz06'),
('83','76120458681','Anthony','Weaver','Union City','4231 Miramonte Way','94587','Newton.Schinner@loma.net','369476936','$2a$10$iW0QXU3tyTG1eWhv0VvBuuzoSZAbNtMp15K2jSidE1Y5tEwTvKHU2'),
('84','76121134665','Geoffrey','Henderson','Mountain Village','457 Mountain Village Boulevard','81435','Nicolette.Hackett@catharine.us','963881913','$2a$10$Wwsq.hQvmBUYD5rqnxz2uev7008tpfRwgYLL3e/cHXDpkKN1KYN.6'),
('85','78090572846','Orlando','Grimes','Fayetteville','4600 East Huntsville Road','72701','Nikita_Hegmann@ericka.biz','422236541','$2a$10$0xXFE8OAcmIlTf2hic69wuhAdwzvjfLHqRppmaOKQs8n4kl9W1J6W'),
('86','79031187914','Travis','Schmidt','Baltimore','4600 Ritchie Highway','21225','Noelia.Hammes@josephine.com','371515456','$2a$10$b4GyodeLzqpjIQ72TnlNOuh2OlkuMV2qHjAiCZKJJl8WCQHF6/Cc6'),
('87','79062635624','Herrod','Clements','Montgomery','4604 Virginia Loop Road','36116','Otilia@marlon.name','977524361','$2a$10$6fs2JJHwR3bRGcAgDXCFNOsIXrbik3ojF.lThvVwuVp7LPa/1dVeO'),
('88','80052784552','Kareem','Hays','Panama City','4617 East 3rd Street','32404','Ottis@forest.io','246399851','$2a$10$CE.G/mtvK0lckQCOLFtghuOxkuV9OKxYlsgr4nWg1UjYdPG17wHNC'),
('89','81022428735','Vincent','Price','Savannah','5108 Franklin Street','31405','Percy@reece.ca','813281619','$2a$10$1DvAjJNi.9bC.mxoxBzRQeXQHUScmbDzSSbxm4fkck5WbLf4Lz5Nu'),
('90','82013146818','Raymond','Ellis','Nashville','5114 Greentree Drive','37211','Petra_Huel@prudence.com','284528633','$2a$10$UeDdart5F2w2ah34tqLXYeO6/QiPwL.sk2uUD.WUyUcdLwZwS1lcy'),
('91','82072164499','Herrod','Maxwell','Manchester','52 Oleary Drive','06040','Rae_Rath@libbie.biz','387355327','$2a$10$64j.5nqBvSssjjzzQLesvO/n2YZReERAlwzFWeDi8P9gRvFEuwrg.'),
('92','82102479616','Blaze','Horn','Greeley','5329 A Street','80634','Rahul@coby.us','295522771','$2a$10$ryCgLSbW9ilFDion3kaJCOAVk26Kjkd7S/n7UkgGFz4ia9ietjCti'),
('93','82112892263','Colorado','Jackson','Arvada','5385 Iris Street','80002','Richard_King@frederick.biz','281246348','$2a$10$jZ420AK5w3DeNpAtHPCU.e0dIdR2PuYLwsRbXnAj8KfR.TGMRYPg6'),
('94','83010681223','Connor','Silva','Fresno','5396 North Reese Avenue','93722','River@yolanda.ca','977995267','$2a$10$mdksPXURTA7L4Rhd7rJSoubgvmwOYtCLSTcFfafXDuXNeG8qTbKae'),
('95','84072111792','Bradley','Wise','Panama City','545 Tracey Drive','32404','Robin@tia.ca','121935599','$2a$10$/LXCk180JlK.sWfp968cnui0zBJ5IcCk0623SyRoEboX8PDC1zWw6'),
('96','85032417952','Ian','Snow','Orange','553 South Arlington Road','92869','Rodrick_Shanahan@keith.com','589988835','$2a$10$USo6dtq/5zynkAVUQgxb1.FfkEpvb6tHRZLgYzy5F43yRTHBgxIEG'),
('97','85033197541','Brady','Blanchard','Glendale','5615 West Villa Maria Drive','85308','Samanta_Brekke@era.com','496327175','$2a$10$VBwGTbwCkFDNjQUZYUyHIOv8pvQg6rS6BbPRtiOq7PE1JWxgKDQ1m'),
('98','86021313569','Travis','Love','Nashville','5811 Crossings Boulevard','37013','Serena@pat.ca','229413916','$2a$10$fCnMTVTOqg40UZ.Pp0bMu.EWnhRMtXdhY7zx9BOfYYMP53t9sPq8e'),
('99','87112172386','Burton','Brooks','Glendale','5928 West Mauna Loa Lane','85306','Shad.Bechtelar@damion.ca','512398584','$2a$10$lYm6.wJT84lszv8.YYcir.NvfJsO2.LRrRlGd5iZf.VSfnsCbWRF6'),
('100','88011056429','Octavius','Elliott','Anchorage','600 West 19th Avenue','99503','Shad@eric.io','151979717','$2a$10$MjGATiS/QxRc5iwb8nY9jOLDJkTri3Wkej49m1SIgOrnekyAm3FxC'),
('101','88101579463','Burton','Delacruz','Glendale','6231 North 59th Avenue','85301','Stefanie@johnpaul.biz','361699514','$2a$10$VuYYhOffLzW5oh6WJRWrHezzZhh.C7gBCSuP4Ek96.yN76bYXUJ/C'),
('102','89060782372','Plato','Coffey','Louisville','642 South 2nd Street','40202','Suspendisse.dui.Fusce@Nuncacsem.org','139939964','$2a$10$UfZCrC8cey.v1UQCQ/QiSOxMwk35SE1rEAEgA0IpJIjCQEbjIquui'),
('103','89110861776','Orlando','Sutton','Oakland','6431 Shattuck Avenue','94609','Thora@jeremie.net','792584338','$2a$10$pW0yeRPqNcl3U4gXZgM9je1UKQerGvwUSFvPpnEJxlBg8Xme44be2'),
('104','89122065612','Stone','Lloyd','Manchester','65 Arcellia Drive','06042','Trycia_Boyer@abigale.biz','971471338','$2a$10$KgRq7Dx6gnULGtqxk/NRZeqsVbTRSDoX9ob6pSCft2D711bRGdh26'),
('105','90030371472','Vincent','Flores','Glendale','6748 West San Juan Avenue','85303','Viviane@macie.biz','168866954','$2a$10$iDgoTmVWbiQFqqtHiAjZmub./al6zfWZLx818DSpMWsn9Oon3Cfni'),
('106','91092018273','Ezra','Vaughn','Washington','7 Underwood Place Northwest','20012','Viviane@wilford.info','992988749','$2a$10$uZfd2drIt1tIo0fu1f1PnualSlJBXEbSSzjwwx9nUBMdZvqoIi5XG'),
('107','93022189354','Ray','Horn','Savannah','7024 Johnny Mercer Boulevard','31410','Vivianne.Pfannerstilll@ollie.tv','326361126','$2a$10$y88a8ArUJ/8WoChAxR4lOeYZL8dcGf/oXgoD9CyFEO0BzaIXuZkYO'),
('108','93041318953','Nathaniel','Gamble','Panama City','7047 Vinson Road','32413','Walker.Grant@kyla.net','925836676','$2a$10$1XDxO8tJGj8AzVpwgObPl.7.zQyTuJnAyOJApqIVppZL.RnQwYqe.'),
('109','93042792767','Devin','Oneal','Chelsea','74 Heard Street','02150','Walker_Murray@curtis.io','357936534','$2a$10$hLHnRHpxQelAfpXSAW0Sf..BXMogO8gQwVix51dOIXigFS9VizrZ6'),
('110','93060998983','Nero','Fitzpatrick','Louisville','7431 Candace Way','40214','Webster_Ankunding@karl.org','991195692','$2a$10$c2xwNWOwtp5cYhU1nCVZvuBp.CwmspwpOByOSWFWIpQZ5CL2I1Ema'),
('111','93082315939','Tyrone','Garner','Arvada','7529 West 72nd Avenue','80003','Wilburn_McClure@kamryn.biz','436755934','$2a$10$3sWmXH1V.K1b9eX5P9c6ruoWc0AjgOpyurTUHEBW0bNShORFqVyrC'),
('112','95012696147','Thomas','Deleon','Arvada','8010 Holland Court','80005','Wiley@colleen.org','471545118','$2a$10$c3RKXIabP0K9o94/PBp8bO3JsINHv.iTe3zWF1wZL472t3QwserNa'),
('113','95101398295','Herrod','Luna','Washington','81 Seaton Place Northwest','20001','augue.scelerisque.mollis@ut.org','894336898','$2a$10$1uO4Aolu2oIyvuRwRIUkY.SnhctHoXQmWNKAtL6yeY6oot8wNMz6e'),
('114','96061728964','Ray','Justice','Lyndon','8202 4 Winds Drive','40222','egestas.nunc@metusssit.org','569482984','$2a$10$5ogXmAQQeWuK0CEFrjRUeOPLU2lK2bBMyvyD.fldoZW9oGk7MOyQy'),
('115','96111183321','Grady','Ellis','Savannah','822 Bowden Street','31415','facilisis@convalliserat.org','866372798','$2a$10$HwNtdRvdDxf3NZHyQY0vLeU2igiFsMrFejt.eXbUKiO6ASIiJ9Xcq'),
('116','97121371281','Troy','Blanchard','Montgomery','829 Dunbarton Road','36117','massa.non.ante@sempertellus.ca','256831764','$2a$10$jkg8554iG2Y1eqt3iutsfexRrLKZyFCjinlKeuWheNyJhvisvTjdS'),
('117','98041219945','Levi','Joyce','Everett','88 Shute Street','02149','netus@nequeIn.com','881593238','$2a$10$09p9p6SHmRJ/vEt5KiTgr.Q5wFPNOXIm8d0lYobEBKv9W8jLfTR4a'),
('118','98090418951','Kareem','Lloyd','Hesperia','9036 Calico Court','92344','nisi.Mauris.nulla@acmattis.co.uk','916937626','$2a$10$dJKwWUqwlxRRP74AkWDtCOU/7BynW0NBG4unerJaXVnWlzse1sE5i'),
('119','98112638817','Abbot','Carter','Anchorage','9101 Vanguard Drive','99507','sed.turpis.nec@rutrumFusce.com','272847689','$2a$10$S2bOoFC1X3YF8bIi4gza8OBJ22T7tXohjSKtOGoaxPZetTEbR4zKO'),
('120','99051259679','Tyrone','Nielsen','Montgomery','912 Countryside Lane','36117','urna.Ut@a.org','946518499','$2a$10$ypCy7d0RkrqAZV1OECyuGueTmQrur1FSYki1mkqTyG1Du3RFWE3YC');


INSERT INTO groups_students (group_id, student_id) VALUES 
--1a
('1','1'),
('1','2'),
('1','3'),
('1','4'),
('1','5'),
('1','6'),
('1','7'),
--Języki
('17','1'),
('21','2'),
('32','3'),
('24','4'),
('32','5'),
('21','6'),
('32','7'),
--WF
('49','1'),
('49','2'),
('68','3'),
('49','4'),
('68','5'),
('68','6'),
('68','7'),
--Angielski
('93','1'),
('81','2'),
('93','3'),
('81','4'),
('93','5'),
('81','6'),
('81','7'),

--1b
('2','8'),
('2','9'),
('2','10'),
('2','11'),
('2','12'),
('2','13'),
('2','14'),
('2','15'),
--Języki
('22','8'),
('18','9'),
('33','10'),
('18','11'),
('33','12'),
('33','13'),
('25','14'),
('25','15'),
--WF
('52','8'),
('62','9'),
('52','10'),
('62','11'),
('52','12'),
('52','13'),
('62','14'),
('62','15'),
--Angielski
('77','8'),
('77','9'),
('98','10'),
('77','11'),
('98','12'),
('77','13'),
('77','14'),
('98','15'),

--1c
('3','16'),
('3','17'),
('3','18'),
('3','19'),
('3','20'),
('3','21'),
('3','22'),
('3','23'),
('3','24'),
--Języki
('26','16'),
('34','17'),
('34','18'),
('22','19'),
('17','20'),
('26','21'),
('34','22'),
('26','23'),
('34','24'),
--WF
('48','16'),
('70','17'),
('48','18'),
('48','19'),
('70','20'),
('70','21'),
('70','22'),
('48','23'),
('70','24'),
--Angielski
('105','16'),
('96','17'),
('105','18'),
('105','19'),
('96','20'),
('105','21'),
('96','22'),
('105','23'),
('96','24'),

--1d
('4','25'),
('4','26'),
('4','27'),
('4','28'),
('4','29'),
('4','30'),
('4','31'),
('4','32'),
--Języki
('18','25'),
('18','26'),
('21','27'),
('35','28'),
('25','29'),
('35','30'),
('35','31'),
('25','32'),
--WF
('57','25'),
('48','26'),
('57','27'),
('48','28'),
('57','29'),
('57','30'),
('48','31'),
('57','32'),
--Angielski
('79','25'),
('84','26'),
('79','27'),
('79','28'),
('79','29'),
('84','30'),
('84','31'),
('79','32'),

--1e
('5','33'),
('5','34'),
('5','35'),
('5','36'),
('5','37'),
('5','38'),
('5','39'),
--Języki
('36','33'),
('36','34'),
('17','35'),
('36','36'),
('24','37'),
('21','38'),
('36','39'),
--WF
('107','33'),
('107','34'),
('107','35'),
('50','36'),
('107','37'),
('107','38'),
('50','39'),
--Angielski
('100','33'),
('92','34'),
('100','35'),
('92','36'),
('100','37'),
('100','38'),
('92','39'),

--1f
('6','40'),
('6','41'),
('6','42'),
('6','43'),
('6','44'),
('6','45'),
--Języki
('37','40'),
('18','41'),
('37','42'),
('27','43'),
('37','44'),
('37','45'),
--WF
('54','40'),
('59','41'),
('54','42'),
('54','43'),
('59','44'),
('54','45'),
--Angielski
('95','40'),
('95','41'),
('95','42'),
('102','43'),
('102','44'),
('102','45'),

--1g
('7','46'),
('7','47'),
('7','48'),
('7','49'),
('7','50'),
('7','51'),
('7','52'),
('7','53'),
('7','54'),
('7','55'),
('7','56'),
--Języki
('26','46'),
('22','47'),
('38','48'),
('26','49'),
('21','50'),
('17','51'),
('38','52'),
('38','53'),
('17','54'),
('38','55'),
('38','56'),
--WF
('58','46'),
('53','47'),
('58','48'),
('58','49'),
('58','50'),
('53','51'),
('58','52'),
('58','53'),
('58','54'),
('53','55'),
('58','56'),
--Angielski
('76','46'),
('99','47'),
('76','48'),
('76','49'),
('99','50'),
('99','51'),
('76','52'),
('76','53'),
('76','54'),
('99','55'),
('76','56'),

--1h
('8','57'),
('8','58'),
('8','59'),
('8','60'),
('8','61'),
('8','62'),
('8','63'),
--Języki
('18','57'),
('21','58'),
('18','59'),
('38','60'),
('27','61'),
('27','62'),
('38','63'),
--WF
('65','57'),
('53','58'),
('65','59'),
('53','60'),
('65','61'),
('65','62'),
('65','63'),
--Angielski
('103','57'),
('82','58'),
('82','59'),
('103','60'),
('82','61'),
('103','62'),
('82','63'),


--2a
('9','64'),
('9','65'),
('9','66'),
('9','67'),
('9','68'),
('9','69'),
('9','70'),
('9','71'),
('9','72'),
--Języki
('39','64'),
('39','65'),
('28','66'),
('39','67'),
('20','68'),
('23','69'),
('28','70'),
('28','71'),
('39','72'),
--WF
('71','64'),
('74','65'),
('74','66'),
('71','67'),
('74','68'),
('71','69'),
('71','70'),
('74','71'),
('71','72'),
--Angielski
('87','64'),
('104','65'),
('87','66'),
('104','67'),
('104','68'),
('104','69'),
('104','70'),
('87','71'),
('87','72'),

--2b
('10','73'),
('10','74'),
('10','75'),
('10','76'),
('10','77'),
('10','78'),
--Języki
('40','73'),
('28','74'),
('40','75'),
('40','76'),
('40','77'),
('20','78'),
--WF
('63','73'),
('71','74'),
('63','75'),
('63','76'),
('71','77'),
('63','78'),
--Angielski
('75','73'),
('75','74'),
('94','75'),
('75','76'),
('94','77'),
('75','78'),

--2c
('11','79'),
('11','80'),
('11','81'),
('11','82'),
('11','83'),
('11','84'),
('11','85'),
--Języki
('29','79'),
('23','80'),
('29','81'),
('41','82'),
('29','83'),
('23','84'),
('29','85'),
--WF
('61','79'),
('61','80'),
('56','81'),
('61','82'),
('56','83'),
('61','84'),
('56','85'),
--Angielski
('88','79'),
('89','80'),
('88','81'),
('89','82'),
('88','83'),
('89','84'),
('88','85'),

--2d
('12','86'),
('12','87'),
('12','88'),
('12','89'),
('12','90'),
('12','91'),
('12','92'),
--Języki
('46','86'),
('42','87'),
('30','88'),
('30','89'),
('42','90'),
('19','91'),
('42','92'),
--WF
('66','86'),
('66','87'),
('47','88'),
('66','89'),
('47','90'),
('47','91'),
('66','92'),
--Angielski
('101','86'),
('80','87'),
('101','88'),
('80','89'),
('101','90'),
('101','91'),
('80','92'),

--2e
('13','93'),
('13','94'),
('13','95'),
('13','96'),
('13','97'),
('13','98'),
--Języki
('19','93'),
('46','94'),
('41','95'),
('30','96'),
('41','97'),
('30','98'),
--WF
('60','93'),
('73','94'),
('60','95'),
('73','96'),
('73','97'),
('73','98'),
--Angielski
('86','93'),
('83','94'),
('83','95'),
('86','96'),
('83','97'),
('86','98'),

--2f
('14','99'),
('14','100'),
('14','101'),
('14','102'),
('14','103'),
('14','104'),
('14','105'),
--Języki
('43','99'),
('46','100'),
('23','101'),
('28','102'),
('20','103'),
('46','104'),
('20','105'),
--WF
('60','99'),
('51','100'),
('60','101'),
('51','102'),
('51','103'),
('51','104'),
('60','105'),
--Angielski
('90','99'),
('90','100'),
('91','101'),
('91','102'),
('90','103'),
('91','104'),
('90','105'),

--2g
('15','106'),
('15','107'),
('15','108'),
('15','109'),
('15','110'),
('15','111'),
('15','112'),
--Języki
('19','106'),
('44','107'),
('31','108'),
('19','109'),
('44','110'),
('23','111'),
('19','112'),
--WF
('69','106'),
('72','107'),
('69','108'),
('72','109'),
('69','110'),
('69','111'),
('72','112'),
--Angielski
('85','106'),
('97','107'),
('85','108'),
('85','109'),
('97','110'),
('85','111'),
('85','112'),

--2h
('16','113'),
('16','114'),
('16','115'),
('16','116'),
('16','117'),
('16','118'),
('16','119'),
('16','120'),
--Języki
('23','113'),
('31','114'),
('45','115'),
('45','116'),
('31','117'),
('45','118'),
('19','119'),
('19','120'),
--WF
('72','113'),
('64','114'),
('72','115'),
('64','116'),
('72','117'),
('64','118'),
('64','119'),
('64','120'),
--Angielski
('78','113'),
('106','114'),
('78','115'),
('78','116'),
('106','117'),
('78','118'),
('106','119'),
('78','120');



INSERT INTO legal_guardians (guardian_id, PESEL, name, surname, street, city, postalCode, email, phone, password) VALUES
('1','00210717433','Nathaniel','Reeves','Savannah','10 Dalry Lane','31419','Abbigail@paolo.ca','893412115','$2a$10$sEziM/NF8KwV46Hg3kemI.PP6E18EwYl0PUkhsINuoctd0V1Lpqoa'),
('2','00231383174','Abraham','Maxwell','Louisville','10124 Watsonville Road','40272','Abner.Orn@ila.name','656611963','$2a$10$1YHWQ/bNrfUHfichm6JX7e0RTQMuyihkKlHTaErsKdP70SPUy562q'),
('3','00252518593','Tyrone','Silva','Fayetteville','102 East Cydnee Street','72703','Abner@juwan.biz','452569341','$2a$10$rIYDX98fZcK5t4gwKrheyeXE6lOzXwUHqYkUtJn1QScYXGVvdagiW'),
('4','00320547852','Hall','Baldwin','Waddell','10304 North 179th Drive','85355','Adaline_McClure@hailee.com','232664398','$2a$10$N8fULX/BqnjZTGhVMv1da..eHIkY.P8Ae9xeDdzvYgY1UJUl1iVwi'),
('5','02260326726','Abraham','Caldwell','Anchorage','1040 West 27th Avenue','99503','Adrain@nella.name','216416138','$2a$10$.//9QVPPXB0V4KE2LzPXWuZPs5lKK381Xbi2NWtaWZ.PterT8ASeC'),
('6','02301121884','Galvin','Morse','Savannah','107 Laurel Green Court','31419','Adrianna@mossie.ca','615454487','$2a$10$t6fgjgZFue.NMKdMtFd4uu957P8qVSxbGvalJy30R9LleZwQSieTm'),
('7','03321999383','Caldwell','Brooks','Cupertino','10881 Northforde Drive','95014','Albina@jarrod.ca','184721968','$2a$10$gplHmo/VxQQuH2TfOIiAP..JBheQV0UrQj8C2D49pkJ9JylmHuEEW'),
('8','44022619343','Wesley','Robles','Louisville','109 Cambridge Station Road','40223','Alec.Kshlerin@gunner.us','588288818','$2a$10$Asl7psa5TdrACYyEvq0V2.c4N4lc6KVcUICxOZIvjKlkuLJCc4AuC'),
('9','44050434475','Micah','Faulkner','Manchester','110 Castle Hill','06040','Alexzander@herminio.co.uk','332489457','$2a$10$zcH2nDRyHRbYDKNnKutYJOAKoFrXHVGGr/6pEQ4SqU2Ox7LF5KrGi'),
('10','44082783389','Octavius','Tran','Washington','110 Seaton Place Northwest','20001','Aliquam.nec.enim@mattisvelitjusto.com','976736462','$2a$10$dnRpbRDbhahInb0cA4v5vur61kKscF4C0Rmy90S/aijEXRh7PpB2u'),
('11','44093075426','Keith','Delacruz','Savannah','1106 Homer Avenue','31405','Amos_Abshire@leif.tv','959414165','$2a$10$WqAhb/w/kNhxa2LcmhwU0uCloV6se1qk/dS4dxowBdp0iVxMMLOpm'),
('12','45051442953','Herrod','Caldwell','Glendale','11843 North 60th Avenue','85304','Annabel@oda.biz','621376312','$2a$10$vxCdrjKCHJC0jiQkdrYBsuHOmxmcP6R/Mqtus4I.2lFXPYuLZgVXS'),
('13','46071549451','Len','Maxwell','Manchester','12 Kane Road','06040','Annamae@madeline.us','633582183','$2a$10$0Tk638QyfLuN09ru0XwO7eAJWsyh8Ea.7G5Da8WmvRT7lmJ6z5qsi'),
('14','46120143494','Nero','Velasquez','Louisville','1216 West Hill Street','40210','Antonina_Grady@maybelle.com','985782918','$2a$10$RdEBCHOxkHnjHDvLayCZkOMHVrizmVdXmsWOLHQZUW.a3Z0I9rK9e'),
('15','47082432888','Tyler','Harding','Deale','1223 Delaware Avenue','20733','Armani.Greenfelder@ida.me','526852333','$2a$10$m5Ks/SJFTPaBIfXt3oprJeVb1RcC3hOJb4wM22t3KPcEvYv49MJh.'),
('16','49010336518','Orlando','Eaton','Madera','1234 Carmel Street','93638','Austin@assunta.biz','947418437','$2a$10$3beEmDk.M7eO0ioZS4Xvb.otKZzxYD9o6w3OhgsVT5ZM5gSXfJnfS'),
('17','49031591394','Cedric','Caldwell','Litchfield Park','12460 West Solano Drive','85340','Beau@edgar.us','237616585','$2a$10$XXOBq6o34dYBorDsjTq0n.Ef2WEbnV4jWQx91nKPQUyRnw01zvEWO'),
('18','49051871339','Anthony','Mendez','Manchester','126 Marjorie Lane','06042','Bennett.Cassin@noemie.ca','549891159','$2a$10$8ySNVxU1LyYM.fGOH9W1nOezPWJRBVMmsxwrLzVqmuUh2/wgjhRBC'),
('19','49070863843','Judah','Ellis','Fayetteville','140 South Hill Avenue','72701','Bernice@kaya.org','943689376','$2a$10$xDBbBz5EGP/zkPJWwmBGdOfYEAgKPbB3GS3zGpM89FVoIa0IhKPe2'),
('20','50012437848','Damon','Carroll','Savannah','1403 Lincoln Street','31401','Bert.Williamson@timmy.me','939515915','$2a$10$.TJrEzbw/on02UPUZWQnueLJxPYTIpbJ9jijoGPOAsULaiXbxLx6S'),
('21','50120432795','Brady','Summers','Severn','1516 Ringe Drive','21144','Brad@luna.io','757659994','$2a$10$bmE0njCWek5CT1ZvNgSY/uuJyI40GQS4q5hD5ettb1dV5j1L/vmna'),
('22','50121395866','Nathaniel','Mendez','Arvada','15847 West 74th Place','80007','Brandyn@yolanda.co.uke','171258693','$2a$10$M/Q5sZ7oFeoPSgrTfTh4fO695tcf4DtCFnDGhoaolvpSbKZ80Hizq'),
('23','51010862375','Orlando','Sharp','Montgomery','1622 Edgar D Nixon Avenue','36104','Brett@lourdes.us','936178127','$2a$10$.Ktl8Fj7YjNYaVvDY7vOMehT125XZiYBvkfuN/vkUZ6j6/SwdyD4a'),
('24','52102425634','Stone','Coffey','Pooler','171 Brickhill Circle','31322','Brielle@george.tv','821325352','$2a$10$2D6co3OW1c9gPY.es3bY1OQ4Opeb9s6swIYYOeAUs6lN8D9j9gx1S'),
('25','53022273417','Aquila','Snow','Oakland','1732 27th Avenue','94601','Callie.Ruecker@horace.io','626433122','$2a$10$6CHFwqwXgbPwf8nsyqDK0uGjtczned7YJWwaA14U/gwxAqJi3CjWW'),
('26','53031491837','Burton','Lloyd','Washington','1745 T Street Southeast','20020','Camille@yadira.com','974487612','$2a$10$lLFABi.WARxazQuCsZGPj.W/NZdGiO9CxMnAWbfNYYRTDGKfH/Uge'),
('27','53032852857','Vance','Skinner','Fayetteville','1753 Zion Road','72703','Candace.Schmidt@dora.tv','131487717','$2a$10$7BjvRwcJRosUCqrBvn7kW.BpSh0SAdXcu2vaj6yY5im2TumvBp//q'),
('28','54082297748','Cadman','Mosley','Millersville','1771 Daisey Court','21108','Carli.Ryan@lenny.us','427798931','$2a$10$JLyVgh2lZKvPHxHhBjmBvOqcgBUlFiEmMxHGRyKN5C.oBkYAiYLiS'),
('29','55061985458','Isaiah','Justice','Panama City','1831 Frankford Avenue','32405','Carole_Stroman@amari.us','667921542','$2a$10$odSMzeDvUQsp0t/MKegNxO8ZbVZFW0ddSh4r1sZ4Eu.H.ZnGMqvwS'),
('30','55112833116','Donovan','Ramirez','Crofton','1838 Crofton Parkway','21114','Carolina_Bailey@marianna.info','211552546','$2a$10$oiM1cRL8qyEciH20LWFe0ezYIWAzs2V2UAQBje6Taxwx07H.olEy2'),
('31','57062088369','Cedric','Blanchard','Essex','188 River Road','05452','Casper.Botsford@janelle.biz','853518815','$2a$10$vGCkPa5Gdi.MXSRc9jYeEuRStuOtJ2WeqpknQ4ccHHVaORcH3P5Q.'),
('32','57072476615','Cullen','Elliott','Oklahoma City','1915 Southeast 29th Street','73129','Cedrick.Gerhold@claudie.org','656817715','$2a$10$SzH0MjqFw4J1lEUm/l1XtuP9I2y5gj/CYu9vNXnKEkFjBCNBe43ne'),
('33','57083162853','Stone','Morrow','Glendale','19404 North 77th Avenue','85308','Chadd@lamar.info','977172949','$2a$10$ywFg/he/9vsXaNXp.Efr5u8FB0giKoGhxemHpxRNFPwc/fT9s7GKC'),
('34','57090281118','Brady','Mosley','Springfield','195 Nursery Street','01104','Cynthia@floyd.info','659657767','$2a$10$/kzQcPKvqhcK2SIKk6jnWOE8Lk09mGZhs1TJ3f3l/Eb.MJeKLkuKS'),
('35','57092814615','Kermit','Ramirez','Fayetteville','2027 North Shannon Drive','72703','Damien@art.name','565651823','$2a$10$qpxlc/vZhLIGZcHE/deIx.mRyBXYaE8WYAVaEHXmHHA6l9shpcszy'),
('36','58032061353','Kareem','Robles','Manchester','207 Spruce Street','06040','Dax@jason.info','198394485','$2a$10$nk7M2DP3pVLkLWmozCiPTOPshqkPXTiLBoj/Iv6eS9r7u./1xPjA.'),
('37','58042849833','Herrod','Lloyd','Westmore','210 Lacross Lane','05860','Devon.Glover@jennyfer.net','997322724','$2a$10$k2DvHWMXY29ox.cOFM4wCOLy12VAIcsdUsFOJSWZaWNC6adR33C4K'),
('38','59010931941','Sylvester','Garner','Edmond','2100 Sandy Creek Trail','73013','Diana@kaleigh.name','857644793','$2a$10$FM4qvr4azTo75P5xzmYXoeFRDqKho3vdRuqlf4PxzHGTNtDmoDSUq'),
('39','59040291691','Aquila','Harding','Washington','22 Gallatin Street Northeast','20011','Douglas@anastacio.info','844573371','$2a$10$rlSPN7eeRRfCviT7QEZboeJg7Ms6Wsqsc2cysoLyPKNdpoLezCqfG'),
('40','59121331799','Lane','Luna','Louisville','2203 7th Street Road','40208','Drew@jayda.tv','447123862','$2a$10$aN3DAKk6pAWp4IHrx8KZV.Sst4J5.Pf47usfwXs9y2LYH3gwUMQiu'),
('41','60042074421','Chadwick','Eaton','Montgomery','2212 Greenville Street','36107','Duis.risus.odio@dolor.co.uk','858739238','$2a$10$T4JPCrmmD.NnxJ0azO2K0OpJ0qvNC3Qx9pM.XdHDVTS0CcOnzMj/6'),
('42','61031083864','Chadwick','Sampson','Montgomery','2276 West Woodley Square','36116','Edgardo@haylee.org','557789576','$2a$10$4kEaBT6Dftc0GJ2j1XggGeNJGuSUXDHOwLx9wxP19qzTnY9ALTq1G'),
('43','62062931128','Xanthus','Kinney','Panama City','232 Maine Avenue','32401','Edison@shaniya.net','495244571','$2a$10$92xjlVOK.8uNwm3tXL6g6eXVvsrTRjs0NjWqZJPnz7qJ9Bg9LdN96'),
('44','62072825581','Cameron','Faulkner','Berkeley','2414 Parker Street','94704','Eladio@florence.com','252532416','$2a$10$2p2GGFHoAYDbHAJrAjee2ukozFjV8JYHD8d0lb.5nPs0TroThLMcC'),
('45','62083177589','Lionel','Sharp','Hayward','24147 Clinton Court','94545','Elmira@melody.co.uk','375711198','$2a$10$4JjWPfP/6Dv/MHWJxSky9OR.5Yx5G3KZ1prOLVvu/mKHH9Njw5S.y'),
('46','63060298369','Clinton','Thomas','Quincy','25 Morton Street','02169','Elvera_Wolff@chris.ca','771135345','$2a$10$bQ05Fol2GjDROsDZ3jtjYuDE7bfnIkRa/Xey2kXc2EhShT35ZkeV.'),
('47','63102621364','Abbot','Montoya','Montgomery','2500 Snowdoun Chambers Road','36105','Emily@raymundo.tv','177982286','$2a$10$Phr0WaXt3zxJ2bY9rmWnZ..1NIEe7PDDkSL9twLfEeKS/Gx7kUJay'),
('48','64020737665','Ira','Cohen','Soldotna','264 Crest Drive','99669','Ernestine_Cormier@armando.biz','443593218','$2a$10$CG8mStfwZJtLzVF1ym70JuNnjsSsLaoo/xhbUDUKhBjoWxcCJ3Lty'),
('49','64062198459','Demetrius','Romero','Fremont','2755 Country Drive','94536','Estelle_Conroy@ray.org','451597341','$2a$10$au.DGc1brHs79SqBeW0d4O4hgN24b7IcaPXZVJJmVnDH4RBFPDw6S'),
('50','64091744333','Tate','Kinney','Manchester','28 Wilfred Road','06040','Esther.Bode@princess.com','497979444','$2a$10$TQhQDj9hgO4JajumxYChfeNC0PYTgi9xn8mJPx66.t27l.c43b9aq'),
('51','64100938531','Lionel','Clements','Evans','2931 Shady Oaks Drive','80620','Eulalia@tyreek.net','745853332','$2a$10$PaW3.5mvsfF0.rEIv6jdrOzPph.BO5UXO8JcTL0PtgtpRLNrJ6Ozi'),
('52','64122237654','Burton','Barnett','Montgomery','311 South Panama Street','36107','Fabian_Harvey@aric.biz','559784978','$2a$10$Fu3VUHTz4LROw0ydukah5um5q6LVnvFNUBiDX6UACwCB86PS4w90C'),
('53','65032838584','Abdul','Robles','Panama City','312 North Cove Boulevard','32401','Felicia@dave.tvn','146836752','$2a$10$pfh13P2FksjmGMe8JsXGNu72DCVkthxFtV84.S91EoRHkxlT/BqnK'),
('54','65051043763','Nero','Hays','Savannah','317 Windsor Road','31419','Fletcher_Legros@aryanna.net','739329214','$2a$10$XWonsL/ocjYV8dFO3r2hpOZKP21YW79pYoo0sRUey40Vy4gHaTJxy'),
('55','65060372214','Grady','Justice','Washington','3194 Bladensburg Road Northeast','20018','Francisco.Price@amelia.us','723164482','$2a$10$Ln/sYJwFI3EK9I9I86skX.JjVDnflIMWd8/qJS4UVWZtkAfmD7tqG'),
('56','65120259996','Paul','Montoya','Nashville','3219 Lakeshore Drive','37138','Gayle@aletha.tv','331827898','$2a$10$fQvB87jNbafXuGVT/KauUOqIXhQDFRZkFVJdcxH7X1C8.353TEf0C'),
('57','66040578967','Ahmed','Marquez','Rancho Cordova','3228 Chettenham Drive','95670','Geoffrey@allen.me','651135379','$2a$10$iS.Kf0xgJvIxjN6uTEbW/e9KCOfUxTmT3Hvy7iJWD3cqV5SidlqW2'),
('58','67010194897','Grady','Fischer','Brookline','33 Pond Avenue','02445','Grady@einar.io','151826524','$2a$10$rgeGkibLJtSPQaOpj4tbZeOIfuJpui4mIjAj8W9iNwGNgbHj8HsfS'),
('59','67030932826','Jerry','Hays','Anchorage','3301 Old Muldoon Road','99504','Gregory_McDermott@kamren.me','363575938','$2a$10$Ugx8.fD0K5RPOiQUiQxcoeN9YWDFDyT1lpKYJOHaBlE/hbC97pGZu'),
('60','67032184498','Harding','Hobbs','Louisville','3321 Furman Boulevard','40220','Gunner.Brekke@courtney.biz','116622113','$2a$10$Vyyb9YqlGfwGWPIRKxxug.m.Lz7lkrYSIIXg2EqMMCJp.fkDRNGmK'),
('61','67082946468','Jerry','Bonner','Manchester','34 Holyoke Road','06040','Haskell@elissa.biz','468447425','$2a$10$V9mSzEUK1pwWuDsIKdmEDedHlPJGyaBLy91FTVdhrgdMVOm.Xy92m'),
('62','68031842897','Ira','Vargas','Montgomery','343 Daman Drive','36108','Haylee_Osinski@denis.org','246741556','$2a$10$xDOZ1U964dBb8ehbHTnfieQNqXqUJG3Bc/RcpW9MOYNvoG4bu5cWW'),
('63','68060562889','Connor','Gamble','Nashville','347 Brewer Drive','37211','Idella@florian.tv','491681412','$2a$10$OOEr949v9RMS4OuGcbOm0uDDvRIXvyvFC6yRCvWzlTUkaMWDLh5Ea'),
('64','68080298977','Curran','Marquez','Worcester','35 Keach Avenue','01607','Ivory@darien.biz','746623444','$2a$10$v9dOXJXcaXf7ApIuR04EMu6E/0zT2mtGDuIvZUHYKYlF5oBUVf1oC'),
('65','70061462624','Chaim','Morrow','Louisville','3620 Colmar Drive','40211','Jamey.Harris@sage.tv','491862139','$2a$10$kpQbIJTdphARtpzJkvf6w.Xxk1JoFkMUaTZWcSesZ3osxhaYaMj/m'),
('66','70062147584','Xanthus','Velasquez','Tyndall Air Force Base','3722 Kisling Loop','32403','Jaquan_Carroll@aric.io','798832698','$2a$10$Y.oY6aCWq1jO0X.81nzouO6HNFql2rlTwXrD1FaLofW9gUF89k3e6'),
('67','71010715749','Tate','Cohen','New Haven','386 Daniels Road','05472','Jaunita.McClure@marvin.info','175487427','$2a$10$Fl.VxvzZhz61z3OvoPn5D.jPcmtKvaTj2AHztKqHwrqsBgmVRmFE6'),
('68','71090749399','Micah','Horn','Mathews','403 Turkey Creek Road','36052','Joel_Marvin@alice.com','692622359','$2a$10$6t.HBiXlKwSqFBpVZPRfHuqT6KKGGhFe2WYEegXQpR2Wm86aQSIfy'),
('69','72080232253','Cedric','Deleon','Louisville','412 Virginia Avenue','40222','Karelle@crystel.biz','187858279','$2a$10$w3pSswQRYMFcGlV1O9egs.4TgURMRBNxmuQU95/F8A6Vg84iU6ARG'),
('70','73081675863','Len','Carter','Montgomery','4136 East Virginia Lane','36116','Karen.Eichmann@tressa.org','492995587','$2a$10$/mrSXwoURqxrblSo4JKhj.6LbJ0qLMkfBO9rkTDdPaGiS474mqyhy'),
('71','73091272429','Cameron','Foreman','San Leandro','424 Callan Avenue','94577','Karlie@jarred.biz','121415395','$2a$10$qMtjYQeRtos8VckQoJG9cunbowcrV6SRLGiWOgQpmvxVvtEtWdv5O'),
('72','74051587469','Orlando','Morrow','Savannah','43 Henderson Avenue','31406','Katelyn.Stokes@russ.name','918324932','$2a$10$B1fB8NuTNXyiNbOEMXVRLeJyiRyHvuYGXMxTqisaEFJOzU0LpNb06'),
('73','75121213682','Chaim','Flores','Manchester','44 Campfield Road','06040','Kathryne_Rau@nels.co.uk','117916524','$2a$10$g6.VmJUSOjTRM15LLSo8UeVeJY8257iKYcTID891FYk.125StMYVe'),
('74','75122586914','Kermit','Carter','Baldwin Park','4438 Maine Avenue','91706','Katrina@keith.us','643366785','$2a$10$jnEkA2kt1a84ODLYGX94BeLmDQhCO8/NTzqw/IaJsMlnPVycUIDRq'),
('75','78090572846','Chadwick','Williams','Panama City','4617 East 3rd Street','32404','Kay@abby.org','912435527','$2a$10$WhPILURBt0SsBHJzMDSGfu62VqyeRZK1tjRxwU6Ws4ygQ4UguLBne'),
('76','79020666516','Raymond','Brock','Washington','4709 Blagden Terrace Northwest','20011','Kellie_Kilback@gavin.ca','361488128','$2a$10$M54o49yf17zht0liaoIn4.5styyQ2VU/YtBeWmk0jULBUOpgMIyUa'),
('77','79031187914','Abraham','Garner','Warr Acres','4807 North Grove Avenue','73122','Laron@aubrey.co.uk','944919744','$2a$10$NgNMLcNsntdez2jMpA8Q0ePk/ZahdVyqn/Ec0LRMBTDcooP7mxTAq'),
('78','80022044558','Eric','Ellis','Arvada','4924 West 65th Avenue','80003','Leif@preston.org','667961553','$2a$10$kE3k3SzZ2OhKqmRTZ7DsHudz7/HcL7exZDXdPQa4n2zUWyAturBwK'),
('79','80052784552','Rooney','Williams','Livermore','4981 Shirley Way','94550','Levi.Pfannerstill@kitty.tv','712169772','$2a$10$Wsr1LfutUHFeJLFBYTDJeuBaqYySxGdrWx4053HY4863s/ao0MdyW'),
('80','80082282947','Donovan','Luna','Glen Burnie','503 Orchard Road','21061','Liliana@nellle.info','235217479','$2a$10$3aIgcMKQaDlwOte61Yo0sOxfJsnhQ7.fg5gODwinnvRTJqJRHy2Iq'),
('81','80111252372','Octavius','Deleon','Fayetteville','513 Habberton Road','72703','Lilyan.Stiedemann@soledad.com','134789713','$2a$10$9pZMh.rKy5hBml.xo7evNueGBh/So/T/dZos78rCHd6vg.Aa7goQu'),
('82','81071424195','Orlando','Maxwell','Oklahoma City','5201 North Miller Avenue','73112','Lonie@callie.tv','865433565','$2a$10$2y1FDAqYXavapUBmcGM0eu7KGDBg/KHSVqD5i0dqPPVloYbwTwVsm'),
('83','81080968686','Kaseem','Horn','Glendale','5222 West Laurie Lane','85302','Margarette@daija.com','616546852','$2a$10$vyiPdF8s64hs1Yr3LWiCkun5X8sUeU8dYN6JSVNI5tcpNfcwp9WJq'),
('84','81081188753','Cadman','Nielsen','Glendale','5334 West Northern Avenue','85301','Marlen_Nolan@toney.meme','534741562','$2a$10$5sBhwJnVANQQr1WJwE6qaOr0c0LF2nBYpiOK/lMlysSRoXsKOBKKm'),
('85','82010334773','Abbot','Le','Montgomery','5370 Business Park Drive','36116','Maryse@adam.name','422739445','$2a$10$i1qkNUmATOPFTq538fZFV.JOU/pLQNhhLJizZAG8/FE7poEw2l/CC'),
('86','82013146818','Kareem','Chase','Arvada','5378 Allison Street','80002','Melvina@camila.io','626176451','$2a$10$H35Sb6ga.VAgqa3j31vkZel5B2dAGGZRQuqkcjxyyivTl53DOweL.'),
('87','82092154719','Octavius','Blanchard','Montgomery','5470 Atlanta Highway','36109','Meredith@therese.name','836578654','$2a$10$K4CIzkCaETYVcmctBv.ize39mC/gIqn8TVEkGqzGYwD4dTcqFZ4rS'),
('88','82093064431','Kaseem','Nielsen','Nashville','555 North Dupont Avenue','37115','Mikayla@imogene.info','593662851','$2a$10$oAF/n5TBHAWv71dt7UAaoeF8WTUrPXeHfpUo8dipGREu09lX9He2i'),
('89','82111983542','Rafael','Fischer','Fayetteville','562 South Pierremont Drive','72701','Minerva@clare.biz','648337762','$2a$10$A.xdq9bjWl4aB4P.vD/pj.6N6pZsTOXjLzBJDM3E69I7a5klGQ4FK'),
('90','82112892263','Raja','Cohen','Glendale','5628 West Tonopah Drive','85308','Miracle@dora.us','126178331','$2a$10$fjB9IDWROWGCHvp/3v0HC.6jsXbGW8lpWMg/qBLyLqwyHuem.Zm7K'),
('91','83033112685','Abraham','Eaton','Lynnfield','570 Broadway','01940','Mohamed@dayna.name','931526533','$2a$10$1b.DI.Ag1hnk6NENvFOwUeRDAaaT2bVBZYq/EPyFpsxpm/gRr59ku'),
('92','84071528241','Ahmed','Lloyd','Santa Rosa','5792 Owl Hill Avenue','95409','Mortimer.Kilback@jacklyn.biz','578657936','$2a$10$PQHnbBVXYiPXm4yz/ZOlHOJaK9EWL/cHd.cIFJE4RGB1a5nHokpj2'),
('93','84072111792','Fuller','Chase','Louisville','6007 Applegate Lane','40219','Neil_Murray@alia.ca','843842724','$2a$10$PBVjOaqsuXZ/KmUFy2Iu0OyYoEWWB58QGI.keyFFHIaq2/8kKUUEW'),
('94','85031428247','Herrod','Justice','Arvada','6049 Quail Street','80004','Nils@ocie.tv','899384682','$2a$10$L/O6o6hQLxaPRjn6E.PI1uxKFMYBIfxxhzmcp3RhFwZCT.RGV9gvy'),
('95','85050978738','Abbot','Henderson','Washington','615 Q Street Northwest','20001','Ole@annabel.name','233841149','$2a$10$TA7ijoT9EJIgo5Mg.2v40u1YrBpShc/rBe71nsd2Sd0yV4Ni7rBLy'),
('96','85100431862','Judah','Coffey','Glendale','6231 North 59th Avenue','85301','Opal.Hickle@gaylord.com','383626939','$2a$10$mDQkF4gjh1le8tayzVcNXeocZ7P5Fe.MM/LqEBJKyJDDCsGGmYGXG'),
('97','85121665181','Judah','Jacobs','Sacramento','6244 Sun River Drive','95824','Paul@sally.biz','425511478','$2a$10$6LtFPCJPsJVGtptZayew/utFK/K2tu1Oy1DFVU9O.oqd7eBd2T2ve'),
('98','86052016228','Kelly','Jackson','Arvada','6424 Simms Street','80004','Philip@mariano.com','741578845','$2a$10$Hx5Ms6c3GOVO/jGM5yNXIu5M/lOpoaaMOW3cuTPF6xwLHjlH8mqbS'),
('99','87011229178','Wesley','Snow','Vershire','6460 Vermont 113','05079','Quinton@ottilie.com','531349559','$2a$10$ubTCdWSyYuA4xR7niSA4PuEJRVBBYBSi7hYyeYUnOANPuqY3Xy4eq');

INSERT INTO guardians_students (guardian_id, student_id) VALUES
('1','63'),
('2','7'),
('3','73'),
('4','98'),
('5','101'),
('5','67'),
('6','77'),
('7','113'),
('7','17'),
('8','80'),
('9','112'),
('10','65'),
('11','70'),
('12','62'),
('13','9'),
('14','45'),
('14','120'),
('15','25'),
('16','115'),
('17','35'),
('18','96'),
('18','27'),
('19','57'),
('20','32'),
('21','31'),
('22','53'),
('23','109'),
('23','16'),
('24','84'),
('25','42'),
('26','74'),
('26','105'),
('27','29'),
('28','44'),
('29','88'),
('30','6'),
('30','78'),
('31','46'),
('31','5'),
('32','100'),
('33','23'),
('34','81'),
('35','39'),
('36','40'),
('37','48'),
('37','24'),
('38','72'),
('39','107'),
('40','85'),
('41','8'),
('42','94'),
('43','92'),
('43','30'),
('44','10'),
('44','3'),
('45','26'),
('46','2'),
('47','71'),
('48','114'),
('48','11'),
('49','37'),
('50','18'),
('50','97'),
('51','13'),
('52','12'),
('53','116'),
('54','41'),
('54','103'),
('55','14'),
('55','87'),
('56','55'),
('57','89'),
('58','61'),
('59','102'),
('60','79'),
('61','119'),
('62','68'),
('63','4'),
('63','106'),
('64','58'),
('65','1'),
('66','56'),
('67','15'),
('68','49'),
('69','90'),
('70','86'),
('71','110'),
('72','33'),
('73','20'),
('74','118'),
('74','108'),
('75','99'),
('75','47'),
('76','34'),
('77','75'),
('78','54'),
('79','51'),
('80','69'),
('81','95'),
('82','19'),
('83','76'),
('83','43'),
('84','38'),
('85','104'),
('86','83'),
('86','22'),
('87','64'),
('88','50'),
('89','93'),
('89','28'),
('90','52'),
('91','21'),
('92','117'),
('93','82'),
('94','111'),
('95','91'),
('96','60'),
('97','66'),
('98','36'),
('99','59');

INSERT INTO lessons (lesson_id, group_id, subject_id,date,slot, topic) VALUES 
(1, 1, 1, '2019-05-27',3, 'Wzory Viete`a'),
(2, 2, 14,'2019-05-27',5, 'Budowa układu pokarmowego'),
(3, 89, 4,'2019-05-28',4, 'Past Perfect Continuous'),
(4, 100, 18,'2019-05-28',1, 'Gimp'), 
(5, 63, 6,'2019-05-28',3, 'Haratanie w gałę'),
(6, 16, 17,'2019-05-28',6, 'Zwierzęta'),
(7, 17, 9,'2019-05-30',1, 'Ну, погоди!'),
(8, 4, 11,'2019-05-30',7, 'Pieniądze'),
(9, 86, 4, '2018-9-7', 2, 'Gertie reassuringly had on the loathsome shake'),
(10, 36, 5, '2019-3-21', 1, 'Samuel warmly attended until the happy-go-lucky sultan'),
(11, 11, 7, '2019-4-1', 5, 'Erika supposedly slipped considering the sleepy excuse'),
(12, 11, 7, '2018-10-15', 5, 'Elektra helplessly signed over the nice clavicle'),
(13, 78, 4, '2018-10-4', 2, 'Cathleen powerfully attended despite the miserly review'),
(14, 87, 4, '2019-3-29', 3, 'Eamonn randomly worried round the rectangular console'),
(15, 12, 1, '2019-1-23', 7, 'Angel famously contacted under the average corridor'),
(16, 92, 4, '2018-12-13', 8, 'Tanner miserably afforded opposite the big-hearted hurdler'),
(17, 82, 8, '2019-1-28', 5, 'FloraGalenka knowingly exported regarding the double criteria'),
(18, 5, 1, '2019-2-18', 4, 'Annabel suspiciously got among the rigid record'),
(19, 79, 4, '2018-9-12', 8, 'Gia truthfully pushed aboard the lumpy calf'),
(20, 87, 4, '2019-5-17', 3, 'Aidan jaggedly won between the downright tale'),
(21, 4, 7, '2018-10-10', 3, 'They frankly dug excluding the excellent basketball'),
(22, 79, 4, '2019-2-20', 8, 'Belinda majestically dived via the indolent tune-up'),
(23, 81, 8, '2019-2-8', 4, 'Josephine miserably explained amid the uncommon submarine'),
(24, 81, 4, '2019-4-10', 3, 'Janie reassuringly clung towards the cheap dolphin'),
(25, 14, 1, '2018-11-26', 3, 'Kathleen happily covered between the tangible sunbonnet'),
(26, 75, 4, '2018-10-22', 4, 'Ada almost skated during the mindless somewhere'),
(27, 7, 1, '2019-1-11', 3, 'Georgiana frankly dried per the snoopy paint'),
(28, 16, 2, '2019-1-31', 8, 'Daphne speedily painted above the short-term forehead'),
(29, 15, 7, '2018-9-26', 5, 'Adelaide upright typed for the costly trachoma'),
(30, 21, 20, '2019-6-3', 1, 'Helen jubilantly planned anti the unwritten pudding'),
(31, 42, 5, '2019-5-13', 7, 'AvisBarbara searchingly put against the decent spider'),
(32, 8, 1, '2018-12-11', 2, 'Ellen lovingly went under the accomplished perch'),
(33, 83, 4, '2019-3-18', 2, 'Charisse interestingly tore of the empty runner'),
(34, 86, 4, '2018-9-21', 2, 'Randell seemingly flung besides the unknown manager'),
(35, 88, 4, '2019-5-1', 3, 'Claribel lovingly died amid the gripping ankle'),
(36, 10, 19, '2018-9-19', 9, 'Christina scarcely hunted round the merry cord'),
(37, 105, 18, '2018-11-27', 2, 'Cheryl jubilantly chose since the prize poncho'),
(38, 11, 19, '2019-3-15', 9, 'Joan reassuringly crashed as the precious ephemeris'),
(39, 102, 18, '2018-12-3', 6, 'Estelle readily tore besides the ripe airline'),
(40, 102, 18, '2019-3-18', 6, 'Irene miserably caught within the unpleasant earrings'),
(41, 43, 5, '2019-4-24', 4, 'Antonia jaggedly arose unlike the standard coffin'),
(42, 100, 4, '2018-10-26', 3, 'Jemma honestly earned per the quiet refund'),
(43, 5, 19, '2018-9-24', 8, 'Jaime scarcely attended for the rural dynamo'),
(44, 10, 1, '2019-2-6', 8, 'FloraGalenka suspiciously presented regarding the bountiful gemsbok'),
(45, 101, 10, '2019-3-5', 3, 'Amory fast spread but the stimulating luttuce'),
(46, 43, 5, '2018-11-14', 3, 'Ulick enormously drew until the downright ridge'),
(47, 92, 4, '2018-11-21', 1, 'It lightly landed on the anguished menorah'),
(48, 6, 1, '2019-5-14', 1, 'Brendan unimpressively broke except the colossal wetsuit'),
(49, 7, 11, '2018-10-2', 6, 'Cormac likely escaped by the troubled output'),
(50, 107, 6, '2019-5-29', 6, 'Charis lively drove toward the concerned gallon'),
(51, 60, 6, '2019-3-22', 5, 'Celestia honestly proved onto the unhealthy crew'),
(52, 106, 4, '2019-3-22', 2, 'Christabel unabashedly invited unlike the meager atelier'),
(53, 10, 7, '2019-4-5', 1, 'JuneKaren neatly relaxed near the flaky spur'),
(54, 91, 4, '2019-2-28', 3, 'Dorothy sympathetically bought around the moral bullet'),
(55, 64, 6, '2018-11-20', 4, 'Gia vacantly read following the sour e-reader'),
(56, 5, 22, '2019-1-8', 5, 'Danielle bravely explored at the voluminouswan landmine'),
(57, 3, 11, '2018-9-5', 4, 'Helena truthfully slept per the miniature mosque'),
(58, 80, 14, '2019-5-21', 4, 'Darroll sympathetically sped regarding the confused context'),
(59, 101, 4, '2019-3-18', 2, 'Adele les dreamed following the repentant pipe'),
(60, 16, 22, '2019-1-28', 5, 'Bridget truly hiked save the simple adrenalin'),
(61, 2, 15, '2018-12-24', 3, 'Dolores perfectly was near the untidy dragster'),
(62, 89, 14, '2019-3-13', 2, 'DulcieEdith loyally broke aboard the troubled wingtip'),
(63, 4, 7, '2018-10-22', 7, 'Donovan tremendously built within the nasty interior'),
(64, 15, 1, '2018-11-12', 6, 'Jack elegantly sang via the happy-go-lucky tanzania'),
(65, 4, 12, '2018-9-3', 2, 'Barry foolishly stuck considering the automatic lake'),
(66, 56, 6, '2018-11-19', 3, 'Cecily bashfully finished around the electric margin'),
(67, 16, 17, '2019-4-26', 6, 'Clara interestingly respected by the cooperative pimp'),
(68, 9, 15, '2018-11-29', 7, 'Alanna inquisitively traveled plus the worried airship'),
(69, 99, 4, '2018-11-26', 5, 'Oswald unimpressively walked outside the experienced drummer'),
(70, 47, 6, '2019-5-27', 4, 'Conn triumphantly bore excepting the dishonest pantyhose'),
(71, 2, 11, '2019-3-1', 4, 'Johnnie wetly wanted among the decent replication'),
(72, 15, 13, '2018-9-14', 6, 'Bertha rudely hiked against the weepy bafflement'),
(73, 85, 4, '2019-3-29', 1, 'Addys supposedly dropped minus the acclaimed polo'),
(74, 15, 3, '2018-10-8', 1, 'He inquisitively laid towards the pungent digestion'),
(75, 104, 4, '2019-5-6', 7, 'Alice cruelly crept but the attached recruit'),
(76, 63, 6, '2019-2-5', 3, 'Henrietta fatally traveled around the polite consent'),
(77, 6, 7, '2018-10-23', 7, 'Eva mostly showed around the failing read'),
(78, 14, 1, '2019-5-31', 3, 'Cleo eventually remembered at the original weight'),
(79, 71, 6, '2019-3-19', 2, 'Sorley silently burst near the offensive fixture'),
(80, 94, 4, '2018-11-9', 4, 'Kathy madly decided under the high plant'),
(81, 19, 9, '2018-11-27', 7, 'John knavishly measured about the self-reliant plowman'),
(82, 1, 12, '2018-11-27', 1, 'Agnes vainly bore regarding the proud pansy'),
(83, 6, 1, '2018-12-4', 2, 'Catherine tenderly fled until the quixotic dime'),
(84, 91, 4, '2019-3-26', 1, 'Heidi judgmentally repeated excluding the uttervacant lout'),
(85, 72, 6, '2018-12-12', 3, 'Johnnie monthly sank via the nutritious creek'),
(86, 78, 4, '2019-2-18', 2, 'We kindheartedly bet beneath the favorable cyclone'),
(87, 80, 14, '2019-1-15', 3, 'Daisy immediately traveled opposite the anguished codpiece'),
(88, 16, 1, '2019-3-6', 5, 'Gertrude yesterday wrote to the outgoing name'),
(89, 92, 4, '2019-3-6', 1, 'Esther rigidly dried minus the far oval'),
(90, 81, 8, '2019-4-5', 4, 'Brian intently mixed between the pointed friction'),
(91, 98, 8, '2018-11-21', 3, 'Blanche absentmindedly brought towards the infatuated contract'),
(92, 1, 1, '2018-11-28', 5, 'Heidi lovingly moved minus the attractive cone'),
(93, 97, 4, '2018-12-11', 3, 'Tanner greatly taught in the daring column'),
(94, 35, 5, '2019-1-25', 1, 'Johnny sternly was per the immediate attorney'),
(95, 16, 19, '2018-10-12', 4, 'Christabel weakly awoke under the demanding niece'),
(96, 9, 7, '2019-2-15', 5, 'Deanne fatally met for the sociable brief'),
(97, 56, 6, '2019-3-18', 4, 'Judith courageously shrankshut between the creative wind'),
(98, 105, 4, '2019-4-9', 4, 'Claudia usefully imagined over the flustered minister'),
(99, 16, 1, '2019-2-13', 5, 'Chelsea sympathetically traveled outside the unsightly edward'),
(100, 88, 4, '2019-4-30', 2, 'Jenna searchingly laughed inside the mean pack'),
(101, 2, 12, '2019-2-28', 6, 'Felicity immediately forgot besides the sudden washtub'),
(102, 16, 2, '2018-12-13', 8, 'Gordon swiftly shared excepting the busy painting'),
(103, 15, 1, '2018-11-1', 4, 'Ellen evenly landed since the adorable lettuce'),
(104, 4, 19, '2018-10-5', 7, 'Blanche successfully upset except the high oil'),
(105, 11, 10, '2019-5-13', 1, 'Estelle wholly stroveswore before the useless screen'),
(106, 73, 6, '2019-5-31', 5, 'Eleanor mortally stuck on the advanced discovery'),
(107, 89, 14, '2019-1-16', 2, 'Annabel sympathetically arrested underneath the shallow poultry'),
(108, 60, 6, '2018-11-21', 8, 'Delia rigidly stood across the smooth artichoke'),
(109, 14, 1, '2019-4-12', 4, 'Alberta less shaved past the sleepy slippers'),
(110, 10, 13, '2019-1-28', 9, 'Ethel doubtfully asked unlike the charming planet'),
(111, 6, 1, '2018-10-23', 2, 'Giselle repeatedly flung excepting the appropriate karate'),
(112, 89, 10, '2018-12-4', 1, 'IvyJacqueline miserably wound across the austere stiletto'),
(113, 12, 13, '2018-11-22', 4, 'Edna inwardly missed of the pessimistic cast'),
(114, 21, 20, '2019-4-18', 1, 'Charis fervently set before the wobbly bronchitis'),
(115, 94, 14, '2019-2-7', 6, 'Deanna warmly contacted along the incredible gopher'),
(116, 85, 4, '2019-4-5', 2, 'Eva punctually traveled plus the agitated dolman'),
(117, 76, 4, '2018-9-6', 4, 'Glenda sympathetically put by the conscious councilwoman'),
(118, 106, 4, '2019-2-22', 1, 'Augusta limply stole toward the outlandish backdrop'),
(119, 2, 1, '2018-11-15', 7, 'Jessica gracefully slid minus the direct cockpit'),
(120, 16, 1, '2018-10-3', 5, 'Godfrey upright ended underneath the defiant anorak'),
(121, 52, 6, '2018-12-10', 6, 'Craig quietly performed with the disloyal mug'),
(122, 7, 3, '2019-2-27', 1, 'Daisy often workedadvised regarding the unwilling term'),
(123, 79, 4, '2019-4-24', 7, 'Alan busily sank excepting the flickering lab'),
(124, 17, 9, '2019-5-27', 1, 'Glenda kindly escaped about the unacceptable chair'),
(125, 79, 4, '2018-11-19', 4, 'Enid poorly clung of the lawful canadian'),
(126, 84, 4, '2019-5-13', 4, 'Carmelita elegantly beat off the misty saddle'),
(127, 9, 15, '2019-5-3', 1, 'I kookily wore inside the ripe rake'),
(128, 7, 11, '2019-1-15', 6, 'Cheryl calmly forgot excepting the sure-footed vegetarian'),
(129, 99, 8, '2018-9-25', 3, 'Randolf loftily talked plus the blind adjustment'),
(130, 94, 4, '2018-9-26', 6, 'Estelle lovingly traveled into the heartfelt eponym'),
(131, 16, 19, '2019-3-11', 6, 'Adelaide wisely planted against the incomplete demur'),
(132, 44, 5, '2018-10-17', 2, 'Randy thankfully exported beyond the stormy neat'),
(133, 15, 1, '2019-1-30', 6, 'Deborah madly cooked versus the crooked dry'),
(134, 20, 9, '2019-1-16', 3, 'Andrea usefully talked despite the regal telescreen'),
(135, 16, 19, '2019-4-15', 6, 'Dora cleverly burned excluding the unfortunate drawer'),
(136, 16, 12, '2018-12-31', 3, 'Hamish oddly clung than the adventurous waistband'),
(137, 101, 14, '2019-2-19', 2, 'Chrissy stealthily interviewed by the rich ant'),
(138, 81, 18, '2019-1-16', 4, 'IvyJacqueline unnecessarily litlost off the glass fifth'),
(139, 16, 1, '2019-2-20', 5, 'Gemma busily fought off the right atom'),
(140, 80, 4, '2019-2-1', 2, 'Gia unfortunately bled per the our neurobiologist'),
(141, 75, 14, '2019-1-10', 5, 'Don kindly talked at the neighboring station-wagon'),
(142, 98, 4, '2018-9-10', 4, 'Aidan intensely bore anti the sniveling tiara'),
(143, 10, 7, '2018-9-3', 5, 'Bianca mostly finished through the judicious romania'),
(144, 2, 1, '2018-12-4', 8, 'Chelsea immediately included save the sweltering mister'),
(145, 102, 4, '2019-4-8', 3, 'Bronwen bashfully knew inside the agitated biology'),
(146, 4, 12, '2018-12-18', 5, 'Cathleen victoriously imagined along the impressive pillbox'),
(147, 41, 5, '2019-5-28', 8, 'Agatha upward reported at the frank quality'),
(148, 62, 6, '2018-10-8', 7, 'Gertie bashfully beat underneath the clumsy baby'),
(149, 7, 3, '2019-4-24', 1, 'Renssalaer hastily afforded despite the rigid diver'),
(150, 97, 4, '2019-1-3', 6, 'Heidi blindly interviewed per the angry in-joke'),
(151, 65, 6, '2019-5-22', 5, 'Averil zealously went by the sleepy daffodil'),
(152, 13, 17, '2018-10-17', 2, 'Carolyn smoothly showed considering the anxious chord'),
(153, 1, 1, '2018-9-18', 4, 'Gemma daintily wrung into the squeaky snowman'),
(154, 93, 4, '2018-10-19', 4, 'Alan kindheartedly reported plus the motionless puffin'),
(155, 105, 8, '2018-9-25', 1, 'Heidi limply rode aboard the glittering clavier'),
(156, 10, 7, '2018-10-12', 2, 'Ethel loyally escaped near the hateful junker'),
(157, 4, 1, '2019-1-29', 3, 'Tom irritably fought anti the bright nexus'),
(158, 99, 4, '2019-5-28', 8, 'Eleanor thankfully rang excepting the trim periodical'),
(159, 1, 1, '2019-3-5', 3, 'Bridget seriously allowed besides the determined mat'),
(160, 76, 4, '2018-9-3', 6, 'Elektra interestingly upset before the clean garage'),
(161, 101, 14, '2018-12-18', 1, 'Crystal frightfully earned beside the excited stylus'),
(162, 7, 7, '2018-10-31', 3, 'Agatha arrogantly sewed except the splendid silkworm'),
(163, 4, 10, '2019-5-16', 4, 'Charisse hopelessly scolded underneath the impassioned sink'),
(164, 83, 4, '2019-1-3', 3, 'Don highly listened under the offensive font'),
(165, 4, 14, '2018-11-6', 1, 'Samuel readily met anti the somber junker'),
(166, 51, 6, '2019-3-22', 5, 'Edna likely needed past the amazing lawn'),
(167, 7, 1, '2019-2-28', 3, 'Ella intensely packed considering the defiant innervation'),
(168, 2, 12, '2019-2-28', 6, 'Hero inquisitively reported of the ornery double'),
(169, 16, 17, '2018-9-25', 6, 'Judith justly lived upon the loose friday'),
(170, 5, 19, '2018-11-19', 8, 'IvyJacqueline longingly stood concerning the favorable turret'),
(171, 78, 4, '2019-2-28', 1, 'Hero tenderly imagined for the sleepy exile'),
(172, 63, 6, '2019-5-7', 3, 'Celestia kookily fought behind the serpentine courage'),
(173, 7, 1, '2019-3-28', 3, 'Deborah highly got opposite the colorful venom'),
(174, 104, 4, '2018-10-5', 3, 'Eva excitedly moved under the sociable paddle'),
(175, 31, 16, '2019-2-6', 7, 'Denise stealthily drank up the authorized dentist'),
(176, 82, 4, '2019-2-15', 6, 'Cecilia sweetly decided inside the cheap tuba'),
(177, 3, 22, '2018-10-11', 4, 'Jemima sheepishly taught above the doting raiment'),
(178, 15, 3, '2018-12-18', 1, 'Kenneth selfishly hurt versus the scientific brief'),
(179, 77, 4, '2019-5-22', 5, 'Genevieve nervously laughed but the aged comfort'),
(180, 97, 4, '2019-4-16', 2, 'Brendan valiantly hoped during the dangerous consonant'),
(181, 2, 11, '2018-9-14', 4, 'Donovan properly described near the everlasting stonework'),
(182, 2, 21, '2019-4-22', 2, 'Alison sternly decided by the black bin'),
(183, 90, 4, '2018-11-26', 2, 'Adele thoughtfully measured from the joyous shed'),
(184, 91, 4, '2018-12-13', 3, 'Randolf curiously smoked before the stark acupuncture'),
(185, 96, 18, '2019-1-8', 5, 'Dolores jubilantly shrankshut against the enlightened shorts'),
(186, 5, 21, '2019-1-4', 5, 'Joan oddly hiked versus the miniature recruit'),
(187, 15, 7, '2018-12-11', 6, 'Alaina utterly shaved beneath the nautical salary'),
(188, 2, 15, '2019-5-20', 3, 'Claudia hourly swam underneath the elementary reply'),
(189, 2, 7, '2019-3-21', 2, 'Bella softly dived until the rare class'),
(190, 5, 1, '2019-1-21', 4, 'Brenda wrongly spilledspun above the better sledge'),
(191, 9, 1, '2019-3-14', 1, 'Gwendolen hastily woke under the broken storm'),
(192, 91, 18, '2018-10-18', 2, 'She monthly saved via the flowery recruit'),
(193, 100, 4, '2019-4-23', 7, 'Jane miserably lived beyond the frightened bagpipe'),
(194, 22, 20, '2019-4-19', 2, 'Calum unfortunately did off the false men'),
(195, 1, 14, '2019-3-27', 6, 'Heidi longingly brought besides the rare spirit'),
(196, 86, 4, '2018-10-2', 5, 'Esther knowledgeably shaved above the athletic eyestrain'),
(197, 104, 4, '2019-1-7', 7, 'Ingrid more cost against the worrisome tabby'),
(198, 13, 1, '2018-11-28', 3, 'Randy overconfidently earned near the shameful ride'),
(199, 15, 1, '2019-2-8', 3, 'Addys ferociously exported for the realistic station'),
(200, 83, 18, '2018-12-7', 2, 'AvisBarbara nervously forgave than the fearful migrant'),
(201, 15, 1, '2019-5-31', 4, 'Gemma triumphantly expanded to the odd angle'),
(202, 105, 4, '2019-2-12', 5, 'Claribel jubilantly hated below the few tank-top'),
(203, 13, 7, '2019-1-28', 7, 'Becki abnormally did besides the artistic polyester'),
(204, 5, 19, '2018-10-1', 8, 'GwynethHannah dimly stayed during the puzzled executor'),
(205, 14, 7, '2018-9-18', 5, 'Celia wildly played with the soggy expert'),
(206, 76, 8, '2018-11-27', 4, 'Arda sternly pulled unlike the imperturbable bolt'),
(207, 100, 4, '2018-10-5', 3, 'Effie seriously graduated excepting the everlasting waterbed'),
(208, 10, 13, '2019-5-29', 5, 'Janie intently met under the sweltering architecture'),
(209, 100, 4, '2019-2-20', 2, 'Annie fully encouraged in the sweltering towel'),
(210, 6, 12, '2018-9-7', 7, 'Tanner continually meant toward the obvious mattress'),
(211, 6, 22, '2019-1-24', 8, 'Conn carefully decided until the bumpy hydraulics'),
(212, 8, 19, '2018-11-28', 7, 'Gertie only sold through the exemplary headline'),
(213, 7, 14, '2019-5-1', 7, 'Agatha queasily sank around the revolving mayor'),
(214, 72, 6, '2019-5-28', 4, 'Randell deceivingly fell with the bewitched spacing'),
(215, 85, 4, '2019-1-29', 3, 'Cassandra violently encouraged with the dramatic stole'),
(216, 106, 4, '2018-9-21', 1, 'Delia neatly got inside the dopey estrogen'),
(217, 4, 12, '2019-5-20', 2, 'Carlene limply flung toward the huskyicky hit'),
(218, 8, 10, '2018-12-27', 5, 'Judith swiftly spread in the vain blossom'),
(219, 9, 15, '2019-5-17', 2, 'Joey hourly answered off the evergreen saddle'),
(220, 60, 6, '2018-9-28', 6, 'Greig dimly ground amid the back columnist'),
(221, 12, 7, '2018-9-14', 3, 'Charisse repeatedly needed despite the thoughtful standoff'),
(222, 31, 16, '2019-1-2', 7, 'Reginald healthily dived besides the outlying particular'),
(223, 20, 9, '2018-11-7', 4, 'GwynethHannah scarily decided regarding the showy technology'),
(224, 107, 6, '2019-1-30', 6, 'IvyJacqueline optimistically was except the untried december'),
(225, 13, 13, '2019-4-24', 6, 'Randall more cried since the delayed rag'),
(226, 12, 13, '2018-9-26', 4, 'Cheryl sternly loved through the pertinent chess'),
(227, 95, 4, '2018-9-3', 6, 'Adelaide keenly yawnedaccepted of the far-off rainbow'),
(228, 65, 6, '2018-11-8', 7, 'Amelia too thrived within the juvenilekaleidoscopic client'),
(229, 4, 19, '2018-12-21', 7, 'Bridget recklessly killed within the illegal october'),
(230, 75, 4, '2018-10-1', 4, 'Edmund foolishly meant minus the clueless material'),
(231, 14, 19, '2019-1-11', 8, 'Charisse cruelly knew since the barren route'),
(232, 16, 1, '2019-5-7', 5, 'Judith unfortunately collected below the slippery tadpole'),
(233, 1, 15, '2019-4-2', 7, 'Honor defiantly ate along the pessimistic bail'),
(234, 16, 1, '2019-2-8', 7, 'Torquil wholly fought in the defiant hole'),
(235, 5, 11, '2019-2-4', 5, 'Amanda lazily answered since the beloved rhyme'),
(236, 2, 1, '2018-9-4', 8, 'Ossian vastly called considering the hefty warning'),
(237, 16, 7, '2018-9-6', 3, 'Chrissy mortally believed from the trusting hovercraft'),
(238, 4, 19, '2019-4-5', 6, 'Elizabeth jealously met inside the darling growth'),
(239, 8, 12, '2019-1-1', 3, 'Esther properly sold regarding the sniveling bloom'),
(240, 2, 1, '2018-9-13', 7, 'Jessie only appeared of the extra-large kohlrabi'),
(241, 5, 1, '2019-1-15', 3, 'JuneKaren queasily kissed unlike the unwelcome college'),
(242, 11, 7, '2018-11-16', 8, 'Tom almost shouted versus the dry focus'),
(243, 20, 9, '2019-1-23', 4, 'Enid fairly packed unlike the worse soccer'),
(244, 81, 18, '2019-1-30', 4, 'Eunice painfully counted via the majestic contest'),
(245, 72, 6, '2019-5-29', 4, 'Cecilia coaxingly sought above the sinful surprise'),
(246, 11, 7, '2019-5-3', 8, 'GwynethHannah tomorrow burst until the made-up hang'),
(247, 21, 20, '2018-12-20', 1, 'Edmund searchingly damaged like the admirable leaf'),
(248, 15, 3, '2019-2-28', 2, 'Carlene daily waited of the noxious co-producer'),
(249, 59, 6, '2019-3-20', 7, 'Aubrey unethically enjoyed save the musty shot'),
(250, 104, 4, '2019-5-23', 5, 'Joey quirkily caught past the bumpy prow'),
(251, 95, 4, '2019-4-1', 6, 'Jessie swiftly blew after the squiggly bay'),
(252, 32, 5, '2018-11-21', 7, 'Claudia noisily imagined at the leafy component'),
(253, 43, 5, '2019-2-13', 3, 'Claudia punctually flooded underneath the bumpy mime'),
(254, 9, 1, '2019-1-3', 1, 'Harriet helplessly stuck above the fat cravat'),
(255, 65, 6, '2019-5-23', 6, 'Colleen thoroughly had over the near horse'),
(256, 13, 13, '2018-11-14', 6, 'Delia majestically found following the mammoth string'),
(257, 14, 7, '2019-1-7', 6, 'Hilda successfully skated into the humiliating filly'),
(258, 13, 7, '2019-3-20', 5, 'Morris kiddingly followed minus the enlightened divider'),
(259, 8, 21, '2018-9-4', 6, 'Eileen perfectly shopped regarding the idealistic saudi arabia'),
(260, 28, 16, '2019-2-20', 4, 'Cathal unnecessarily rented except the informal till'),
(261, 35, 5, '2018-10-19', 2, 'Joey separately encouraged beside the agreeable driving'),
(262, 52, 6, '2019-5-24', 3, 'Randel rarely fought like the hideous control'),
(263, 92, 4, '2019-2-6', 2, 'Denise equally lived during the frequent fish'),
(264, 9, 1, '2019-4-17', 6, 'Anya blindly clung against the single benefit'),
(265, 44, 5, '2018-12-19', 1, 'Amy mockingly changed since the flawed talk'),
(266, 6, 7, '2019-2-12', 6, 'Edmund especially sped concerning the rare patient'),
(267, 2, 7, '2019-2-21', 2, 'Conn joyously died across the easy-going hobby'),
(268, 63, 6, '2019-4-9', 2, 'Ellen justly visited considering the tough fold'),
(269, 12, 1, '2018-9-13', 6, 'Auliffe vaguely cost per the unkempt brochure'),
(270, 69, 6, '2019-5-1', 4, 'Colette bleakly broke beside the greedy guitarist'),
(271, 92, 4, '2018-12-6', 8, 'Cecilia jovially meant than the droopy caravan'),
(272, 16, 7, '2019-3-19', 1, 'Hilda bravely joked into the these king'),
(273, 82, 8, '2018-10-8', 5, 'Addys wearily bent against the crafty cat'),
(274, 8, 22, '2018-10-8', 6, 'Helene warmly sped with the understated thread'),
(275, 8, 7, '2019-5-17', 5, 'Judith sternly meant under the helpful abacus'),
(276, 9, 7, '2018-12-5', 8, 'Genevieve deceivingly hung within the scented pelt'),
(277, 13, 19, '2018-9-5', 7, 'Cristalyn elegantly ate save the sticky skyscraper'),
(278, 7, 19, '2018-12-19', 8, 'Awley accidentally said regarding the internal kazoo'),
(279, 15, 1, '2018-10-12', 3, 'Crystal smoothly included for the similar lanai'),
(280, 99, 4, '2019-1-7', 5, 'Johnnie mortally leapt excepting the infamous gather'),
(281, 46, 5, '2018-12-25', 7, 'Gwendolen worriedly pretended concerning the pristine exhaust'),
(282, 87, 4, '2019-1-25', 4, 'CynthiaDagmar commonly used by the suburban heartwood'),
(283, 75, 4, '2019-1-25', 5, 'Cecily judgmentally proved despite the weekly hair'),
(284, 100, 18, '2019-5-28', 1, 'Imelda vivaciously woke during the portly emery'),
(285, 51, 6, '2019-2-1', 6, 'Jane mechanically built underneath the fair burma'),
(286, 68, 6, '2019-5-27', 6, 'Randel jealously picked until the flustered chapel'),
(287, 9, 7, '2019-1-24', 2, 'Esty triumphantly drank to the metallic screenwriting'),
(288, 83, 4, '2018-10-8', 2, 'Christabel unnaturally wrote considering the known sheet'),
(289, 69, 6, '2019-4-2', 4, 'Gwenda easily wrote considering the conventional powder'),
(290, 23, 20, '2019-5-21', 8, 'Edwina joyfully pressed at the required wombat'),
(291, 86, 4, '2019-4-15', 3, 'Judith interestingly enjoyed of the smooth bullet'),
(292, 15, 13, '2018-10-4', 7, 'Randel questionably fought by the pertinent quince'),
(293, 100, 18, '2019-2-5', 1, 'Helen scarcely shaved through the fat patricia'),
(294, 3, 21, '2018-12-14', 4, 'Fiona recklessly showed in the alienated octavo'),
(295, 16, 12, '2018-9-14', 8, 'Cheryl fervently looked than the vicious exit'),
(296, 107, 6, '2019-4-10', 7, 'Godfrey foolishly shopped excepting the honest yard'),
(297, 79, 18, '2018-11-7', 6, 'Gwen fully woke following the competent semicolon'),
(298, 90, 4, '2019-3-5', 3, 'Daphne hastily fixed in the sophisticated overclocking'),
(299, 26, 16, '2018-12-17', 7, 'Kathleen evenly bet but the fuzzygargantuan uncle'),
(300, 2, 22, '2019-4-2', 4, 'Deborah yearly clung amid the boring rocket'),
(301, 8, 1, '2019-5-20', 2, 'Bertha nervously hoped as the weird dealer'),
(302, 1, 3, '2019-3-4', 5, 'Bertha famously kissed from the pleasing barracks'),
(303, 5, 11, '2019-1-14', 5, 'Hamish loosely counted excepting the crisp stallion'),
(304, 71, 6, '2019-1-8', 2, 'Aubrey arrogantly expected around the wary facet'),
(305, 16, 12, '2018-11-12', 3, 'Jenna brightly built until the loving fur'),
(306, 68, 6, '2018-9-3', 6, 'Bianca meaningfully sent concerning the velvety lye'),
(307, 22, 20, '2018-10-19', 2, 'Beatrice rarely went along the mediocre surname'),
(308, 78, 4, '2019-4-18', 2, 'Betsy interestingly dropped aboard the helpless riser'),
(309, 2, 11, '2019-3-1', 5, 'Oscar fiercely cut after the stupendous pearl'),
(310, 102, 4, '2019-6-3', 3, 'Stanley gleefully damaged outside the happy injury'),
(311, 1, 15, '2018-10-23', 7, 'Hero knavishly hunted since the married space'),
(312, 9, 15, '2019-2-28', 7, 'Enid roughly laid about the feline iraq'),
(313, 11, 13, '2018-11-5', 6, 'Angus terribly enjoyed toward the remorseful effort'),
(314, 1, 3, '2019-5-27', 5, 'Heidi safely joked for the masculine station'),
(315, 13, 19, '2018-9-26', 7, 'Aidan upbeat sat following the empty midnight'),
(316, 63, 6, '2019-3-26', 2, 'Greig knowingly repeated from the faithful thermometer'),
(317, 93, 4, '2019-5-29', 3, 'Abigail honestly started outside the portly math'),
(318, 40, 5, '2018-12-5', 4, 'Edna knavishly agreed off the nervous fedelini'),
(319, 101, 4, '2018-9-21', 1, 'Imelda annually pulled opposite the athletic confirmation'),
(320, 1, 1, '2018-11-27', 3, 'Cleo knowingly grew than the third semicircle'),
(321, 98, 4, '2018-12-25', 6, 'Ellen usually bent inside the disfigured geriatrician'),
(322, 84, 18, '2019-5-23', 3, 'Charles commonly opened but the Spanish gaiters'),
(323, 61, 6, '2019-2-18', 3, 'Imogen thoroughly packed aboard the vigilant camp'),
(324, 10, 1, '2018-9-25', 5, 'Cherry unethically forwent at the minor territory'),
(325, 94, 4, '2018-9-21', 4, 'Ulick kindly planned down the remarkable guest'),
(326, 65, 6, '2018-9-19', 5, 'Joanne beautifully made but the jealous feast'),
(327, 86, 4, '2018-11-23', 2, 'IvyJacqueline jubilantly damaged down the sweet skywalk'),
(328, 106, 4, '2019-4-5', 2, 'Edwina quirkily measured down the accomplished leg'),
(329, 101, 4, '2019-5-3', 2, 'Jet seemingly stopped following the lined brief'),
(330, 8, 7, '2018-11-8', 2, 'Charis poorly explored under the giving priesthood'),
(331, 96, 8, '2018-10-30', 2, 'Stanley coolly read following the limping active'),
(332, 90, 4, '2019-4-30', 4, 'GwynethHannah sharply worried onto the subdued executor'),
(333, 10, 7, '2019-4-18', 1, 'Aubrey mockingly watched in the upbeat valuable'),
(334, 15, 11, '2019-3-7', 8, 'Randel verbally wound toward the wrathful fish'),
(335, 82, 4, '2019-3-1', 3, 'Davina solidly bet unlike the sneaky yacht'),
(336, 58, 6, '2018-11-8', 7, 'Eleanor rightfully enjoyed before the mediocre half'),
(337, 14, 13, '2019-2-25', 4, 'Imelda even finished about the thoughtful constellation'),
(338, 57, 6, '2018-11-20', 6, 'Davina jovially allowed on the shy necromancer'),
(339, 89, 14, '2019-1-23', 3, 'Clementine interestingly hunted per the impractical bonnet'),
(340, 1, 11, '2019-3-29', 2, 'Alberta quirkily gave into the violet polyester'),
(341, 13, 17, '2019-4-30', 2, 'Claribel diligently shaved into the sticky architect'),
(342, 76, 4, '2018-9-10', 6, 'Danielle quicker repeated regarding the useful antler'),
(343, 35, 5, '2018-10-26', 2, 'Bella irritably froze after the weird quail'),
(344, 14, 1, '2019-1-3', 8, 'Cordelia suspiciously covered over the menacing soda'),
(345, 28, 16, '2019-2-20', 3, 'Charity jovially danced unlike the haunting minion'),
(346, 8, 21, '2018-9-18', 6, 'Quinton generally counted via the pointed fowl'),
(347, 102, 8, '2019-3-13', 5, 'Enid loudly exported for the possible bee'),
(348, 11, 1, '2018-12-21', 6, 'AvisBarbara madly fought round the uniform medicine'),
(349, 94, 14, '2019-2-28', 7, 'Glenda very looked until the private fishnet'),
(350, 86, 4, '2018-11-22', 3, 'Bert strictly drew round the well-documented bomber'),
(351, 13, 17, '2019-5-15', 2, 'Celestia uselessly expected than the remarkable aardvark'),
(352, 93, 4, '2019-4-24', 3, 'Cleo zealously cried beside the defensive cultivator'),
(353, 18, 9, '2019-3-27', 1, 'Edna thoughtfully planned via the gruesome storey'),
(354, 1, 10, '2019-2-20', 1, 'Ulick inwardly killed toward the nippy defense'),
(355, 2, 7, '2019-1-23', 8, 'Cheryl merrily performed than the dependent walkway'),
(356, 92, 4, '2019-3-27', 2, 'Fiona energetically stankstrewed unlike the lanky cloak'),
(357, 9, 15, '2019-3-1', 2, 'Helena unabashedly sang beyond the brisk salt'),
(358, 80, 10, '2019-4-23', 1, 'Barry sharply stole for the perfumed mare'),
(359, 1, 7, '2019-5-30', 4, 'Brendan tremendously interviewed within the blind root'),
(360, 41, 5, '2019-3-19', 8, 'Carmelita even threw except the precious mound'),
(361, 7, 1, '2018-12-19', 2, 'Adelaide jaggedly locked toward the reckless fir'),
(362, 103, 18, '2018-12-7', 6, 'Craig terribly sheared beyond the flickering impact'),
(363, 98, 4, '2019-4-18', 5, 'Josephine mortally clung since the oblong crab'),
(364, 3, 7, '2019-3-13', 6, 'Charis almost drank considering the aching discussion'),
(365, 10, 19, '2018-10-1', 7, 'Jaime recklessly brushed underneath the ornate mood'),
(366, 99, 4, '2019-2-28', 4, 'Johnnie judgmentally dreamed inside the nice chicory'),
(367, 2, 1, '2018-10-4', 8, 'Imogen defiantly cost between the idolized jackal'),
(368, 15, 7, '2018-9-11', 5, 'Randall terribly appeared by the giving detective'),
(369, 49, 6, '2018-11-19', 7, 'Alberta fast read off the worst volleyball'),
(370, 6, 12, '2019-4-12', 7, 'Gwen quaintly repeated under the dizzy read'),
(371, 7, 19, '2018-12-5', 8, 'Annie only was besides the standard sherry'),
(372, 28, 16, '2018-9-5', 4, 'Chelsea kookily told except the beautiful tune-up'),
(373, 82, 18, '2019-5-20', 4, 'Drusilla suddenly contacted but the specific tummy'),
(374, 104, 4, '2019-5-10', 3, 'Jet limply grew towards the fruitful library'),
(375, 5, 15, '2019-4-30', 4, 'Lachlan painfully withdrew aboard the prestigious ascot'),
(376, 16, 22, '2019-2-7', 7, 'Aubrey slowly performed against the giving age'),
(377, 10, 2, '2019-5-3', 7, 'Graham upside-down yawnedaccepted excluding the celebrated lantern'),
(378, 7, 7, '2019-3-15', 4, 'Glenda youthfully treated onto the unsteady rear'),
(379, 88, 4, '2019-5-7', 1, 'Berenice gracefully crept past the fixed solid'),
(380, 82, 4, '2019-4-4', 3, 'Alvina awkwardly knocked like the complicated cursor'),
(381, 12, 7, '2018-10-3', 5, 'Celestia sometimes brushed plus the innocent hill'),
(382, 23, 20, '2019-3-19', 7, 'Don wholly understood into the glum macadamia'),
(383, 6, 12, '2019-1-1', 4, 'Dede loyally performed per the distant workbench'),
(384, 85, 4, '2019-4-11', 5, 'Diana dimly changed after the witty coonskin'),
(385, 83, 4, '2019-4-15', 1, 'Aubrey freely upset round the fixed cuff-links'),
(386, 15, 7, '2018-12-31', 4, 'Raven greedily joked after the cold hell'),
(387, 1, 1, '2019-4-24', 5, 'Darroll randomly played off the vapid chapel'),
(388, 7, 15, '2019-3-6', 6, 'Tanner recklessly bit between the near sheath'),
(389, 9, 1, '2019-5-9', 1, 'Arthur officially slammed from the tasty quart'),
(390, 15, 13, '2018-11-2', 6, 'Conn sheepishly felt excluding the uttervacant musculature'),
(391, 91, 15, '2018-9-24', 2, 'John joyfully baked near the muffled vestment'),
(392, 9, 1, '2019-4-3', 5, 'Addys furiously workedadvised after the gigantic jumpsuit'),
(393, 2, 7, '2018-11-8', 2, 'Greig longingly wove outside the woozy inspector'),
(394, 7, 7, '2019-1-21', 2, 'Eileen intensely did save the unequaled quotation'),
(395, 28, 16, '2018-9-12', 4, 'Brandon mechanically divided until the gullible dynamo'),
(396, 16, 17, '2019-3-21', 6, 'Kathleen knavishly stopped regarding the darling wrestler'),
(397, 83, 4, '2019-3-8', 4, 'Oscar kookily cracked excepting the dear bath'),
(398, 101, 4, '2019-2-21', 1, 'Esty always wanted across the raw pavement'),
(399, 68, 6, '2019-4-29', 7, 'Judith innocently filled but the spectacular pressure'),
(400, 101, 4, '2018-11-9', 1, 'Drusilla loudly picked during the squiggly toga'),
(401, 69, 6, '2018-9-25', 4, 'Berenice sleepily filled upon the right skullcap'),
(402, 7, 1, '2018-11-28', 2, 'Cordelia very waited beside the made-up drake'),
(403, 93, 4, '2019-2-27', 4, 'Antonia meaningfully carried as the repentant fahrenheit'),
(404, 1, 11, '2019-1-25', 2, 'Julianne limply built aboard the quintessential attorney'),
(405, 59, 6, '2019-5-15', 6, 'Diana gleefully decided under the pricey freighter'),
(406, 2, 3, '2019-5-9', 4, 'Dora briskly drank among the neighboring exhaust'),
(407, 101, 10, '2019-4-30', 4, 'Eunice limply yawnedaccepted despite the great fog'),
(408, 4, 7, '2018-9-19', 3, 'Celine madly typed over the ruddy shaker'),
(409, 56, 6, '2018-11-5', 3, 'Clementine supposedly won save the perfumed piranha'),
(410, 15, 11, '2019-1-31', 8, 'Iona deliberately swung plus the gaseous cloister'),
(411, 61, 6, '2019-4-25', 5, 'Imogen yearningly fell beneath the excited cherries'),
(412, 90, 18, '2019-1-24', 3, 'Jennifer positively litlost aboard the black-and-white flock'),
(413, 14, 7, '2018-11-12', 6, 'Craig wildly entered to the harmful laryngitis'),
(414, 34, 5, '2019-3-22', 1, 'Hester fast drove unlike the forked hot-dog'),
(415, 17, 9, '2019-1-3', 1, 'Oswald joyously showed as the capital distance'),
(416, 2, 14, '2018-10-8', 5, 'Claribel generously awoke through the ringed diploma'),
(417, 78, 4, '2018-11-12', 1, 'Ellen freely clung towards the puny step-uncle'),
(418, 51, 6, '2019-1-30', 8, 'Augusta actually shrankshut following the distinct disadvantage'),
(419, 48, 6, '2019-4-29', 5, 'Esty truthfully spilledspun within the trusty coevolution'),
(420, 15, 7, '2018-10-9', 5, 'Celestia suddenly blew beyond the courteous crime'),
(421, 82, 4, '2018-11-16', 3, 'Innogen afterwards opened up the kosherlame whole'),
(422, 84, 4, '2018-9-5', 6, 'Grace properly spilledspun past the academic talk'),
(423, 6, 3, '2019-2-12', 3, 'Chelsea joyfully tried among the present canopy'),
(424, 73, 6, '2018-9-7', 5, 'Edna frightfully met into the pesky aquarius'),
(425, 9, 7, '2019-5-15', 8, 'Carmelita dimly studied outside the anchored invite'),
(426, 9, 1, '2018-11-26', 1, 'Imogen deliberately listened by the pointless network'),
(427, 50, 6, '2019-5-29', 7, 'Jemima freely shook concerning the married mix'),
(428, 8, 12, '2019-4-9', 3, 'Hero correctly drank below the barren payee'),
(429, 66, 6, '2019-6-3', 4, 'Amber innocently knitted within the harmless blowhole'),
(430, 90, 18, '2019-3-21', 5, 'BronwynCadence tomorrow guessed beyond the agitated notify'),
(431, 94, 4, '2019-3-29', 5, 'Imogen triumphantly measured via the hurtful overshoot'),
(432, 15, 1, '2018-9-10', 6, 'FloraGalenka yesterday saw against the well-made lemonade'),
(433, 35, 5, '2018-9-21', 2, 'Awley merrily thought upon the queasy assignment'),
(434, 80, 4, '2019-4-11', 2, 'Dora interestingly stankstrewed opposite the tedious leprosy'),
(435, 15, 7, '2018-12-4', 6, 'Conn thankfully wanted per the eminent grape'),
(436, 96, 4, '2018-11-6', 1, 'Jonny abnormally understood over the flawless doubling'),
(437, 32, 5, '2019-3-20', 8, 'Beatrice arrogantly covered before the intentional passage'),
(438, 77, 4, '2019-5-9', 5, 'He kindheartedly lived to the second-hand omega'),
(439, 14, 1, '2019-5-29', 5, 'Kathy really contacted onto the diligent septicaemia'),
(440, 1, 11, '2019-5-17', 2, 'It easily graduated along the strident alto'),
(441, 90, 4, '2019-1-15', 3, 'Bella slowly rang unlike the calm osprey'),
(442, 39, 5, '2019-3-27', 3, 'Stanley suspiciously cleaned regarding the spotless cleaner'),
(443, 1, 11, '2018-12-28', 2, 'Alvina frenetically jailed excepting the gigantic friend'),
(444, 10, 1, '2018-9-6', 2, 'Chloe strictly sank via the functional scale'),
(445, 8, 1, '2018-11-8', 4, 'Ellen noisily was before the cylindricaldamaged occasion'),
(446, 7, 12, '2019-3-5', 2, 'Jemima always tore anti the organic mirror'),
(447, 32, 5, '2018-12-26', 8, 'Oswald naturally arose along the elaborate sofa'),
(448, 15, 3, '2018-9-18', 1, 'Erika loyally pretended round the able olive'),
(449, 83, 18, '2019-5-20', 4, 'Caroline intensely laid unlike the gripping caption'),
(450, 9, 13, '2019-1-7', 4, 'Delia vastly belonged but the exhausted apron'),
(451, 46, 5, '2018-9-11', 8, 'Edna roughly did in the delirious behest'),
(452, 5, 1, '2019-2-19', 3, 'Drusilla randomly held into the gregarious eyebrow'),
(453, 9, 7, '2018-11-14', 7, 'Becki innocently burned versus the negligible bookend'),
(454, 86, 18, '2018-11-9', 4, 'Randolf justly sewed beneath the vivacious paw'),
(455, 16, 7, '2019-4-24', 2, 'Bertha unbearably landed up the spiteful storm'),
(456, 12, 1, '2018-9-27', 6, 'Adelaide greatly spread considering the jovial abacus'),
(457, 86, 4, '2019-5-20', 4, 'Gaynor unabashedly hiked but the judicious buffet'),
(458, 14, 1, '2019-1-16', 5, 'Kenneth longingly followed into the plaintive uganda'),
(459, 1, 7, '2018-10-8', 2, 'Fiona wonderfully stuck behind the frugal bathhouse'),
(460, 15, 7, '2019-5-27', 4, 'Alan elegantly sawed towards the unkempt hail'),
(461, 48, 6, '2018-10-2', 6, 'Eileen especially turned as the insistent drum'),
(462, 29, 16, '2018-11-30', 4, 'Audrey separately slept beneath the playful employment'),
(463, 15, 7, '2019-2-18', 3, 'CynthiaDagmar defiantly traveled concerning the impolite mobile'),
(464, 14, 7, '2019-1-8', 5, 'Charles fondly planted than the submissive peru'),
(465, 15, 13, '2019-1-24', 7, 'Craig hourly planted like the immense drum'),
(466, 9, 7, '2019-3-29', 5, 'Quinton deliberately spatsplit behind the judicious helium'),
(467, 70, 6, '2019-4-16', 6, 'Anna painfully belonged within the puzzlingquaint dhow'),
(468, 10, 1, '2018-10-2', 5, 'Celia sympathetically sped beneath the wrong kenya'),
(469, 80, 14, '2019-5-28', 3, 'Ossian hourly escaped onto the eminent analysis'),
(470, 48, 6, '2018-11-6', 7, 'Joanne tomorrow thrived versus the possible database'),
(471, 100, 18, '2018-10-18', 4, 'Joan vaguely felt against the candid hacienda'),
(472, 4, 21, '2019-1-24', 2, 'Arda frightfully described at the worn pakistan'),
(473, 81, 8, '2018-9-7', 4, 'Randolf tenderly held amid the rubbery urn'),
(474, 5, 1, '2019-1-21', 3, 'Brandon less washed near the happy ejector'),
(475, 55, 6, '2018-11-30', 6, 'Cherry miserably bore on the decisive cross-contamination'),
(476, 5, 22, '2018-12-25', 5, 'Audrey unbearably said through the creamy console'),
(477, 58, 6, '2019-4-10', 5, 'Diana more burst into the soft subway'),
(478, 89, 4, '2018-12-11', 3, 'Alison intensely began excepting the ethical chairperson'),
(479, 105, 4, '2019-1-29', 5, 'Eunice quietly invented below the loud june'),
(480, 75, 14, '2019-3-21', 5, 'Bertha majestically set since the cooked digestion'),
(481, 9, 13, '2019-4-1', 5, 'Skyler defiantly wept within the actual storm'),
(482, 28, 16, '2018-12-19', 3, 'Catherine seemingly spilledspun down the enormous bandanna'),
(483, 6, 11, '2018-10-8', 7, 'Deanne afterwards sneakedspoke but the glum eclipse'),
(484, 77, 4, '2018-10-17', 5, 'Hero boastfully set round the negative coevolution'),
(485, 4, 19, '2018-9-21', 7, 'Angela abnormally skated behind the curvy brief'),
(486, 94, 10, '2018-11-22', 4, 'Helena yearly forgot in the total chill'),
(487, 13, 17, '2019-3-5', 2, 'Enid scarcely hiked by the traumatic elevator'),
(488, 5, 11, '2019-3-25', 6, 'Gwendolyn utterly explained from the salty pansy'),
(489, 77, 4, '2019-3-13', 5, 'Tanner delightfully loved opposite the pretty bracelet'),
(490, 20, 9, '2019-2-27', 3, 'Tanner evenly slipped outside the meager wannabe'),
(491, 86, 4, '2019-2-25', 4, 'Arda mysteriously rang below the jumbo ruth'),
(492, 14, 1, '2018-12-20', 8, 'Kenneth loyally started beyond the unfit specialist'),
(493, 15, 1, '2018-11-30', 3, 'Danielle restfully hiked at the frugal lawyer'),
(494, 89, 10, '2019-3-26', 1, 'Johnny far sewed below the grizzled burn-out'),
(495, 69, 6, '2018-9-26', 3, 'Alanna daily answered for the delayed boy'),
(496, 3, 14, '2019-1-17', 2, 'Bronwen truthfully stopped into the striped tyvek'),
(497, 10, 14, '2019-2-5', 4, 'Bronwen miserably met off the roasted employment'),
(498, 78, 4, '2019-4-11', 1, 'Joanna lightly arrested for the clumsy grapefruit'),
(499, 2, 1, '2019-4-23', 8, 'Craig diligently exported following the wide-eyed applewood');


INSERT INTO absences(lesson_id, student_id) VALUES
(2,8),
(2,15),
(1,6),
(3,84),
(7,51),
(5,78);



INSERT INTO exams(lesson_id, description) VALUES
(1, 'Funkcja kwadratowa'),
(3, 'Punishment for bad behaviour'),
(8, 'Creating database for school');



INSERT INTO "grades" (value, weight, student_id, subject_id, teacher_id) VALUES
('5','1','15','11','13'),
('2-','1','31','12','38'),
('5+','3','37','21','50'),
('4','1','90','19','45'),
('6','3','78','13','23'),
('5-','1','28','6','6'),
('1+','3','23','7','29'),
('4-','2','102','15','26'),
('3+','2','64','13','15'),
('6','3','12','5','5'),
('4+','1','120','19','59'),
('4+','3','72','1','54'),
('5+','2','65','13','15'),
('6','1','97','19','45'),
('2','2','78','14','16'),
('3+','1','114','4','33'),
('3','2','2','11','13'),
('2+','1','90','1','37'),
('5+','3','71','15','35'),
('1','3','50','12','15'),
('5+','2','100','13','38'),
('2+','1','78','14','16'),
('4','3','91','14','51'),
('2+','2','46','14','42'),
('6-','3','111','20','50'),
('6','3','49','8','8'),
('2+','3','23','14','51'),
('3+','3','61','19','52'),
('3+','3','84','10','12'),
('1','2','81','16','24'),
('2+','2','2','10','36'),
('6','3','94','5','17'),
('1+','1','11','7','14'),
('2+','1','5','10','36'),
('6','1','45','15','26'),
('5+','2','52','6','27'),
('5+','3','116','22','53'),
('4','3','101','19','59'),
('5-','2','52','3','28'),
('6','1','7','14','51'),
('5+','3','66','23','43'),
('6','2','96','13','38'),
('6-','3','3','18','43'),
('2+','3','112','1','11'),
('2+','1','43','12','15'),
('3+','2','36','14','42'),
('2+','2','27','14','16'),
('6','3','112','13','38'),
('4+','2','20','3','3'),
('2+','1','111','19','59'),
('4+','1','38','8','8'),
('3-','3','44','19','52'),
('4+','3','60','12','38'),
('3','2','29','8','8'),
('3-','3','28','22','53'),
('1+','2','15','4','55'),
('1+','1','52','3','28'),
('2','1','83','10','12'),
('3-','2','90','2','2'),
('1+','2','16','8','8'),
('1','2','59','7','44'),
('2','3','117','2','2'),
('1+','2','22','15','18'),
('3+','1','57','1','9'),
('4','1','93','4','41'),
('3-','1','28','15','26'),
('4','1','95','19','45'),
('2','3','72','15','35'),
('6','1','38','8','8'),
('4-','3','69','4','22'),
('4+','3','85','10','12'),
('3','1','2','18','43'),
('3','1','118','6','46'),
('3+','2','74','13','23'),
('2','1','33','12','15'),
('2+','3','110','7','30'),
('2-','2','28','4','33'),
('5-','3','55','12','15'),
('2+','2','116','6','46'),
('2-','2','29','15','26'),
('3+','2','107','5','21'),
('6-','2','88','1','37'),
('2+','1','89','13','23'),
('6-','1','13','22','53'),
('5','1','23','21','50'),
('5','3','45','19','52'),
('5-','1','79','16','24'),
('1','3','74','2','2'),
('3-','2','66','6','58'),
('4','1','47','22','53'),
('4+','3','113','7','44'),
('1+','3','90','5','21'),
('2','2','113','19','59'),
('4','3','81','10','12'),
('1+','3','24','1','60'),
('5+','3','65','15','35'),
('2+','1','65','23','43'),
('5+','2','105','9','10'),
('3+','2','84','6','46'),
('2+','1','105','15','26'),
('3','3','107','19','59'),
('5-','1','80','20','50'),
('5+','1','120','7','44'),
('4','1','45','19','52'),
('1+','1','120','6','46'),
('2+','3','92','4','34'),
('3+','1','100','15','26'),
('1','1','10','14','16'),
('6','1','29','11','13'),
('6-','2','46','10','36'),
('4-','3','1','8','8'),
('3','1','94','4','39'),
('3','2','100','4','47'),
('5','3','17','14','51'),
('4-','2','85','1','11'),
('6-','1','2','6','6'),
('1+','2','24','15','18'),
('2+','1','30','18','43'),
('4','3','27','21','50'),
('4+','3','77','1','31'),
('5+','3','94','1','40'),
('3+','1','96','17','28'),
('5+','2','90','10','36'),
('4+','3','67','15','35'),
('2+','1','114','1','37'),
('3-','2','4','14','51'),
('1','1','95','19','45'),
('3+','1','41','8','8'),
('2+','2','2','20','50'),
('5','2','82','6','46'),
('3+','3','41','15','26'),
('5+','3','77','19','52'),
('1','2','40','10','36'),
('6-','1','57','3','3'),
('3-','3','38','18','43'),
('3+','1','68','23','43'),
('6','1','36','19','52'),
('1+','2','37','12','15'),
('3-','2','28','8','8'),
('6-','1','58','20','50'),
('3+','1','104','5','17'),
('3','3','85','6','27'),
('6','3','103','19','59'),
('2+','1','10','5','5'),
('2+','3','97','19','45'),
('4+','2','18','10','12'),
('1','3','42','4','49'),
('3-','2','66','1','54'),
('3+','2','77','4','49'),
('3','2','81','14','51'),
('1','1','64','23','43'),
('1+','2','14','18','43'),
('2+','2','92','1','37'),
('6-','3','106','6','48'),
('3+','3','4','10','36'),
('1+','1','63','1','9'),
('6','3','64','1','54'),
('1','3','52','11','13'),
('3+','2','72','19','52'),
('1','3','88','10','36'),
('2','3','11','11','13'),
('4+','1','111','19','59'),
('2','1','111','19','59'),
('4+','3','69','7','30'),
('1+','2','94','7','29'),
('1','3','12','3','3'),
('2','2','47','10','36'),
('2+','3','30','19','59'),
('1','3','54','10','36'),
('1','3','93','9','10'),
('2','2','1','4','47'),
('5+','2','89','4','34'),
('5+','1','37','18','43'),
('6-','3','78','7','44'),
('1','2','88','10','36'),
('2','2','76','19','52'),
('4+','1','65','15','35'),
('5+','3','66','1','54'),
('6','2','65','5','5'),
('2+','3','59','9','10'),
('5+','2','106','1','11'),
('6-','1','68','7','30'),
('4+','3','67','6','57'),
('6','1','95','7','29'),
('6','2','16','1','60'),
('2+','2','39','11','13'),
('3-','3','105','4','47'),
('3','3','94','19','45'),
('3+','1','59','8','8'),
('6','1','34','11','13'),
('5-','2','30','3','3'),
('3+','3','115','2','2'),
('5+','1','2','11','13'),
('5+','1','114','12','15'),
('6','1','49','22','53'),
('5','2','117','7','44'),
('5','3','29','8','8'),
('4','3','59','12','38'),
('2+','2','52','11','13'),
('6-','1','25','10','36'),
('4-','3','113','20','50'),
('4-','3','75','14','16'),
('3-','1','115','12','15'),
('4+','3','76','19','52'),
('6','3','52','11','13'),
('6','2','63','19','52'),
('4+','3','2','6','6'),
('2','2','115','4','33'),
('4-','1','3','10','36'),
('1+','3','47','22','53'),
('1+','1','34','15','26'),
('3-','3','73','6','46'),
('6','2','67','23','43'),
('3-','3','35','15','26'),
('4','2','82','10','12'),
('3+','3','40','6','20'),
('1','3','56','10','36'),
('5','2','52','18','43'),
('1+','3','53','3','28'),
('2+','1','39','22','53'),
('3+','2','78','6','46'),
('4+','1','111','13','38'),
('4','1','101','13','38'),
('2+','1','21','14','51'),
('5+','2','26','19','59'),
('2-','2','63','7','44'),
('2-','2','18','4','10'),
('2-','2','98','1','40'),
('4','1','108','16','24'),
('5+','1','73','19','52'),
('3+','3','91','10','36'),
('2','2','116','7','44'),
('2+','2','74','10','25'),
('1','3','18','7','29'),
('3','2','34','3','3'),
('3','3','32','11','13'),
('1+','1','116','6','46'),
('3','3','92','19','45'),
('5','2','77','5','21'),
('5+','3','62','15','26'),
('2','1','111','13','38'),
('3','2','108','7','30'),
('2','3','44','21','50'),
('6','2','31','10','36'),
('4+','2','84','19','45'),
('6-','1','28','11','13'),
('3+','3','25','6','27'),
('6','1','99','13','38'),
('2+','3','62','16','24'),
('6-','3','33','22','53'),
('6','2','103','9','10'),
('5','3','3','14','51'),
('1','1','9','10','25'),
('5','3','83','10','12'),
('5+','1','19','6','6'),
('6','1','98','16','24'),
('5','3','81','10','12'),
('3+','1','48','1','9'),
('6','2','24','1','60'),
('6','2','72','1','54'),
('1+','1','12','11','13'),
('3-','2','9','8','8'),
('5+','3','42','5','19'),
('1','2','60','8','8'),
('5+','1','58','22','53'),
('3+','1','95','13','38'),
('3+','2','111','7','30'),
('4-','1','104','19','59'),
('4+','1','47','1','9'),
('2+','3','89','7','14'),
('1+','2','35','21','50'),
('2','3','109','11','13'),
('2-','2','16','7','29'),
('6','3','111','7','30'),
('4-','1','102','7','44'),
('5-','1','107','11','13'),
('1','1','90','6','6'),
('2+','3','63','10','36'),
('1','2','106','9','10'),
('5-','2','31','19','59'),
('3','1','13','1','1'),
('5','3','38','8','8'),
('1','1','26','4','39'),
('1','2','101','20','50'),
('1+','3','10','6','20'),
('2+','1','101','18','56'),
('4-','3','94','17','28'),
('3+','3','95','5','5'),
('2-','2','66','23','43'),
('5','1','77','5','21'),
('3-','1','82','5','5'),
('6','2','76','4','4'),
('3+','1','71','7','30'),
('5','1','17','12','23'),
('2+','1','58','8','8'),
('5+','2','13','10','25'),
('4+','1','28','6','6'),
('1','1','42','1','40'),
('6-','2','32','3','3'),
('3+','1','53','18','43'),
('1','1','95','1','40'),
('3+','1','40','14','51'),
('5-','3','42','12','15'),
('4+','3','97','4','39'),
('4-','1','41','4','49'),
('1+','3','44','7','7'),
('4+','2','13','11','13'),
('4-','2','61','4','34'),
('3-','1','58','12','38'),
('2','1','111','3','28'),
('1','1','28','22','53'),
('4','1','97','13','38'),
('5+','1','5','1','11'),
('1+','1','64','7','30'),
('4+','1','54','22','53'),
('2','1','69','4','22'),
('3-','1','58','10','36'),
('6','1','86','1','37'),
('6','3','71','6','58'),
('5+','2','11','3','3'),
('4+','3','88','2','2'),
('1+','1','84','4','41'),
('6','1','52','10','36'),
('6-','1','40','1','40'),
('5+','1','27','21','50'),
('5','2','65','19','52'),
('2+','3','112','7','30'),
('5-','3','25','4','33'),
('5','1','55','10','36'),
('1','1','37','1','54'),
('2-','3','43','1','40'),
('4-','1','110','13','38'),
('4+','1','82','7','30'),
('5+','1','99','7','44'),
('2','3','66','16','24'),
('6','3','114','6','46'),
('6','1','92','4','34'),
('2','2','60','21','50'),
('5','1','25','1','31'),
('2','1','110','11','13'),
('2+','2','75','7','44'),
('1','2','38','4','55'),
('5+','1','45','4','22'),
('6','2','81','14','51'),
('6-','3','10','3','3'),
('3-','1','54','4','4'),
('1+','3','44','7','7'),
('3','3','102','7','44'),
('4-','3','41','6','27'),
('1','3','119','19','59'),
('2-','2','14','10','25'),
('3+','2','24','11','13'),
('1','3','74','14','16'),
('5+','1','12','15','18'),
('6','1','27','1','31'),
('6','3','106','13','38'),
('1','3','117','1','37'),
('4','3','3','18','43'),
('3','1','24','8','8'),
('6','1','101','13','38'),
('4+','3','40','21','50'),
('6','2','63','11','13'),
('1+','3','87','14','51'),
('3','1','103','6','6'),
('2-','1','51','14','42'),
('3+','2','10','10','25'),
('1+','1','111','7','30'),
('6','2','66','7','30'),
('2+','3','31','8','8'),
('3-','3','83','6','27'),
('2','1','23','22','53'),
('5-','2','73','2','2'),
('3','1','37','22','53'),
('6-','1','48','1','9'),
('4+','2','98','7','29'),
('1+','3','34','7','29'),
('1','3','53','21','50'),
('5','1','60','4','22'),
('6','1','16','18','43'),
('1+','1','13','3','3'),
('2+','3','64','23','43'),
('5+','2','85','6','27'),
('3','2','97','6','57'),
('5+','2','50','14','42'),
('3-','2','108','7','30'),
('3','1','111','7','30'),
('6-','2','71','15','35'),
('6','1','75','10','25'),
('3','2','37','4','55'),
('6','2','43','19','52'),
('3-','3','55','7','30'),
('2-','1','64','13','15'),
('6','1','40','18','56'),
('5','1','120','1','37'),
('4+','1','114','16','24'),
('2+','2','89','14','51'),
('6','2','15','14','16'),
('6-','2','20','11','13'),
('2','3','2','11','13'),
('4+','1','92','13','23'),
('4','1','41','9','10'),
('4-','3','83','13','23'),
('3+','3','35','15','26'),
('4+','1','1','3','3'),
('2+','2','22','22','53'),
('1','2','84','6','46'),
('2+','3','110','6','48'),
('5','3','89','10','36'),
('2-','1','57','18','37'),
('6-','3','88','1','37'),
('2','3','1','22','53'),
('6','1','98','13','38'),
('2','3','65','6','58'),
('2+','1','9','21','50'),
('6','2','120','4','33'),
('6','1','15','14','16'),
('2','2','120','22','53'),
('5-','1','46','21','50'),
('6-','3','101','4','47'),
('6','2','42','5','19'),
('6','1','31','22','53'),
('5+','2','45','8','8'),
('6','2','88','19','45'),
('1+','3','14','15','18'),
('1','2','120','17','53'),
('1+','3','115','17','53'),
('6','2','21','22','53'),
('4-','2','62','3','3'),
('1','3','78','9','10'),
('3','2','64','15','35'),
('6','3','69','1','54'),
('1','3','90','10','36'),
('1+','2','115','4','33'),
('1+','1','46','16','24'),
('5','3','1','19','45'),
('4+','3','11','3','3'),
('6','2','38','20','50'),
('4+','1','72','6','57'),
('6-','2','20','21','50'),
('5-','1','22','15','18'),
('2','1','92','14','51'),
('6','1','74','4','4'),
('6','3','77','14','16'),
('5+','3','33','8','8'),
('6','3','74','14','16'),
('5-','2','86','7','14'),
('4+','1','114','16','24'),
('3-','2','80','6','46'),
('4','1','53','12','15'),
('2+','1','45','14','51'),
('6-','1','59','10','36'),
('3+','2','112','6','57'),
('4+','3','97','4','39'),
('4-','2','1','22','53'),
('2-','2','2','6','6'),
('2+','1','40','19','52'),
('2+','1','67','6','57'),
('5+','1','61','10','36'),
('6-','2','75','2','2'),
('4+','1','60','10','36'),
('1+','3','42','21','50'),
('1','2','60','5','5'),
('5','2','91','14','51'),
('6','3','47','3','28'),
('2+','1','92','13','23'),
('1','2','58','11','13'),
('5-','3','84','20','50'),
('1+','3','78','2','2'),
('3','2','104','13','38'),
('3+','2','100','15','26'),
('3','2','114','12','15'),
('2+','2','85','16','24'),
('6','3','14','1','1'),
('6','2','60','7','44'),
('1+','1','86','13','23'),
('1','3','76','6','46'),
('6','2','79','1','11'),
('4+','3','85','10','12'),
('6-','1','95','4','39'),
('2','2','93','13','38'),
('6','3','118','2','2'),
('1','2','88','1','37'),
('1+','3','118','1','37'),
('5+','2','5','7','7'),
('2-','3','74','1','31'),
('2-','3','14','21','50'),
('2-','3','71','15','35'),
('4+','2','49','19','52'),
('1+','3','38','8','8'),
('1','2','13','14','16'),
('5','3','62','4','22'),
('5+','1','52','11','13'),
('2+','3','85','10','12'),
('2+','2','82','13','23'),
('1','1','27','3','3'),
('4-','1','10','10','25'),
('5+','3','100','5','17'),
('5+','2','14','12','23'),
('2+','3','31','22','53'),
('4+','2','95','7','29'),
('1','1','85','7','30'),
('4-','3','111','11','13'),
('5-','3','112','13','38'),
('3+','1','43','7','7'),
('5','2','109','9','10'),
('4+','1','60','15','26'),
('4','3','47','18','43'),
('3+','1','75','6','46'),
('2-','2','22','14','51'),
('1+','1','68','4','22'),
('2-','1','24','1','60'),
('3-','1','98','18','56'),
('5','3','3','14','51'),
('2+','2','99','7','44'),
('1','2','106','3','28'),
('6','2','40','10','36'),
('5+','3','109','6','57'),
('1+','1','102','19','59'),
('4+','2','41','15','26'),
('5','3','64','1','54'),
('3','2','53','12','15'),
('4','3','120','6','46'),
('4+','2','94','17','28'),
('3','1','71','6','58'),
('3-','3','41','15','26'),
('4-','3','99','5','19'),
('2+','2','66','15','35'),
('3+','1','112','6','57'),
('6-','1','113','1','37'),
('6-','1','87','19','45'),
('2+','3','57','1','9'),
('5-','1','112','4','39'),
('4+','1','5','10','36'),
('2','3','97','13','38'),
('2+','3','112','19','59'),
('2+','2','52','22','53'),
('2','1','98','18','56'),
('3+','3','4','14','51'),
('4','3','2','12','23'),
('4','3','89','4','34'),
('4-','2','54','11','13'),
('3+','1','57','4','22'),
('3-','2','56','12','15'),
('2+','2','21','7','29'),
('3-','3','82','14','51'),
('2+','2','42','12','15'),
('4+','1','92','19','45'),
('1+','1','37','14','42'),
('4-','2','53','19','52'),
('3+','1','30','19','59'),
('3+','3','8','1','1'),
('6-','1','75','14','16'),
('1+','2','120','4','33'),
('2+','2','71','16','24'),
('2+','1','61','22','53'),
('2-','1','49','21','50'),
('3-','1','52','6','27'),
('3-','1','113','12','15'),
('4+','1','83','14','51'),
('2-','2','87','10','36'),
('4+','2','75','7','44'),
('6','2','7','18','43'),
('4-','2','59','14','42'),
('1','2','8','20','50'),
('5-','1','99','6','27'),
('6','2','71','4','41'),
('6','3','30','3','3'),
('4','2','15','15','18'),
('2-','2','41','7','7'),
('2+','3','53','7','30'),
('4','1','43','10','36'),
('6','2','3','7','7'),
('1+','1','81','4','41'),
('6','3','77','10','25'),
('2+','2','69','23','43'),
('2+','3','43','6','20'),
('5','2','106','11','13'),
('1+','3','120','19','59'),
('5-','1','102','16','24'),
('2-','1','31','5','21'),
('4+','3','88','7','14'),
('4-','1','33','12','15'),
('1+','1','62','3','3'),
('3+','1','79','4','41'),
('5-','1','90','6','6'),
('1','1','49','8','8'),
('1+','2','45','19','52'),
('1+','2','20','21','50'),
('1+','2','14','16','24'),
('1','2','29','10','36'),
('5-','1','7','6','48'),
('6','1','18','5','5'),
('6','2','85','4','41'),
('2','2','17','15','18'),
('1','3','70','16','24'),
('1','1','84','20','50'),
('1','3','2','4','34'),
('3-','2','51','18','43'),
('4-','1','114','6','46'),
('2+','2','43','1','40'),
('1','2','92','14','51'),
('3+','3','77','1','31'),
('2','1','20','21','50'),
('2+','1','68','13','15'),
('4','3','117','1','37'),
('1+','3','63','21','50'),
('2+','3','89','14','51'),
('5-','1','10','11','13'),
('6','1','27','14','16'),
('5+','3','61','21','50'),
('1','3','16','6','6'),
('2+','2','87','7','14'),
('3+','3','96','19','45'),
('3','3','26','15','26'),
('6-','3','117','12','15'),
('6','2','63','19','52'),
('6','1','16','14','51'),
('1+','1','72','13','15'),
('3','1','115','19','59'),
('2-','2','38','12','15'),
('3-','1','42','22','53'),
('2-','2','106','19','59'),
('4','2','31','12','38'),
('6','1','48','10','36'),
('5','3','28','15','26'),
('5+','1','112','4','39'),
('5','1','85','19','45'),
('6','1','85','14','51'),
('2','3','110','4','49'),
('2+','3','57','19','52'),
('3+','1','6','15','26'),
('3','3','4','19','45'),
('6','3','28','1','31'),
('1','1','75','4','49'),
('1','2','53','21','50'),
('4+','3','80','14','51'),
('3-','1','40','7','7'),
('5+','2','8','18','43'),
('4+','1','93','1','40'),
('4','1','57','9','10'),
('4-','1','25','9','10'),
('1','3','64','1','54'),
('2+','2','97','18','56'),
('1+','3','41','21','50'),
('5+','3','14','18','43'),
('5-','1','59','22','53'),
('5+','3','30','18','43'),
('2+','3','1','9','10'),
('5','2','66','13','15'),
('1','3','99','15','26'),
('4-','2','66','16','24'),
('2+','2','59','4','34'),
('4-','2','112','6','57'),
('3+','2','72','19','52'),
('6','1','32','11','13'),
('4+','2','35','1','54'),
('5+','3','79','6','46'),
('4+','1','8','7','14'),
('3+','1','39','3','3'),
('1+','1','1','9','10'),
('2','2','6','11','13'),
('5+','3','20','19','45'),
('4','2','88','10','36'),
('5-','1','21','4','10'),
('4+','1','119','9','10'),
('5+','1','16','19','45'),
('5+','2','106','13','38'),
('1','3','48','12','15'),
('1+','1','96','18','56'),
('2+','1','98','13','38'),
('4','1','77','6','57'),
('6','1','75','13','23'),
('2+','3','64','6','57'),
('4+','1','54','11','13'),
('2+','3','78','1','31'),
('5','2','95','18','56'),
('6','3','85','4','41'),
('5+','3','23','4','10'),
('3-','2','48','15','26'),
('6','3','57','1','9'),
('1','3','108','1','11'),
('4-','1','117','19','59'),
('4','1','10','3','3'),
('6','3','22','19','45'),
('6-','2','116','22','53'),
('2','1','14','21','50'),
('1+','1','84','20','50'),
('6-','3','102','15','26'),
('2+','1','11','4','4'),
('2-','3','23','21','50'),
('5+','2','4','11','13'),
('5','1','4','21','50'),
('6','2','31','7','14'),
('3+','2','61','7','44'),
('3-','3','56','4','4'),
('5+','3','19','14','51'),
('6','3','15','8','8'),
('3+','2','116','4','33'),
('6','1','85','13','23'),
('5','2','98','17','28'),
('5+','2','59','11','13'),
('1','3','105','4','47'),
('4','1','66','23','43'),
('3+','2','21','21','50'),
('3+','3','13','18','43'),
('4+','2','6','15','26'),
('4+','1','89','6','48'),
('5','1','54','21','50'),
('4+','2','47','11','13'),
('6-','2','98','18','56'),
('4+','2','39','10','36'),
('4-','3','66','19','52'),
('1','2','35','6','57'),
('2-','1','7','5','21'),
('2','1','38','14','42'),
('2-','3','52','18','43'),
('2+','2','17','6','57'),
('5-','3','16','15','18'),
('2+','2','107','6','57'),
('2','2','54','15','26'),
('4+','2','38','18','43'),
('6','2','48','5','5'),
('6','2','43','16','24'),
('1','1','49','21','50'),
('2','1','28','19','59'),
('5','2','69','20','50'),
('1+','3','8','3','3'),
('5','1','27','12','38'),
('6-','1','22','22','53'),
('3+','3','115','5','21'),
('1','1','52','11','13'),
('4+','3','9','19','45'),
('4+','2','32','19','59'),
('2+','2','5','6','48'),
('2','1','120','17','53'),
('3','2','42','21','50'),
('5-','3','73','10','25'),
('4+','2','97','7','29'),
('5','2','61','18','37'),
('1','3','6','10','36'),
('6','2','48','14','42'),
('4+','3','50','14','42'),
('3','1','102','18','56'),
('1','1','60','19','52'),
('6','1','24','3','3'),
('4+','2','66','13','15'),
('6','1','120','12','15'),
('1','1','70','13','15'),
('3-','3','100','7','44'),
('2-','2','3','21','50'),
('3+','2','117','16','24'),
('1','2','41','22','53'),
('2+','3','40','10','36'),
('3+','3','45','19','52'),
('6','3','57','22','53'),
('4-','3','49','18','43'),
('2-','2','112','13','38'),
('4+','1','79','6','46'),
('4+','1','115','4','33'),
('1+','3','60','5','5'),
('2-','1','120','4','33'),
('5-','3','119','17','53'),
('6','3','75','6','46'),
('4','2','97','1','40'),
('6','3','69','7','30'),
('2-','2','54','10','36'),
('3+','3','99','15','26'),
('1+','2','109','13','38'),
('4+','2','6','12','23'),
('5+','1','90','5','21'),
('3','3','109','1','11'),
('4+','2','77','2','2'),
('2','2','13','7','14'),
('5+','2','9','19','45'),
('4+','3','42','21','50'),
('2','1','80','7','30'),
('2-','1','51','12','15'),
('1+','2','54','19','52'),
('1+','1','69','23','43'),
('3','1','8','14','16'),
('5','2','95','4','39'),
('3-','1','35','3','3'),
('3+','3','57','18','37'),
('3+','1','69','6','57'),
('6','2','53','14','42'),
('4+','3','99','6','27'),
('5+','1','80','1','11'),
('6-','3','117','4','33'),
('1','3','17','12','23'),
('2+','2','41','3','3'),
('1','2','42','22','53'),
('5','2','105','9','10'),
('3+','1','99','7','44'),
('2-','3','53','14','42'),
('5+','3','15','3','3'),
('5+','3','84','10','12'),
('2-','3','33','12','15'),
('4','2','29','18','43'),
('2+','2','115','19','59'),
('4+','2','24','5','5'),
('1','2','85','1','11'),
('6','1','116','7','44'),
('4','1','9','7','14'),
('5-','1','70','1','54'),
('4-','3','1','10','36'),
('2','1','39','21','50'),
('4-','2','43','3','3'),
('4-','3','31','3','3'),
('1+','2','8','10','25'),
('4+','1','59','14','42'),
('6','2','115','4','33'),
('4','1','115','1','37'),
('3+','1','26','11','13'),
('6','2','84','14','51'),
('5+','2','27','10','36'),
('3','2','66','13','15'),
('6-','3','3','7','7'),
('2+','1','82','19','45'),
('3-','2','62','1','9'),
('5','2','80','19','45'),
('3+','2','30','18','43'),
('2+','2','109','11','13'),
('5-','1','19','19','45'),
('1+','3','26','12','38'),
('5+','1','47','12','15'),
('1+','2','99','7','44'),
('2+','2','100','4','47'),
('4+','3','10','22','53'),
('4-','2','43','1','40'),
('6','2','113','22','53'),
('6-','3','35','11','13'),
('3+','3','25','11','13'),
('3','2','80','19','45'),
('5+','1','104','19','59'),
('6','1','58','8','8'),
('4+','1','107','5','21'),
('2+','3','66','7','30'),
('5+','1','81','19','45'),
('1+','3','38','4','55'),
('5+','1','102','1','40'),
('3+','1','100','15','26'),
('1','3','4','18','43'),
('6','1','114','19','59'),
('2+','3','57','3','3'),
('4','1','33','11','13'),
('1+','3','77','5','21'),
('1','2','49','16','24'),
('6','3','41','10','36'),
('4+','1','35','7','29'),
('1','3','5','5','21'),
('1+','3','100','19','59'),
('5+','1','77','4','49'),
('6','1','103','13','38'),
('3+','1','75','1','31'),
('1','3','26','8','8'),
('2-','3','56','14','42'),
('2+','1','21','15','18'),
('2','3','14','4','4'),
('1','3','29','16','24'),
('5-','3','109','11','13'),
('5+','1','16','10','12'),
('3','2','19','6','6'),
('4','2','112','6','57'),
('2+','2','115','5','21'),
('3+','1','94','19','45'),
('6','2','120','22','53'),
('2+','2','43','11','13'),
('4','1','40','10','36'),
('5+','3','21','12','23'),
('3+','3','70','1','54'),
('3+','3','17','18','43'),
('5+','3','60','12','38'),
('5+','3','72','15','35'),
('3+','2','97','19','45'),
('6','1','105','4','47'),
('5+','2','26','3','3'),
('4+','2','56','6','27'),
('4+','1','84','1','11'),
('3+','1','120','17','53'),
('3+','2','72','23','43'),
('3-','1','99','18','56'),
('1+','2','16','19','45'),
('3-','2','104','15','26'),
('3-','2','6','7','7'),
('3+','3','76','1','31'),
('5-','2','113','12','15'),
('3-','1','96','18','56'),
('4','3','15','10','25'),
('5-','3','9','4','4'),
('2-','1','97','6','57'),
('2','1','4','6','6'),
('4-','2','114','17','53'),
('3-','2','89','4','34'),
('6-','3','16','15','18'),
('5','1','2','11','13'),
('6-','3','95','13','38'),
('6','2','96','7','29'),
('2','3','10','5','5'),
('2-','1','21','7','29'),
('3+','1','120','4','33'),
('3+','3','22','4','49'),
('2-','1','96','6','57'),
('4+','3','31','18','43'),
('1','2','64','1','54'),
('6-','3','51','10','36'),
('1','3','116','19','59'),
('5+','1','33','10','36'),
('1+','1','63','4','34'),
('6','2','92','13','23'),
('2+','1','63','22','53'),
('5+','1','42','21','50'),
('2+','1','75','14','16'),
('3-','2','44','15','26'),
('4+','2','91','10','36'),
('3-','3','40','22','53'),
('3+','3','8','19','45'),
('2+','1','20','3','3'),
('3+','2','88','1','37'),
('4+','1','15','7','14'),
('1+','1','84','6','46'),
('3-','2','25','7','14'),
('4','3','2','12','23'),
('3','2','58','20','50'),
('5-','1','86','10','36'),
('1+','1','22','7','29'),
('4','1','50','10','36'),
('3','1','94','19','45'),
('4+','1','85','7','30'),
('5+','3','27','21','50'),
('2-','2','113','7','44'),
('5-','3','72','23','43'),
('1+','2','27','4','33'),
('5','3','114','6','46'),
('1','2','63','3','3'),
('6','3','26','6','6'),
('5','3','56','19','52'),
('6-','1','114','12','15'),
('1+','2','114','17','53'),
('2-','2','115','5','21'),
('2+','1','93','17','28'),
('3','1','40','15','26'),
('2+','2','45','6','20'),
('4+','3','79','4','41'),
('5+','2','63','11','13'),
('2-','1','16','16','24'),
('2+','2','28','7','14'),
('6-','3','11','15','18'),
('2+','3','101','6','27'),
('3+','3','90','1','37'),
('1','1','87','6','48'),
('6','1','30','14','16'),
('5+','1','37','10','36'),
('6','2','7','14','51'),
('2+','2','26','11','13'),
('6-','3','83','10','12'),
('3+','1','2','22','53'),
('3-','3','92','1','37'),
('4+','2','105','19','59'),
('1+','1','45','15','26'),
('1','3','92','2','2'),
('5','3','77','4','49'),
('5-','2','114','1','37'),
('5','2','68','6','58'),
('2-','1','35','1','54'),
('6','2','52','4','4'),
('1','1','51','9','10'),
('2+','1','12','1','1'),
('6-','1','110','3','28'),
('5+','1','33','1','54'),
('2+','2','58','6','20'),
('2+','1','74','14','16'),
('2+','2','57','15','26'),
('1','2','120','1','37'),
('5','2','87','6','48'),
('6','3','112','3','28'),
('3+','1','5','18','43'),
('6-','2','35','15','26'),
('2+','1','114','7','44'),
('5+','1','18','8','8'),
('6','3','47','8','8'),
('4+','2','88','13','23'),
('1','1','32','3','3'),
('2+','1','12','22','53'),
('1','2','113','2','2'),
('4-','3','35','21','50'),
('4+','3','25','12','38'),
('5','3','98','19','45'),
('3+','2','102','13','38'),
('3+','2','44','6','27'),
('2','2','30','1','31'),
('3+','3','35','15','26'),
('4','1','107','13','38'),
('4+','1','117','6','57'),
('6','1','91','2','2'),
('1+','2','61','15','26'),
('6-','1','5','8','8'),
('3-','1','89','10','36'),
('3+','2','88','7','14'),
('2+','1','91','14','51'),
('5+','2','90','5','21');