insert into subjects values(1,'mathematics');
insert into subjects values(2,'science');
insert into subjects values(3,'physical education');
insert into subjects values(4,'art');
insert into subjects values(5,'english');
insert into subjects values(6,'spanish');
insert into subjects values(7,'french');
insert into subjects values(8,'polish');
insert into subjects values(9,'german');
insert into subjects values(10,'chinese');
insert into subjects values(11,'russian');
insert into subjects values(12,'geography');
insert into subjects values(13,'physics');
insert into subjects values(14,'chemistry');
insert into subjects values(15,'biology');
insert into subjects values(16,'computer science');
insert into subjects values(17,'religion');
insert into subjects values(18,'history');
insert into subjects values(19,'social studies');
insert into subjects values(20,'safety education');

INSERT INTO "teachers" (PESEL, name, surname, street, city, postalCode, email, phone) VALUES ('00232718892','Donovan','Delacruz','11 Proctor Circle','Peabody','01960','Alysson_Adams@carroll.info','448512982');
INSERT INTO "teachers" (PESEL, name, surname, street, city, postalCode, email, phone) VALUES ('00233161224','Travis','Hays','1123 Ardee Avenue','Nashville','37216','Anahi_Treutel@triston.us','765221251');
INSERT INTO "teachers" (PESEL, name, surname, street, city, postalCode, email, phone) VALUES ('44092782976','Troy','Silva','1124 Bluewillow Court','Nashville','37013','Antonina_Grady@maybelle.ca','125823879');
INSERT INTO "teachers" (PESEL, name, surname, street, city, postalCode, email, phone) VALUES ('46020462268','Brock','King','1216 West Hill Street','Louisville','40210','Bette@arden.io','771929965');
INSERT INTO "teachers" (PESEL, name, surname, street, city, postalCode, email, phone) VALUES ('46120143494','Caldwell','Clements','1223 Delaware Avenue','Deale','20733','Blaise.Beer@twila.info','225778316');
INSERT INTO "teachers" (PESEL, name, surname, street, city, postalCode, email, phone) VALUES ('47103156515','Cullen','Ramos','1515 Chandlee Avenue','Panama City','32405','Brandyn@yolanda.co.uk','444693739');
INSERT INTO "teachers" (PESEL, name, surname, street, city, postalCode, email, phone) VALUES ('47111527174','Lionel','Blanchard','1612 Beech Street','Louisville','40211','Branson@stefanie.biz','519574359');
INSERT INTO "teachers" (PESEL, name, surname, street, city, postalCode, email, phone) VALUES ('48012836927','Micah','Chase','1623 Mines Road','Lowell','05847','Cullen_Kuvalis@lavinia.info','971526196');
INSERT INTO "teachers" (PESEL, name, surname, street, city, postalCode, email, phone) VALUES ('49010336518','Kelly','Vaughn','172 Alburg Springs Road','Alburgh','05440','Daisha@willa.co.uk','237633943');
INSERT INTO "teachers" (PESEL, name, surname, street, city, postalCode, email, phone) VALUES ('49040819131','Ian','Grimes','1810 Orchard Place','Anchorage','99502','Donna.Flatley@mozelle.info','398462945');
INSERT INTO "teachers" (PESEL, name, surname, street, city, postalCode, email, phone) VALUES ('50121395866','Lucius','Clements','18330 North 79th Avenue','Glendale','85308','Emely@brando.ca','943285699');
INSERT INTO "teachers" (PESEL, name, surname, street, city, postalCode, email, phone) VALUES ('51020826484','Alexander','Brock','2036 Gorgas Street','Montgomery','36106','Evan.Abbott@kiana.ca','719822943');
INSERT INTO "teachers" (PESEL, name, surname, street, city, postalCode, email, phone) VALUES ('53051362995','Brandon','Vargas','2068 Happy Lane','Crofton','21114','Evert.Schultz@verona.net','486926256');
INSERT INTO "teachers" (PESEL, name, surname, street, city, postalCode, email, phone) VALUES ('53121659648','Cullen','Pace','218 Middle Street','Brighton','05846','Felicia@dave.tv','787539473');
INSERT INTO "teachers" (PESEL, name, surname, street, city, postalCode, email, phone) VALUES ('55031825719','Kermit','Eaton','22649 McManus Drive','Anchorage','99567','Gianni@cali.com','518642681');
INSERT INTO "teachers" (PESEL, name, surname, street, city, postalCode, email, phone) VALUES ('57072476615','Ray','Blanchard','236 Alden Road','Hayward','94541','Gladyce@zackery.us','774774893');
INSERT INTO "teachers" (PESEL, name, surname, street, city, postalCode, email, phone) VALUES ('58032061353','Kenyon','Weaver','2406 Brighton Drive','Louisville','40205','Hyman_Olson@roxane.org','431849988');
INSERT INTO "teachers" (PESEL, name, surname, street, city, postalCode, email, phone) VALUES ('58051082568','Plato','Valenzuela','249 Yellow Leaf Circle','Anchorage','99504','Jalon@caroline.info','628943649');
INSERT INTO "teachers" (PESEL, name, surname, street, city, postalCode, email, phone) VALUES ('60042585383','Kermit','Sampson','2543 The Meadows','Montgomery','36116','Jessy_Hessel@demario.name','739193456');
INSERT INTO "teachers" (PESEL, name, surname, street, city, postalCode, email, phone) VALUES ('62021768899','Caldwell','Ellis','2728 Hale Avenue','Louisville','40211','Karina.Hills@hugh.biz','546247345');
INSERT INTO "teachers" (PESEL, name, surname, street, city, postalCode, email, phone) VALUES ('62022126342','Kermit','Barnett','2747 68th Avenue','Oakland','94605','Karli_Anderson@merl.io','275132377');
INSERT INTO "teachers" (PESEL, name, surname, street, city, postalCode, email, phone) VALUES ('64062198459','Raja','Christensen','33 South Hill Avenue','Fayetteville','72701','Lavina@annabelle.info','322498462');
INSERT INTO "teachers" (PESEL, name, surname, street, city, postalCode, email, phone) VALUES ('64070267244','Blaze','Hines','3538 Mendenhall Court','Pleasanton','94588','Liliana@nelle.info','884916494');
INSERT INTO "teachers" (PESEL, name, surname, street, city, postalCode, email, phone) VALUES ('65021576361','Cedric','Robles','3555 Alamosa Drive','Anchorage','99502','Lilyan.Stiedemann@soledad.ca','415879655');
INSERT INTO "teachers" (PESEL, name, surname, street, city, postalCode, email, phone) VALUES ('66011952655','Demetrius','Flores','3579 2nd Avenue','Edgewater','21037','Marlen_Nolan@toney.me','154473815');
INSERT INTO "teachers" (PESEL, name, surname, street, city, postalCode, email, phone) VALUES ('66040578967','Vance','Hays','3811 W Street Southeast','Washington','20020','Michael@addison.co.uk','861255679');
INSERT INTO "teachers" (PESEL, name, surname, street, city, postalCode, email, phone) VALUES ('70102547138','Thomas','Morrow','38676 Greenwich Circle','Fremont','94536','Morris_Gorczany@lindsey.me','991419468');
INSERT INTO "teachers" (PESEL, name, surname, street, city, postalCode, email, phone) VALUES ('72021373522','Kenyon','Marquez','4132 Northwest 57th Street','Oklahoma City','73112','Olaf@giovanni.ca','566781376');
INSERT INTO "teachers" (PESEL, name, surname, street, city, postalCode, email, phone) VALUES ('73081675863','Dean','Elliott','415 Lullwater Drive','Panama City Beach','32413','Pete_Carroll@leland.name','412885493');
INSERT INTO "teachers" (PESEL, name, surname, street, city, postalCode, email, phone) VALUES ('74060767124','Curran','Fitzpatrick','4600 East Huntsville Road','Fayetteville','72701','Roslyn@derrick.org','355726853');
INSERT INTO "teachers" (PESEL, name, surname, street, city, postalCode, email, phone) VALUES ('77020267638','Rafael','Wise','5 Meadow Lane','Rutland','05701','Sadye@niko.biz','868873237');
INSERT INTO "teachers" (PESEL, name, surname, street, city, postalCode, email, phone) VALUES ('77102187797','Curran','Ramos','5615 West Villa Maria Drive','Glendale','85308','Sandrine_Von@elyse.org','532627886');
INSERT INTO "teachers" (PESEL, name, surname, street, city, postalCode, email, phone) VALUES ('81061563178','Brock','Foreman','5688 Johnson Court','Arvada','80002','Selmer@nickolas.io','649441726');
INSERT INTO "teachers" (PESEL, name, surname, street, city, postalCode, email, phone) VALUES ('81071424195','Rooney','Morse','570 Broadway','Lynnfield','01940','Steve.Cummerata@aubree.org','546559212');
INSERT INTO "teachers" (PESEL, name, surname, street, city, postalCode, email, phone) VALUES ('83010681223','Vincent','Thomas','6080 Frontier Lane','Nashville','37211','Syble.Adams@kevin.tv','834147356');
INSERT INTO "teachers" (PESEL, name, surname, street, city, postalCode, email, phone) VALUES ('84071528241','Hall','Barnett','632 North Pine Street','Anchorage','99508','Terence_Kling@lera.co.uk','189748753');
INSERT INTO "teachers" (PESEL, name, surname, street, city, postalCode, email, phone) VALUES ('85032417952','Kenyon','Mosley','637 Britannia Drive','Vallejo','94591','Tressie@shad.co.uk','878287539');
INSERT INTO "teachers" (PESEL, name, surname, street, city, postalCode, email, phone) VALUES ('88011056429','Chaim','Fischer','6420 Via Baron','Rancho Palos Verdes','90275','Trudie_Barton@lloyd.us','418979479');
INSERT INTO "teachers" (PESEL, name, surname, street, city, postalCode, email, phone) VALUES ('90031117949','Lane','Garner','6444 North 67th Avenue','Glendale','85301','Uriah.Marquardt@hershel.me','183116246');
INSERT INTO "teachers" (PESEL, name, surname, street, city, postalCode, email, phone) VALUES ('95012696147','Octavius','Le','6518 Dolphin Court','Glen Burnie','21061','Vallie_Boyer@benny.name','868625881');
INSERT INTO "teachers" (PESEL, name, surname, street, city, postalCode, email, phone) VALUES ('96102733883','Armando','Horn','8505 Waters Avenue','Savannah','31406','Vivianne.Pfannerstill@ollie.tv','928865548');
INSERT INTO "teachers" (PESEL, name, surname, street, city, postalCode, email, phone) VALUES ('97072336247','Grady','Ramirez','86 Russell Street','Manchester','06040','egestas.nunc@metussit.org','275782653');
INSERT INTO "teachers" (PESEL, name, surname, street, city, postalCode, email, phone) VALUES ('99010215915','Vincent','Garner','926 Mill Court','Savannah','31419','id.blandit@rutrumnonhendrerit.co.uk','457429544');
INSERT INTO "teachers" (PESEL, name, surname, street, city, postalCode, email, phone) VALUES ('99022051956','Tate','Horn','9457 Winfield Place','Montgomery','36117','id.erat@consequat.co.uk','171191967');
INSERT INTO "teachers" (PESEL, name, surname, street, city, postalCode, email, phone) VALUES ('99052719527','Curran','Mosley','98 Lincoln Street','Revere','02151','lacus.vestibulum@interdumfeugiat.ca','213875382');

insert into teacher_subjects values(1,1);
insert into teacher_subjects values(1,13);
insert into teacher_subjects values(2,14);
insert into teacher_subjects values(3,20);
insert into teacher_subjects values(3,17);
insert into teacher_subjects values(5,4);
insert into teacher_subjects values(6,1);
insert into teacher_subjects values(7,1);
insert into teacher_subjects values(7,16);
insert into teacher_subjects values(7,6);
insert into teacher_subjects values(7,4);
insert into teacher_subjects values(8,8);
insert into teacher_subjects values(8,11);
insert into teacher_subjects values(9,12);
insert into teacher_subjects values(10,10);
insert into teacher_subjects values(11,14);
insert into teacher_subjects values(11,15);
insert into teacher_subjects values(12,1);
insert into teacher_subjects values(12,2);
insert into teacher_subjects values(13,9);
insert into teacher_subjects values(13,17);
insert into teacher_subjects values(14,19);
insert into teacher_subjects values(14,18);
insert into teacher_subjects values(15,13);
insert into teacher_subjects values(15,14);
insert into teacher_subjects values(15,15);
insert into teacher_subjects values(15,2);
insert into teacher_subjects values(16,8);
insert into teacher_subjects values(16,9);
insert into teacher_subjects values(17,4);
insert into teacher_subjects values(17,17);
insert into teacher_subjects values(18,5);
insert into teacher_subjects values(18,8);
insert into teacher_subjects values(19,5);
insert into teacher_subjects values(19,11);
insert into teacher_subjects values(20,1);
insert into teacher_subjects values(20,3);
insert into teacher_subjects values(21,14);
insert into teacher_subjects values(22,18);
insert into teacher_subjects values(23,1);
insert into teacher_subjects values(24,2);
insert into teacher_subjects values(25,15);
insert into teacher_subjects values(26,4);
insert into teacher_subjects values(28,19);
insert into teacher_subjects values(28,16);
insert into teacher_subjects values(28,13);
insert into teacher_subjects values(29,15);
insert into teacher_subjects values(29,18);
insert into teacher_subjects values(31,7);
insert into teacher_subjects values(32,6);
insert into teacher_subjects values(33,5);
insert into teacher_subjects values(35,10);
insert into teacher_subjects values(35,15);
insert into teacher_subjects values(35,12);
insert into teacher_subjects values(36,18);
insert into teacher_subjects values(36,9);
insert into teacher_subjects values(36,4);
insert into teacher_subjects values(37,7);
insert into teacher_subjects values(37,8);
insert into teacher_subjects values(38,14);
insert into teacher_subjects values(38,5);
insert into teacher_subjects values(39,16);
insert into teacher_subjects values(39,1);
insert into teacher_subjects values(40,3);
insert into teacher_subjects values(40,5);
insert into teacher_subjects values(40,10);
insert into teacher_subjects values(41,11);
insert into teacher_subjects values(42,3);
insert into teacher_subjects values(42,11);
insert into teacher_subjects values(43,8);
insert into teacher_subjects values(45,18);

INSERT INTO "groups" (group_id, name) VALUES ('1','1a');
INSERT INTO "groups" (group_id, name) VALUES ('2','1b');
INSERT INTO "groups" (group_id, name) VALUES ('3','1c');
INSERT INTO "groups" (group_id, name) VALUES ('4','2a');
INSERT INTO "groups" (group_id, name) VALUES ('5','2b');
INSERT INTO "groups" (group_id, name) VALUES ('6','2c');
INSERT INTO "groups" (group_id, name) VALUES ('7','3a');
INSERT INTO "groups" (group_id, name) VALUES ('8','3b');
INSERT INTO "groups" (group_id, name) VALUES ('9','3c');
INSERT INTO "groups" (group_id, name) VALUES ('10','4a');
INSERT INTO "groups" (group_id, name) VALUES ('11','4b');
INSERT INTO "groups" (group_id, name) VALUES ('12','4c');
INSERT INTO "groups" (group_id, name) VALUES ('13','5a');
INSERT INTO "groups" (group_id, name) VALUES ('14','5b');
INSERT INTO "groups" (group_id, name) VALUES ('15','5c');
INSERT INTO "groups" (group_id, name) VALUES ('16','6a');
INSERT INTO "groups" (group_id, name) VALUES ('17','6b');
INSERT INTO "groups" (group_id, name) VALUES ('18','6c');
INSERT INTO "groups" (group_id, name) VALUES ('19','7a');
INSERT INTO "groups" (group_id, name) VALUES ('20','7b');

INSERT INTO "students" (student_id, PESEL, name, surname, street, city, postalCode, email, phone) VALUES ('1','00262462237','Travis','Snow','10 Erick Road','Mansfield','02048','Abner@juwan.biz','128393192');
INSERT INTO "students" (student_id, PESEL, name, surname, street, city, postalCode, email, phone) VALUES ('2','00302285451','Ronan','Riley','10001 Pheasant Lane','Oklahoma City','73162','Adaline@jan.us','376193597');
INSERT INTO "students" (student_id, PESEL, name, surname, street, city, postalCode, email, phone) VALUES ('3','01260594241','Levi','Hays','1011 Devon Drive','Hayward','94542','Adrain@nella.name','131131626');
INSERT INTO "students" (student_id, PESEL, name, surname, street, city, postalCode, email, phone) VALUES ('4','01272019383','Kaseem','Summers','10129 Spring Gate Drive','Louisville','40241','Albertha@opal.org','423598275');
INSERT INTO "students" (student_id, PESEL, name, surname, street, city, postalCode, email, phone) VALUES ('5','01320226745','Paul','Gamble','107 Laurel Green Court','Savannah','31419','Alena.Zieme@hillard.ca','819594898');
INSERT INTO "students" (student_id, PESEL, name, surname, street, city, postalCode, email, phone) VALUES ('6','02250285923','Cameron','Chase','109 Summit Street','Burlington','05401','Alexandro_Deckow@celestine.org','122295188');
INSERT INTO "students" (student_id, PESEL, name, surname, street, city, postalCode, email, phone) VALUES ('7','02281043255','Lucius','Faulkner','1156 Greenhill Road','Arnold','21012','Alf@peter.biz','148293347');
INSERT INTO "students" (student_id, PESEL, name, surname, street, city, postalCode, email, phone) VALUES ('8','02311069567','Abdul','Caldwell','1160 North College Avenue','Fayetteville','72703','Alison@carlo.com','799341585');
INSERT INTO "students" (student_id, PESEL, name, surname, street, city, postalCode, email, phone) VALUES ('9','03271277753','Armando','Ramirez','12 Kane Road','Manchester','06040','Alysa.Hilpert@jacinthe.biz','923236848');
INSERT INTO "students" (student_id, PESEL, name, surname, street, city, postalCode, email, phone) VALUES ('10','44070959657','Kenyon','Wade','122 East Hayes Street','Norman','73069','Anahi_Treutel@triston.us','191296964');
INSERT INTO "students" (student_id, PESEL, name, surname, street, city, postalCode, email, phone) VALUES ('11','44092463451','Prescott','Gardner','122 Summer Street','Medford','02155','Annalise_Bradtke@dannie.ca','886379379');
INSERT INTO "students" (student_id, PESEL, name, surname, street, city, postalCode, email, phone) VALUES ('12','44093075426','Connor','Mendez','12371 Atlanta Highway','Montgomery','36117','Annamae@madeline.us','362724858');
INSERT INTO "students" (student_id, PESEL, name, surname, street, city, postalCode, email, phone) VALUES ('13','45030333779','Damon','Schmidt','127 Grand Heron Drive','Panama City','32407','Antonina_Reinger@santiago.io','786448421');
INSERT INTO "students" (student_id, PESEL, name, surname, street, city, postalCode, email, phone) VALUES ('14','46021187892','Prescott','Riley','12816 West 65th Way','Arvada','80004','Anya_Schoen@teagan.ca','252215374');
INSERT INTO "students" (student_id, PESEL, name, surname, street, city, postalCode, email, phone) VALUES ('15','46071549451','Raymond','Skinner','1309 Columbia Road Northwest','Washington','20009','Austin@assunta.biz','814835219');
INSERT INTO "students" (student_id, PESEL, name, surname, street, city, postalCode, email, phone) VALUES ('16','46123036227','Vance','Mosley','1314 89th Avenue','Oakland','94621','Austyn.Jast@billy.us','374557716');
INSERT INTO "students" (student_id, PESEL, name, surname, street, city, postalCode, email, phone) VALUES ('17','47061959984','Daquan','David','1334 East 14th Avenue','Anchorage','99501','Boris@juanita.biz','433325456');
INSERT INTO "students" (student_id, PESEL, name, surname, street, city, postalCode, email, phone) VALUES ('18','47082432888','Brady','Ramirez','140 South Hill Avenue','Fayetteville','72701','Brad.Gulgowski@rebeka.biz','826932893');
INSERT INTO "students" (student_id, PESEL, name, surname, street, city, postalCode, email, phone) VALUES ('19','49010336518','Brock','Mosley','1404 James Way','Edgewater','21037','Braulio@anjali.com','136591385');
INSERT INTO "students" (student_id, PESEL, name, surname, street, city, postalCode, email, phone) VALUES ('20','49040819131','Nathaniel','Greer','1405 Monroe Street Northeast','Washington','20017','Caden_Bashirian@jerod.biz','768973329');
INSERT INTO "students" (student_id, PESEL, name, surname, street, city, postalCode, email, phone) VALUES ('21','49051871339','Grady','Tran','1431 King George Boulevard','Savannah','31419','Carolyne@lane.name','859663232');
INSERT INTO "students" (student_id, PESEL, name, surname, street, city, postalCode, email, phone) VALUES ('22','49052293136','Cameron','Baldwin','14358 West 88th Place','Arvada','80005','Cecelia_Wolff@zackary.net','559223838');
INSERT INTO "students" (student_id, PESEL, name, surname, street, city, postalCode, email, phone) VALUES ('23','49100121167','Emerson','Cohen','1452 55th Avenue','Oakland','94621','Charley@finn.us','865213231');
INSERT INTO "students" (student_id, PESEL, name, surname, street, city, postalCode, email, phone) VALUES ('24','50012437848','Ezra','Mosley','1520 H Street Northwest','Washington','20006','Chelsey_Koch@tianna.co.uk','184282741');
INSERT INTO "students" (student_id, PESEL, name, surname, street, city, postalCode, email, phone) VALUES ('25','50111023199','Lionel','Elliott','1522 South 36th Street','Louisville','40211','Christa@alba.co.uk','122311692');
INSERT INTO "students" (student_id, PESEL, name, surname, street, city, postalCode, email, phone) VALUES ('26','50120432795','Kelly','Riley','1528 Stafford Avenue','Hayward','94541','Chyna@sage.net','359611423');
INSERT INTO "students" (student_id, PESEL, name, surname, street, city, postalCode, email, phone) VALUES ('27','51072949452','Ferris','Coffey','15847 West 74th Place','Arvada','80007','Clara_Purdy@alexandro.com','687571317');
INSERT INTO "students" (student_id, PESEL, name, surname, street, city, postalCode, email, phone) VALUES ('28','51083062953','Travis','Michael','1630 Eton Way','Crofton','21114','Cleora_Dooley@nico.biz','918438197');
INSERT INTO "students" (student_id, PESEL, name, surname, street, city, postalCode, email, phone) VALUES ('29','51102941337','Cadman','Sharp','1632 North Lunsford Avenue','Fayetteville','72701','Clifford.Hamill@randi.com','818568493');
INSERT INTO "students" (student_id, PESEL, name, surname, street, city, postalCode, email, phone) VALUES ('30','51111371558','Tyler','Brock','1635 Generals Highway','Annapolis','21401','Cynthia@floyd.info','933419364');
INSERT INTO "students" (student_id, PESEL, name, surname, street, city, postalCode, email, phone) VALUES ('31','52051578748','Abbot','Norris','1636 Briarview Court','Severn','21144','Darrion@ona.ca','852248169');
INSERT INTO "students" (student_id, PESEL, name, surname, street, city, postalCode, email, phone) VALUES ('32','52080784172','Clinton','Cleveland','1711 Lore Road','Anchorage','99507','Delilah_Skiles@marlon.us','445349378');
INSERT INTO "students" (student_id, PESEL, name, surname, street, city, postalCode, email, phone) VALUES ('33','53051362995','Octavius','Christensen','1713 Arrow Cove Lane','Annapolis','21401','Delpha@gabrielle.us','721489493');
INSERT INTO "students" (student_id, PESEL, name, surname, street, city, postalCode, email, phone) VALUES ('34','54092691635','Connor','Stevenson','1738 Annabellas Drive','Panama City Beach','32407','Dessie@lou.co.uk','532928145');
INSERT INTO "students" (student_id, PESEL, name, surname, street, city, postalCode, email, phone) VALUES ('35','54110332986','Rooney','Thomas','1771 Daisey Court','Millersville','21108','Dolores_Pfeffer@mattie.biz','912413437');
INSERT INTO "students" (student_id, PESEL, name, surname, street, city, postalCode, email, phone) VALUES ('36','55032338368','Travis','Wade','1809 Cedar Drive','Severn','21144','Domingo.Quigley@mara.net','195233181');
INSERT INTO "students" (student_id, PESEL, name, surname, street, city, postalCode, email, phone) VALUES ('37','55061985458','Prescott','Cohen','1900 West Virginia Avenue Northeast','Washington','20002','Donec.luctus.aliquet@dis.co.uk','667225547');
INSERT INTO "students" (student_id, PESEL, name, surname, street, city, postalCode, email, phone) VALUES ('38','55090649187','Levi','Weaver','1901 North Midwest Boulevard','Edmond','73034','Donec@turpisnon.co.uk','578744133');
INSERT INTO "students" (student_id, PESEL, name, surname, street, city, postalCode, email, phone) VALUES ('39','56020931286','Vance','Horn','1903 Bashford Manor Lane','Louisville','40218','Douglas.Effertz@dorothea.io','634611928');
INSERT INTO "students" (student_id, PESEL, name, surname, street, city, postalCode, email, phone) VALUES ('40','56101473278','Connor','Brooks','19416 Barclay Road','Castro Valley','94546','Easter.Pollich@hallie.name','992846575');
INSERT INTO "students" (student_id, PESEL, name, surname, street, city, postalCode, email, phone) VALUES ('41','57040646299','Carlos','Sharp','19590 East Batavia Drive','Aurora','80011','Edison@shaniya.net','886638361');
INSERT INTO "students" (student_id, PESEL, name, surname, street, city, postalCode, email, phone) VALUES ('42','57062088369','Brandon','Chase','1960 Sigfrid Court','Annapolis','21401','Edwardo.Renner@lucas.com','462764363');
INSERT INTO "students" (student_id, PESEL, name, surname, street, city, postalCode, email, phone) VALUES ('43','57072476615','Octavius','Eaton','2027 North Shannon Drive','Fayetteville','72703','Elouise.Smitham@magnolia.io','346962373');
INSERT INTO "students" (student_id, PESEL, name, surname, street, city, postalCode, email, phone) VALUES ('44','57083162853','Cameron','Walton','2036 Gorgas Street','Montgomery','36106','Elroy@shany.biz','827657911');
INSERT INTO "students" (student_id, PESEL, name, surname, street, city, postalCode, email, phone) VALUES ('45','57113046218','Hall','Weaver','2057 Lucas Street','Montgomery','36107','Emil_Spinka@horacio.co.uk','573266719');
INSERT INTO "students" (student_id, PESEL, name, surname, street, city, postalCode, email, phone) VALUES ('46','58031258321','Garrett','Morse','208 Towne Lake Way','Pooler','31322','Fausto_Abernathy@deshawn.tv','638351572');
INSERT INTO "students" (student_id, PESEL, name, surname, street, city, postalCode, email, phone) VALUES ('47','58042849833','Stewart','Santiago','2106 Standard Avenue','Louisville','40210','Florida_Abbott@rubie.biz','812156925');
INSERT INTO "students" (student_id, PESEL, name, surname, street, city, postalCode, email, phone) VALUES ('48','59042373562','Curran','Kinney','212 Holiday Circle','Savannah','31419','Florida_Simonis@frederique.us','336284483');
INSERT INTO "students" (student_id, PESEL, name, surname, street, city, postalCode, email, phone) VALUES ('49','59121331799','Kenyon','Carroll','2204 7th Street Road','Louisville','40208','Francisco.Price@amelia.us','869421172');
INSERT INTO "students" (student_id, PESEL, name, surname, street, city, postalCode, email, phone) VALUES ('50','59121877297','Paul','Cohen','222 Plymouth Street','Middleborough','02346','Godfrey@nina.co.uk','618362827');
INSERT INTO "students" (student_id, PESEL, name, surname, street, city, postalCode, email, phone) VALUES ('51','60022025685','Tyler','Michael','2248 South Sutherland Drive','Montgomery','36116','Golden@rocio.tv','598337392');
INSERT INTO "students" (student_id, PESEL, name, surname, street, city, postalCode, email, phone) VALUES ('52','60042585383','Dean','Lloyd','22825 North 74th Lane','Glendale','85310','Haylee.Cruickshank@paula.me','193695971');
INSERT INTO "students" (student_id, PESEL, name, surname, street, city, postalCode, email, phone) VALUES ('53','60051519159','Troy','Carroll','2285 Wold Run Drive','Fayetteville','72704','Haylee_Osinski@denis.org','442767244');
INSERT INTO "students" (student_id, PESEL, name, surname, street, city, postalCode, email, phone) VALUES ('54','60090881813','Cedric','Fischer','23 Whitcomb Street','Springfield','05156','Houston@adolph.org','323493663');
INSERT INTO "students" (student_id, PESEL, name, surname, street, city, postalCode, email, phone) VALUES ('55','61022237513','Demetrius','Baldwin','236 Alden Road','Hayward','94541','Houston@emmalee.ca','413487244');
INSERT INTO "students" (student_id, PESEL, name, surname, street, city, postalCode, email, phone) VALUES ('56','62021768899','Kareem','Sharp','238 West Rock Street','Fayetteville','72701','Isabel.Macejkovic@maddison.me','633759343');
INSERT INTO "students" (student_id, PESEL, name, surname, street, city, postalCode, email, phone) VALUES ('57','62062931128','Octavius','Hines','2406 Lindbergh Drive','Louisville','40208','Iva@khalil.com','863128479');
INSERT INTO "students" (student_id, PESEL, name, surname, street, city, postalCode, email, phone) VALUES ('58','62083177589','Ian','Valenzuela','2441 Chase Park Drive','Montgomery','36110','Jace@braulio.com','523264758');
INSERT INTO "students" (student_id, PESEL, name, surname, street, city, postalCode, email, phone) VALUES ('59','63031977732','Kenyon','Baldwin','2505 Walker Lane','Nashville','37207','Jany.Toy@blair.name','834892446');
INSERT INTO "students" (student_id, PESEL, name, surname, street, city, postalCode, email, phone) VALUES ('60','64020737665','Kermit','Thomas','2622 Martin Luther King Junior Boulevard','Fayetteville','72704','Jany@hester.net','911249281');
INSERT INTO "students" (student_id, PESEL, name, surname, street, city, postalCode, email, phone) VALUES ('61','64070267244','Garrett','Gamble','28 Wilfred Road','Manchester','06040','Jaunita.McClure@marvin.info','565932841');
INSERT INTO "students" (student_id, PESEL, name, surname, street, city, postalCode, email, phone) VALUES ('62','65062344215','Raja','Stevenson','2902 Flint Street','Union City','94587','Jaylan@gerhard.io','433913821');
INSERT INTO "students" (student_id, PESEL, name, surname, street, city, postalCode, email, phone) VALUES ('63','66032064474','Sylvester','Hays','310 Timrod Road','Manchester','06040','Jessika@gardner.co.uk','724881446');
INSERT INTO "students" (student_id, PESEL, name, surname, street, city, postalCode, email, phone) VALUES ('64','67030932826','Eric','Justice','3104 Southwest 46th Street','Oklahoma City','73119','Joaquin@juanita.ca','566233339');
INSERT INTO "students" (student_id, PESEL, name, surname, street, city, postalCode, email, phone) VALUES ('65','68080298977','Brady','Summers','3118 Sora Avenue','Louisville','40213','Julian@trever.net','219847939');
INSERT INTO "students" (student_id, PESEL, name, surname, street, city, postalCode, email, phone) VALUES ('66','69010651532','Ferris','Romero','3138 P Street Northwest','Washington','20007','Kara@osbaldo.biz','925824116');
INSERT INTO "students" (student_id, PESEL, name, surname, street, city, postalCode, email, phone) VALUES ('67','69031176713','Plato','Cohen','3140 Commander Drive','Louisville','40220','Kay@abby.org','228667996');
INSERT INTO "students" (student_id, PESEL, name, surname, street, city, postalCode, email, phone) VALUES ('68','69082981254','Herrod','Pace','3194 Bladensburg Road Northeast','Washington','20018','Keanu@garland.tv','642654386');
INSERT INTO "students" (student_id, PESEL, name, surname, street, city, postalCode, email, phone) VALUES ('69','70031772373','Rafael','Velasquez','3301 Nora Lane','Louisville','40220','Keyshawn@jaron.net','811215844');
INSERT INTO "students" (student_id, PESEL, name, surname, street, city, postalCode, email, phone) VALUES ('70','70061462624','Cadman','Greer','3301 Old Muldoon Road','Anchorage','99504','Kristian_Runolfsson@gage.biz','765425299');
INSERT INTO "students" (student_id, PESEL, name, surname, street, city, postalCode, email, phone) VALUES ('71','70062147584','Armando','Coffey','34 Holyoke Road','Manchester','06040','Kyler_Abshire@adah.io','696343231');
INSERT INTO "students" (student_id, PESEL, name, surname, street, city, postalCode, email, phone) VALUES ('72','70102547138','Kermit','Mosley','3466 Southview Avenue','Montgomery','36111','Laurie@jordan.name','592727592');
INSERT INTO "students" (student_id, PESEL, name, surname, street, city, postalCode, email, phone) VALUES ('73','71032542369','Malachi','Snow','347 Brewer Drive','Nashville','37211','Lenna.Kessler@linnea.co.uk','478138742');
INSERT INTO "students" (student_id, PESEL, name, surname, street, city, postalCode, email, phone) VALUES ('74','71090239858','Cullen','Cleveland','3517 S Street Northwest','Washington','20007','Lera.Jaskolski@jamaal.info','393746552');
INSERT INTO "students" (student_id, PESEL, name, surname, street, city, postalCode, email, phone) VALUES ('75','71091638281','Raja','Jacobs','361 Parmley Lane','Nashville','37207','Lula_Price@hilbert.name','521445798');
INSERT INTO "students" (student_id, PESEL, name, surname, street, city, postalCode, email, phone) VALUES ('76','72090326542','Octavius','Cleveland','37 Fieldside Drive','Groton','06340','Manuel@joanny.co.uk','312618163');
INSERT INTO "students" (student_id, PESEL, name, surname, street, city, postalCode, email, phone) VALUES ('77','74060767124','Connor','Fitzgerald','3701 Lake Towne Drive','Nashville','37013','Mark@jace.ca','441938151');
INSERT INTO "students" (student_id, PESEL, name, surname, street, city, postalCode, email, phone) VALUES ('78','74112552692','Abbot','Grimes','4 Old Colony Way','Yarmouth','02664','Maynard@melissa.org','583161313');
INSERT INTO "students" (student_id, PESEL, name, surname, street, city, postalCode, email, phone) VALUES ('79','75062474999','Kareem','Cohen','4 Orchard Street','Manchester','06040','Meagan@ferne.biz','231926496');
INSERT INTO "students" (student_id, PESEL, name, surname, street, city, postalCode, email, phone) VALUES ('80','75072814457','Anthony','Mendez','4113 Holiday Drive','Panama City','32408','Michelle.Schaden@marisa.co.uk','565966861');
INSERT INTO "students" (student_id, PESEL, name, surname, street, city, postalCode, email, phone) VALUES ('81','75122586914','Cameron','Maxwell','416 McIver Street','Nashville','37211','Modesta_Kassulke@nayeli.me','728144941');
INSERT INTO "students" (student_id, PESEL, name, surname, street, city, postalCode, email, phone) VALUES ('82','76030172459','Demetrius','Chase','4221 East Mission Boulevard','Fayetteville','72703','Nat_Armstrong@marjolaine.us','674437546');
INSERT INTO "students" (student_id, PESEL, name, surname, street, city, postalCode, email, phone) VALUES ('83','76120458681','Anthony','Weaver','4231 Miramonte Way','Union City','94587','Newton.Schinner@loma.net','369476936');
INSERT INTO "students" (student_id, PESEL, name, surname, street, city, postalCode, email, phone) VALUES ('84','76121134665','Geoffrey','Henderson','457 Mountain Village Boulevard','Mountain Village','81435','Nicolette.Hackett@catharine.us','963881913');
INSERT INTO "students" (student_id, PESEL, name, surname, street, city, postalCode, email, phone) VALUES ('85','78090572846','Orlando','Grimes','4600 East Huntsville Road','Fayetteville','72701','Nikita_Hegmann@ericka.biz','422236541');
INSERT INTO "students" (student_id, PESEL, name, surname, street, city, postalCode, email, phone) VALUES ('86','79031187914','Travis','Schmidt','4600 Ritchie Highway','Baltimore','21225','Noelia.Hammes@josephine.com','371515456');
INSERT INTO "students" (student_id, PESEL, name, surname, street, city, postalCode, email, phone) VALUES ('87','79062635624','Herrod','Clements','4604 Virginia Loop Road','Montgomery','36116','Otilia@marlon.name','977524361');
INSERT INTO "students" (student_id, PESEL, name, surname, street, city, postalCode, email, phone) VALUES ('88','80052784552','Kareem','Hays','4617 East 3rd Street','Panama City','32404','Ottis@forest.io','246399851');
INSERT INTO "students" (student_id, PESEL, name, surname, street, city, postalCode, email, phone) VALUES ('89','81022428735','Vincent','Price','5108 Franklin Street','Savannah','31405','Percy@reece.ca','813281619');
INSERT INTO "students" (student_id, PESEL, name, surname, street, city, postalCode, email, phone) VALUES ('90','82013146818','Raymond','Ellis','5114 Greentree Drive','Nashville','37211','Petra_Huel@prudence.com','284528633');
INSERT INTO "students" (student_id, PESEL, name, surname, street, city, postalCode, email, phone) VALUES ('91','82072164499','Herrod','Maxwell','52 Oleary Drive','Manchester','06040','Rae_Rath@libbie.biz','387355327');
INSERT INTO "students" (student_id, PESEL, name, surname, street, city, postalCode, email, phone) VALUES ('92','82102479616','Blaze','Horn','5329 A Street','Greeley','80634','Rahul@coby.us','295522771');
INSERT INTO "students" (student_id, PESEL, name, surname, street, city, postalCode, email, phone) VALUES ('93','82112892263','Colorado','Jackson','5385 Iris Street','Arvada','80002','Richard_King@frederick.biz','281246348');
INSERT INTO "students" (student_id, PESEL, name, surname, street, city, postalCode, email, phone) VALUES ('94','83010681223','Connor','Silva','5396 North Reese Avenue','Fresno','93722','River@yolanda.ca','977995267');
INSERT INTO "students" (student_id, PESEL, name, surname, street, city, postalCode, email, phone) VALUES ('95','84072111792','Bradley','Wise','545 Tracey Drive','Panama City','32404','Robin@tia.ca','121935599');
INSERT INTO "students" (student_id, PESEL, name, surname, street, city, postalCode, email, phone) VALUES ('96','85032417952','Ian','Snow','553 South Arlington Road','Orange','92869','Rodrick_Shanahan@keith.com','589988835');
INSERT INTO "students" (student_id, PESEL, name, surname, street, city, postalCode, email, phone) VALUES ('97','85033197541','Brady','Blanchard','5615 West Villa Maria Drive','Glendale','85308','Samanta_Brekke@era.com','496327175');
INSERT INTO "students" (student_id, PESEL, name, surname, street, city, postalCode, email, phone) VALUES ('98','86021313569','Travis','Love','5811 Crossings Boulevard','Nashville','37013','Serena@pat.ca','229413916');
INSERT INTO "students" (student_id, PESEL, name, surname, street, city, postalCode, email, phone) VALUES ('99','87112172386','Burton','Brooks','5928 West Mauna Loa Lane','Glendale','85306','Shad.Bechtelar@damion.ca','512398584');
INSERT INTO "students" (student_id, PESEL, name, surname, street, city, postalCode, email, phone) VALUES ('100','88011056429','Octavius','Elliott','600 West 19th Avenue','Anchorage','99503','Shad@eric.io','151979717');
INSERT INTO "students" (student_id, PESEL, name, surname, street, city, postalCode, email, phone) VALUES ('101','88101579463','Burton','Delacruz','6231 North 59th Avenue','Glendale','85301','Stefanie@johnpaul.biz','361699514');
INSERT INTO "students" (student_id, PESEL, name, surname, street, city, postalCode, email, phone) VALUES ('102','89060782372','Plato','Coffey','642 South 2nd Street','Louisville','40202','Suspendisse.dui.Fusce@Nuncacsem.org','139939964');
INSERT INTO "students" (student_id, PESEL, name, surname, street, city, postalCode, email, phone) VALUES ('103','89110861776','Orlando','Sutton','6431 Shattuck Avenue','Oakland','94609','Thora@jeremie.net','792584338');
INSERT INTO "students" (student_id, PESEL, name, surname, street, city, postalCode, email, phone) VALUES ('104','89122065612','Stone','Lloyd','65 Arcellia Drive','Manchester','06042','Trycia_Boyer@abigale.biz','971471338');
INSERT INTO "students" (student_id, PESEL, name, surname, street, city, postalCode, email, phone) VALUES ('105','90030371472','Vincent','Flores','6748 West San Juan Avenue','Glendale','85303','Viviane@macie.biz','168866954');
INSERT INTO "students" (student_id, PESEL, name, surname, street, city, postalCode, email, phone) VALUES ('106','91092018273','Ezra','Vaughn','7 Underwood Place Northwest','Washington','20012','Viviane@wilford.info','992988749');
INSERT INTO "students" (student_id, PESEL, name, surname, street, city, postalCode, email, phone) VALUES ('107','93022189354','Ray','Horn','7024 Johnny Mercer Boulevard','Savannah','31410','Vivianne.Pfannerstill@ollie.tv','326361126');
INSERT INTO "students" (student_id, PESEL, name, surname, street, city, postalCode, email, phone) VALUES ('108','93041318953','Nathaniel','Gamble','7047 Vinson Road','Panama City','32413','Walker.Grant@kyla.net','925836676');
INSERT INTO "students" (student_id, PESEL, name, surname, street, city, postalCode, email, phone) VALUES ('109','93042792767','Devin','Oneal','74 Heard Street','Chelsea','02150','Walker_Murray@curtis.io','357936534');
INSERT INTO "students" (student_id, PESEL, name, surname, street, city, postalCode, email, phone) VALUES ('110','93060998983','Nero','Fitzpatrick','7431 Candace Way','Louisville','40214','Webster_Ankunding@karl.org','991195692');
INSERT INTO "students" (student_id, PESEL, name, surname, street, city, postalCode, email, phone) VALUES ('111','93082315939','Tyrone','Garner','7529 West 72nd Avenue','Arvada','80003','Wilburn_McClure@kamryn.biz','436755934');
INSERT INTO "students" (student_id, PESEL, name, surname, street, city, postalCode, email, phone) VALUES ('112','95012696147','Thomas','Deleon','8010 Holland Court','Arvada','80005','Wiley@colleen.org','471545118');
INSERT INTO "students" (student_id, PESEL, name, surname, street, city, postalCode, email, phone) VALUES ('113','95101398295','Herrod','Luna','81 Seaton Place Northwest','Washington','20001','augue.scelerisque.mollis@ut.org','894336898');
INSERT INTO "students" (student_id, PESEL, name, surname, street, city, postalCode, email, phone) VALUES ('114','96061728964','Ray','Justice','8202 4 Winds Drive','Lyndon','40222','egestas.nunc@metussit.org','569482984');
INSERT INTO "students" (student_id, PESEL, name, surname, street, city, postalCode, email, phone) VALUES ('115','96111183321','Grady','Ellis','822 Bowden Street','Savannah','31415','facilisis@convalliserat.org','866372798');
INSERT INTO "students" (student_id, PESEL, name, surname, street, city, postalCode, email, phone) VALUES ('116','97121371281','Troy','Blanchard','829 Dunbarton Road','Montgomery','36117','massa.non.ante@sempertellus.ca','256831764');
INSERT INTO "students" (student_id, PESEL, name, surname, street, city, postalCode, email, phone) VALUES ('117','98041219945','Levi','Joyce','88 Shute Street','Everett','02149','netus@nequeIn.com','881593238');
INSERT INTO "students" (student_id, PESEL, name, surname, street, city, postalCode, email, phone) VALUES ('118','98090418951','Kareem','Lloyd','9036 Calico Court','Hesperia','92344','nisi.Mauris.nulla@acmattis.co.uk','916937626');
INSERT INTO "students" (student_id, PESEL, name, surname, street, city, postalCode, email, phone) VALUES ('119','98112638817','Abbot','Carter','9101 Vanguard Drive','Anchorage','99507','sed.turpis.nec@rutrumFusce.com','272847689');
INSERT INTO "students" (student_id, PESEL, name, surname, street, city, postalCode, email, phone) VALUES ('120','99051259679','Tyrone','Nielsen','912 Countryside Lane','Montgomery','36117','urna.Ut@a.org','946518499');

INSERT INTO "groups_students" (group_id, student_id) VALUES ('20','1');
INSERT INTO "groups_students" (group_id, student_id) VALUES ('17','2');
INSERT INTO "groups_students" (group_id, student_id) VALUES ('6','3');
INSERT INTO "groups_students" (group_id, student_id) VALUES ('5','4');
INSERT INTO "groups_students" (group_id, student_id) VALUES ('1','5');
INSERT INTO "groups_students" (group_id, student_id) VALUES ('4','6');
INSERT INTO "groups_students" (group_id, student_id) VALUES ('9','7');
INSERT INTO "groups_students" (group_id, student_id) VALUES ('18','8');
INSERT INTO "groups_students" (group_id, student_id) VALUES ('10','9');
INSERT INTO "groups_students" (group_id, student_id) VALUES ('14','10');
INSERT INTO "groups_students" (group_id, student_id) VALUES ('16','11');
INSERT INTO "groups_students" (group_id, student_id) VALUES ('13','12');
INSERT INTO "groups_students" (group_id, student_id) VALUES ('11','13');
INSERT INTO "groups_students" (group_id, student_id) VALUES ('15','14');
INSERT INTO "groups_students" (group_id, student_id) VALUES ('2','15');
INSERT INTO "groups_students" (group_id, student_id) VALUES ('12','16');
INSERT INTO "groups_students" (group_id, student_id) VALUES ('3','17');
INSERT INTO "groups_students" (group_id, student_id) VALUES ('7','18');
INSERT INTO "groups_students" (group_id, student_id) VALUES ('8','19');
INSERT INTO "groups_students" (group_id, student_id) VALUES ('19','20');
INSERT INTO "groups_students" (group_id, student_id) VALUES ('12','21');
INSERT INTO "groups_students" (group_id, student_id) VALUES ('20','22');
INSERT INTO "groups_students" (group_id, student_id) VALUES ('7','23');
INSERT INTO "groups_students" (group_id, student_id) VALUES ('5','24');
INSERT INTO "groups_students" (group_id, student_id) VALUES ('19','25');
INSERT INTO "groups_students" (group_id, student_id) VALUES ('9','26');
INSERT INTO "groups_students" (group_id, student_id) VALUES ('4','27');
INSERT INTO "groups_students" (group_id, student_id) VALUES ('2','28');
INSERT INTO "groups_students" (group_id, student_id) VALUES ('1','29');
INSERT INTO "groups_students" (group_id, student_id) VALUES ('17','30');
INSERT INTO "groups_students" (group_id, student_id) VALUES ('6','31');
INSERT INTO "groups_students" (group_id, student_id) VALUES ('8','32');
INSERT INTO "groups_students" (group_id, student_id) VALUES ('1','33');
INSERT INTO "groups_students" (group_id, student_id) VALUES ('9','34');
INSERT INTO "groups_students" (group_id, student_id) VALUES ('14','35');
INSERT INTO "groups_students" (group_id, student_id) VALUES ('15','36');
INSERT INTO "groups_students" (group_id, student_id) VALUES ('15','37');
INSERT INTO "groups_students" (group_id, student_id) VALUES ('12','38');
INSERT INTO "groups_students" (group_id, student_id) VALUES ('2','39');
INSERT INTO "groups_students" (group_id, student_id) VALUES ('19','40');
INSERT INTO "groups_students" (group_id, student_id) VALUES ('16','41');
INSERT INTO "groups_students" (group_id, student_id) VALUES ('10','42');
INSERT INTO "groups_students" (group_id, student_id) VALUES ('3','43');
INSERT INTO "groups_students" (group_id, student_id) VALUES ('4','44');
INSERT INTO "groups_students" (group_id, student_id) VALUES ('20','45');
INSERT INTO "groups_students" (group_id, student_id) VALUES ('18','46');
INSERT INTO "groups_students" (group_id, student_id) VALUES ('6','47');
INSERT INTO "groups_students" (group_id, student_id) VALUES ('3','48');
INSERT INTO "groups_students" (group_id, student_id) VALUES ('1','49');
INSERT INTO "groups_students" (group_id, student_id) VALUES ('10','50');
INSERT INTO "groups_students" (group_id, student_id) VALUES ('5','51');
INSERT INTO "groups_students" (group_id, student_id) VALUES ('9','52');
INSERT INTO "groups_students" (group_id, student_id) VALUES ('14','53');
INSERT INTO "groups_students" (group_id, student_id) VALUES ('12','54');
INSERT INTO "groups_students" (group_id, student_id) VALUES ('11','55');
INSERT INTO "groups_students" (group_id, student_id) VALUES ('7','56');
INSERT INTO "groups_students" (group_id, student_id) VALUES ('5','57');
INSERT INTO "groups_students" (group_id, student_id) VALUES ('10','58');
INSERT INTO "groups_students" (group_id, student_id) VALUES ('2','59');
INSERT INTO "groups_students" (group_id, student_id) VALUES ('18','60');
INSERT INTO "groups_students" (group_id, student_id) VALUES ('5','61');
INSERT INTO "groups_students" (group_id, student_id) VALUES ('14','62');
INSERT INTO "groups_students" (group_id, student_id) VALUES ('12','63');
INSERT INTO "groups_students" (group_id, student_id) VALUES ('11','64');
INSERT INTO "groups_students" (group_id, student_id) VALUES ('18','65');
INSERT INTO "groups_students" (group_id, student_id) VALUES ('15','66');
INSERT INTO "groups_students" (group_id, student_id) VALUES ('12','67');
INSERT INTO "groups_students" (group_id, student_id) VALUES ('6','68');
INSERT INTO "groups_students" (group_id, student_id) VALUES ('14','69');
INSERT INTO "groups_students" (group_id, student_id) VALUES ('4','70');
INSERT INTO "groups_students" (group_id, student_id) VALUES ('14','71');
INSERT INTO "groups_students" (group_id, student_id) VALUES ('6','72');
INSERT INTO "groups_students" (group_id, student_id) VALUES ('12','73');
INSERT INTO "groups_students" (group_id, student_id) VALUES ('18','74');
INSERT INTO "groups_students" (group_id, student_id) VALUES ('14','75');
INSERT INTO "groups_students" (group_id, student_id) VALUES ('4','76');
INSERT INTO "groups_students" (group_id, student_id) VALUES ('7','77');
INSERT INTO "groups_students" (group_id, student_id) VALUES ('20','78');
INSERT INTO "groups_students" (group_id, student_id) VALUES ('17','79');
INSERT INTO "groups_students" (group_id, student_id) VALUES ('1','80');
INSERT INTO "groups_students" (group_id, student_id) VALUES ('5','81');
INSERT INTO "groups_students" (group_id, student_id) VALUES ('14','82');
INSERT INTO "groups_students" (group_id, student_id) VALUES ('17','83');
INSERT INTO "groups_students" (group_id, student_id) VALUES ('1','84');
INSERT INTO "groups_students" (group_id, student_id) VALUES ('20','85');
INSERT INTO "groups_students" (group_id, student_id) VALUES ('9','86');
INSERT INTO "groups_students" (group_id, student_id) VALUES ('14','87');
INSERT INTO "groups_students" (group_id, student_id) VALUES ('10','88');
INSERT INTO "groups_students" (group_id, student_id) VALUES ('1','89');
INSERT INTO "groups_students" (group_id, student_id) VALUES ('18','90');
INSERT INTO "groups_students" (group_id, student_id) VALUES ('20','91');
INSERT INTO "groups_students" (group_id, student_id) VALUES ('20','92');
INSERT INTO "groups_students" (group_id, student_id) VALUES ('16','93');
INSERT INTO "groups_students" (group_id, student_id) VALUES ('17','94');
INSERT INTO "groups_students" (group_id, student_id) VALUES ('7','95');
INSERT INTO "groups_students" (group_id, student_id) VALUES ('7','96');
INSERT INTO "groups_students" (group_id, student_id) VALUES ('3','97');
INSERT INTO "groups_students" (group_id, student_id) VALUES ('5','98');
INSERT INTO "groups_students" (group_id, student_id) VALUES ('4','99');
INSERT INTO "groups_students" (group_id, student_id) VALUES ('1','100');
INSERT INTO "groups_students" (group_id, student_id) VALUES ('18','101');
INSERT INTO "groups_students" (group_id, student_id) VALUES ('5','102');
INSERT INTO "groups_students" (group_id, student_id) VALUES ('18','103');
INSERT INTO "groups_students" (group_id, student_id) VALUES ('8','104');
INSERT INTO "groups_students" (group_id, student_id) VALUES ('2','105');
INSERT INTO "groups_students" (group_id, student_id) VALUES ('9','106');
INSERT INTO "groups_students" (group_id, student_id) VALUES ('13','107');
INSERT INTO "groups_students" (group_id, student_id) VALUES ('11','108');
INSERT INTO "groups_students" (group_id, student_id) VALUES ('12','109');
INSERT INTO "groups_students" (group_id, student_id) VALUES ('20','110');
INSERT INTO "groups_students" (group_id, student_id) VALUES ('2','111');
INSERT INTO "groups_students" (group_id, student_id) VALUES ('12','112');
INSERT INTO "groups_students" (group_id, student_id) VALUES ('13','113');
INSERT INTO "groups_students" (group_id, student_id) VALUES ('4','114');
INSERT INTO "groups_students" (group_id, student_id) VALUES ('7','115');
INSERT INTO "groups_students" (group_id, student_id) VALUES ('6','116');
INSERT INTO "groups_students" (group_id, student_id) VALUES ('16','117');
INSERT INTO "groups_students" (group_id, student_id) VALUES ('16','118');
INSERT INTO "groups_students" (group_id, student_id) VALUES ('4','119');
INSERT INTO "groups_students" (group_id, student_id) VALUES ('4','120');

INSERT INTO "legal_guardians" (guardian_id, PESEL, name, surname, street, city, postalCode, email, phone) VALUES ('1','00210717433','Nathaniel','Reeves','10 Dalry Lane','Savannah','31419','Abbigail@paolo.ca','893412115');
INSERT INTO "legal_guardians" (guardian_id, PESEL, name, surname, street, city, postalCode, email, phone) VALUES ('2','00231383174','Abraham','Maxwell','10124 Watsonville Road','Louisville','40272','Abner.Orn@ila.name','656611963');
INSERT INTO "legal_guardians" (guardian_id, PESEL, name, surname, street, city, postalCode, email, phone) VALUES ('3','00252518593','Tyrone','Silva','102 East Cydnee Street','Fayetteville','72703','Abner@juwan.biz','452569341');
INSERT INTO "legal_guardians" (guardian_id, PESEL, name, surname, street, city, postalCode, email, phone) VALUES ('4','00320547852','Hall','Baldwin','10304 North 179th Drive','Waddell','85355','Adaline_McClure@hailee.com','232664398');
INSERT INTO "legal_guardians" (guardian_id, PESEL, name, surname, street, city, postalCode, email, phone) VALUES ('5','02260326726','Abraham','Caldwell','1040 West 27th Avenue','Anchorage','99503','Adrain@nella.name','216416138');
INSERT INTO "legal_guardians" (guardian_id, PESEL, name, surname, street, city, postalCode, email, phone) VALUES ('6','02301121884','Galvin','Morse','107 Laurel Green Court','Savannah','31419','Adrianna@mossie.ca','615454487');
INSERT INTO "legal_guardians" (guardian_id, PESEL, name, surname, street, city, postalCode, email, phone) VALUES ('7','03321999383','Caldwell','Brooks','10881 Northforde Drive','Cupertino','95014','Albina@jarrod.ca','184721968');
INSERT INTO "legal_guardians" (guardian_id, PESEL, name, surname, street, city, postalCode, email, phone) VALUES ('8','44022619343','Wesley','Robles','109 Cambridge Station Road','Louisville','40223','Alec.Kshlerin@gunner.us','588288818');
INSERT INTO "legal_guardians" (guardian_id, PESEL, name, surname, street, city, postalCode, email, phone) VALUES ('9','44050434475','Micah','Faulkner','110 Castle Hill','Manchester','06040','Alexzander@herminio.co.uk','332489457');
INSERT INTO "legal_guardians" (guardian_id, PESEL, name, surname, street, city, postalCode, email, phone) VALUES ('10','44082783389','Octavius','Tran','110 Seaton Place Northwest','Washington','20001','Aliquam.nec.enim@mattisvelitjusto.com','976736462');
INSERT INTO "legal_guardians" (guardian_id, PESEL, name, surname, street, city, postalCode, email, phone) VALUES ('11','44093075426','Keith','Delacruz','1106 Homer Avenue','Savannah','31405','Amos_Abshire@leif.tv','959414165');
INSERT INTO "legal_guardians" (guardian_id, PESEL, name, surname, street, city, postalCode, email, phone) VALUES ('12','45051442953','Herrod','Caldwell','11843 North 60th Avenue','Glendale','85304','Annabel@oda.biz','621376312');
INSERT INTO "legal_guardians" (guardian_id, PESEL, name, surname, street, city, postalCode, email, phone) VALUES ('13','46071549451','Len','Maxwell','12 Kane Road','Manchester','06040','Annamae@madeline.us','633582183');
INSERT INTO "legal_guardians" (guardian_id, PESEL, name, surname, street, city, postalCode, email, phone) VALUES ('14','46120143494','Nero','Velasquez','1216 West Hill Street','Louisville','40210','Antonina_Grady@maybelle.ca','985782918');
INSERT INTO "legal_guardians" (guardian_id, PESEL, name, surname, street, city, postalCode, email, phone) VALUES ('15','47082432888','Tyler','Harding','1223 Delaware Avenue','Deale','20733','Armani.Greenfelder@ida.me','526852333');
INSERT INTO "legal_guardians" (guardian_id, PESEL, name, surname, street, city, postalCode, email, phone) VALUES ('16','49010336518','Orlando','Eaton','1234 Carmel Street','Madera','93638','Austin@assunta.biz','947418437');
INSERT INTO "legal_guardians" (guardian_id, PESEL, name, surname, street, city, postalCode, email, phone) VALUES ('17','49031591394','Cedric','Caldwell','12460 West Solano Drive','Litchfield Park','85340','Beau@edgar.us','237616585');
INSERT INTO "legal_guardians" (guardian_id, PESEL, name, surname, street, city, postalCode, email, phone) VALUES ('18','49051871339','Anthony','Mendez','126 Marjorie Lane','Manchester','06042','Bennett.Cassin@noemie.ca','549891159');
INSERT INTO "legal_guardians" (guardian_id, PESEL, name, surname, street, city, postalCode, email, phone) VALUES ('19','49070863843','Judah','Ellis','140 South Hill Avenue','Fayetteville','72701','Bernice@kaya.org','943689376');
INSERT INTO "legal_guardians" (guardian_id, PESEL, name, surname, street, city, postalCode, email, phone) VALUES ('20','50012437848','Damon','Carroll','1403 Lincoln Street','Savannah','31401','Bert.Williamson@timmy.me','939515915');
INSERT INTO "legal_guardians" (guardian_id, PESEL, name, surname, street, city, postalCode, email, phone) VALUES ('21','50120432795','Brady','Summers','1516 Ringe Drive','Severn','21144','Brad@luna.io','757659994');
INSERT INTO "legal_guardians" (guardian_id, PESEL, name, surname, street, city, postalCode, email, phone) VALUES ('22','50121395866','Nathaniel','Mendez','15847 West 74th Place','Arvada','80007','Brandyn@yolanda.co.uk','171258693');
INSERT INTO "legal_guardians" (guardian_id, PESEL, name, surname, street, city, postalCode, email, phone) VALUES ('23','51010862375','Orlando','Sharp','1622 Edgar D Nixon Avenue','Montgomery','36104','Brett@lourdes.us','936178127');
INSERT INTO "legal_guardians" (guardian_id, PESEL, name, surname, street, city, postalCode, email, phone) VALUES ('24','52102425634','Stone','Coffey','171 Brickhill Circle','Pooler','31322','Brielle@george.tv','821325352');
INSERT INTO "legal_guardians" (guardian_id, PESEL, name, surname, street, city, postalCode, email, phone) VALUES ('25','53022273417','Aquila','Snow','1732 27th Avenue','Oakland','94601','Callie.Ruecker@horace.io','626433122');
INSERT INTO "legal_guardians" (guardian_id, PESEL, name, surname, street, city, postalCode, email, phone) VALUES ('26','53031491837','Burton','Lloyd','1745 T Street Southeast','Washington','20020','Camille@yadira.com','974487612');
INSERT INTO "legal_guardians" (guardian_id, PESEL, name, surname, street, city, postalCode, email, phone) VALUES ('27','53032852857','Vance','Skinner','1753 Zion Road','Fayetteville','72703','Candace.Schmidt@dora.tv','131487717');
INSERT INTO "legal_guardians" (guardian_id, PESEL, name, surname, street, city, postalCode, email, phone) VALUES ('28','54082297748','Cadman','Mosley','1771 Daisey Court','Millersville','21108','Carli.Ryan@lenny.us','427798931');
INSERT INTO "legal_guardians" (guardian_id, PESEL, name, surname, street, city, postalCode, email, phone) VALUES ('29','55061985458','Isaiah','Justice','1831 Frankford Avenue','Panama City','32405','Carole_Stroman@amari.us','667921542');
INSERT INTO "legal_guardians" (guardian_id, PESEL, name, surname, street, city, postalCode, email, phone) VALUES ('30','55112833116','Donovan','Ramirez','1838 Crofton Parkway','Crofton','21114','Carolina_Bailey@marianna.info','211552546');
INSERT INTO "legal_guardians" (guardian_id, PESEL, name, surname, street, city, postalCode, email, phone) VALUES ('31','57062088369','Cedric','Blanchard','188 River Road','Essex','05452','Casper.Botsford@janelle.biz','853518815');
INSERT INTO "legal_guardians" (guardian_id, PESEL, name, surname, street, city, postalCode, email, phone) VALUES ('32','57072476615','Cullen','Elliott','1915 Southeast 29th Street','Oklahoma City','73129','Cedrick.Gerhold@claudie.org','656817715');
INSERT INTO "legal_guardians" (guardian_id, PESEL, name, surname, street, city, postalCode, email, phone) VALUES ('33','57083162853','Stone','Morrow','19404 North 77th Avenue','Glendale','85308','Chadd@lamar.info','977172949');
INSERT INTO "legal_guardians" (guardian_id, PESEL, name, surname, street, city, postalCode, email, phone) VALUES ('34','57090281118','Brady','Mosley','195 Nursery Street','Springfield','01104','Cynthia@floyd.info','659657767');
INSERT INTO "legal_guardians" (guardian_id, PESEL, name, surname, street, city, postalCode, email, phone) VALUES ('35','57092814615','Kermit','Ramirez','2027 North Shannon Drive','Fayetteville','72703','Damien@art.name','565651823');
INSERT INTO "legal_guardians" (guardian_id, PESEL, name, surname, street, city, postalCode, email, phone) VALUES ('36','58032061353','Kareem','Robles','207 Spruce Street','Manchester','06040','Dax@jason.info','198394485');
INSERT INTO "legal_guardians" (guardian_id, PESEL, name, surname, street, city, postalCode, email, phone) VALUES ('37','58042849833','Herrod','Lloyd','210 Lacross Lane','Westmore','05860','Devon.Glover@jennyfer.net','997322724');
INSERT INTO "legal_guardians" (guardian_id, PESEL, name, surname, street, city, postalCode, email, phone) VALUES ('38','59010931941','Sylvester','Garner','2100 Sandy Creek Trail','Edmond','73013','Diana@kaleigh.name','857644793');
INSERT INTO "legal_guardians" (guardian_id, PESEL, name, surname, street, city, postalCode, email, phone) VALUES ('39','59040291691','Aquila','Harding','22 Gallatin Street Northeast','Washington','20011','Douglas@anastacio.info','844573371');
INSERT INTO "legal_guardians" (guardian_id, PESEL, name, surname, street, city, postalCode, email, phone) VALUES ('40','59121331799','Lane','Luna','2203 7th Street Road','Louisville','40208','Drew@jayda.tv','447123862');
INSERT INTO "legal_guardians" (guardian_id, PESEL, name, surname, street, city, postalCode, email, phone) VALUES ('41','60042074421','Chadwick','Eaton','2212 Greenville Street','Montgomery','36107','Duis.risus.odio@dolor.co.uk','858739238');
INSERT INTO "legal_guardians" (guardian_id, PESEL, name, surname, street, city, postalCode, email, phone) VALUES ('42','61031083864','Chadwick','Sampson','2276 West Woodley Square','Montgomery','36116','Edgardo@haylee.org','557789576');
INSERT INTO "legal_guardians" (guardian_id, PESEL, name, surname, street, city, postalCode, email, phone) VALUES ('43','62062931128','Xanthus','Kinney','232 Maine Avenue','Panama City','32401','Edison@shaniya.net','495244571');
INSERT INTO "legal_guardians" (guardian_id, PESEL, name, surname, street, city, postalCode, email, phone) VALUES ('44','62072825581','Cameron','Faulkner','2414 Parker Street','Berkeley','94704','Eladio@florence.com','252532416');
INSERT INTO "legal_guardians" (guardian_id, PESEL, name, surname, street, city, postalCode, email, phone) VALUES ('45','62083177589','Lionel','Sharp','24147 Clinton Court','Hayward','94545','Elmira@melody.co.uk','375711198');
INSERT INTO "legal_guardians" (guardian_id, PESEL, name, surname, street, city, postalCode, email, phone) VALUES ('46','63060298369','Clinton','Thomas','25 Morton Street','Quincy','02169','Elvera_Wolff@chris.ca','771135345');
INSERT INTO "legal_guardians" (guardian_id, PESEL, name, surname, street, city, postalCode, email, phone) VALUES ('47','63102621364','Abbot','Montoya','2500 Snowdoun Chambers Road','Montgomery','36105','Emily@raymundo.tv','177982286');
INSERT INTO "legal_guardians" (guardian_id, PESEL, name, surname, street, city, postalCode, email, phone) VALUES ('48','64020737665','Ira','Cohen','264 Crest Drive','Soldotna','99669','Ernestine_Cormier@armando.biz','443593218');
INSERT INTO "legal_guardians" (guardian_id, PESEL, name, surname, street, city, postalCode, email, phone) VALUES ('49','64062198459','Demetrius','Romero','2755 Country Drive','Fremont','94536','Estelle_Conroy@ray.org','451597341');
INSERT INTO "legal_guardians" (guardian_id, PESEL, name, surname, street, city, postalCode, email, phone) VALUES ('50','64091744333','Tate','Kinney','28 Wilfred Road','Manchester','06040','Esther.Bode@princess.com','497979444');
INSERT INTO "legal_guardians" (guardian_id, PESEL, name, surname, street, city, postalCode, email, phone) VALUES ('51','64100938531','Lionel','Clements','2931 Shady Oaks Drive','Evans','80620','Eulalia@tyreek.net','745853332');
INSERT INTO "legal_guardians" (guardian_id, PESEL, name, surname, street, city, postalCode, email, phone) VALUES ('52','64122237654','Burton','Barnett','311 South Panama Street','Montgomery','36107','Fabian_Harvey@aric.biz','559784978');
INSERT INTO "legal_guardians" (guardian_id, PESEL, name, surname, street, city, postalCode, email, phone) VALUES ('53','65032838584','Abdul','Robles','312 North Cove Boulevard','Panama City','32401','Felicia@dave.tv','146836752');
INSERT INTO "legal_guardians" (guardian_id, PESEL, name, surname, street, city, postalCode, email, phone) VALUES ('54','65051043763','Nero','Hays','317 Windsor Road','Savannah','31419','Fletcher_Legros@aryanna.net','739329214');
INSERT INTO "legal_guardians" (guardian_id, PESEL, name, surname, street, city, postalCode, email, phone) VALUES ('55','65060372214','Grady','Justice','3194 Bladensburg Road Northeast','Washington','20018','Francisco.Price@amelia.us','723164482');
INSERT INTO "legal_guardians" (guardian_id, PESEL, name, surname, street, city, postalCode, email, phone) VALUES ('56','65120259996','Paul','Montoya','3219 Lakeshore Drive','Nashville','37138','Gayle@aletha.tv','331827898');
INSERT INTO "legal_guardians" (guardian_id, PESEL, name, surname, street, city, postalCode, email, phone) VALUES ('57','66040578967','Ahmed','Marquez','3228 Chettenham Drive','Rancho Cordova','95670','Geoffrey@allen.me','651135379');
INSERT INTO "legal_guardians" (guardian_id, PESEL, name, surname, street, city, postalCode, email, phone) VALUES ('58','67010194897','Grady','Fischer','33 Pond Avenue','Brookline','02445','Grady@einar.io','151826524');
INSERT INTO "legal_guardians" (guardian_id, PESEL, name, surname, street, city, postalCode, email, phone) VALUES ('59','67030932826','Jerry','Hays','3301 Old Muldoon Road','Anchorage','99504','Gregory_McDermott@kamren.me','363575938');
INSERT INTO "legal_guardians" (guardian_id, PESEL, name, surname, street, city, postalCode, email, phone) VALUES ('60','67032184498','Harding','Hobbs','3321 Furman Boulevard','Louisville','40220','Gunner.Brekke@courtney.biz','116622113');
INSERT INTO "legal_guardians" (guardian_id, PESEL, name, surname, street, city, postalCode, email, phone) VALUES ('61','67082946468','Jerry','Bonner','34 Holyoke Road','Manchester','06040','Haskell@elissa.biz','468447425');
INSERT INTO "legal_guardians" (guardian_id, PESEL, name, surname, street, city, postalCode, email, phone) VALUES ('62','68031842897','Ira','Vargas','343 Daman Drive','Montgomery','36108','Haylee_Osinski@denis.org','246741556');
INSERT INTO "legal_guardians" (guardian_id, PESEL, name, surname, street, city, postalCode, email, phone) VALUES ('63','68060562889','Connor','Gamble','347 Brewer Drive','Nashville','37211','Idella@florian.tv','491681412');
INSERT INTO "legal_guardians" (guardian_id, PESEL, name, surname, street, city, postalCode, email, phone) VALUES ('64','68080298977','Curran','Marquez','35 Keach Avenue','Worcester','01607','Ivory@darien.biz','746623444');
INSERT INTO "legal_guardians" (guardian_id, PESEL, name, surname, street, city, postalCode, email, phone) VALUES ('65','70061462624','Chaim','Morrow','3620 Colmar Drive','Louisville','40211','Jamey.Harris@sage.tv','491862139');
INSERT INTO "legal_guardians" (guardian_id, PESEL, name, surname, street, city, postalCode, email, phone) VALUES ('66','70062147584','Xanthus','Velasquez','3722 Kisling Loop','Tyndall Air Force Base','32403','Jaquan_Carroll@aric.io','798832698');
INSERT INTO "legal_guardians" (guardian_id, PESEL, name, surname, street, city, postalCode, email, phone) VALUES ('67','71010715749','Tate','Cohen','386 Daniels Road','New Haven','05472','Jaunita.McClure@marvin.info','175487427');
INSERT INTO "legal_guardians" (guardian_id, PESEL, name, surname, street, city, postalCode, email, phone) VALUES ('68','71090749399','Micah','Horn','403 Turkey Creek Road','Mathews','36052','Joel_Marvin@alice.com','692622359');
INSERT INTO "legal_guardians" (guardian_id, PESEL, name, surname, street, city, postalCode, email, phone) VALUES ('69','72080232253','Cedric','Deleon','412 Virginia Avenue','Louisville','40222','Karelle@crystel.biz','187858279');
INSERT INTO "legal_guardians" (guardian_id, PESEL, name, surname, street, city, postalCode, email, phone) VALUES ('70','73081675863','Len','Carter','4136 East Virginia Lane','Montgomery','36116','Karen.Eichmann@tressa.org','492995587');
INSERT INTO "legal_guardians" (guardian_id, PESEL, name, surname, street, city, postalCode, email, phone) VALUES ('71','73091272429','Cameron','Foreman','424 Callan Avenue','San Leandro','94577','Karlie@jarred.biz','121415395');
INSERT INTO "legal_guardians" (guardian_id, PESEL, name, surname, street, city, postalCode, email, phone) VALUES ('72','74051587469','Orlando','Morrow','43 Henderson Avenue','Savannah','31406','Katelyn.Stokes@russ.name','918324932');
INSERT INTO "legal_guardians" (guardian_id, PESEL, name, surname, street, city, postalCode, email, phone) VALUES ('73','75121213682','Chaim','Flores','44 Campfield Road','Manchester','06040','Kathryne_Rau@nels.co.uk','117916524');
INSERT INTO "legal_guardians" (guardian_id, PESEL, name, surname, street, city, postalCode, email, phone) VALUES ('74','75122586914','Kermit','Carter','4438 Maine Avenue','Baldwin Park','91706','Katrina@keith.us','643366785');
INSERT INTO "legal_guardians" (guardian_id, PESEL, name, surname, street, city, postalCode, email, phone) VALUES ('75','78090572846','Chadwick','Williams','4617 East 3rd Street','Panama City','32404','Kay@abby.org','912435527');
INSERT INTO "legal_guardians" (guardian_id, PESEL, name, surname, street, city, postalCode, email, phone) VALUES ('76','79020666516','Raymond','Brock','4709 Blagden Terrace Northwest','Washington','20011','Kellie_Kilback@gavin.ca','361488128');
INSERT INTO "legal_guardians" (guardian_id, PESEL, name, surname, street, city, postalCode, email, phone) VALUES ('77','79031187914','Abraham','Garner','4807 North Grove Avenue','Warr Acres','73122','Laron@aubrey.co.uk','944919744');
INSERT INTO "legal_guardians" (guardian_id, PESEL, name, surname, street, city, postalCode, email, phone) VALUES ('78','80022044558','Eric','Ellis','4924 West 65th Avenue','Arvada','80003','Leif@preston.org','667961553');
INSERT INTO "legal_guardians" (guardian_id, PESEL, name, surname, street, city, postalCode, email, phone) VALUES ('79','80052784552','Rooney','Williams','4981 Shirley Way','Livermore','94550','Levi.Pfannerstill@kitty.tv','712169772');
INSERT INTO "legal_guardians" (guardian_id, PESEL, name, surname, street, city, postalCode, email, phone) VALUES ('80','80082282947','Donovan','Luna','503 Orchard Road','Glen Burnie','21061','Liliana@nelle.info','235217479');
INSERT INTO "legal_guardians" (guardian_id, PESEL, name, surname, street, city, postalCode, email, phone) VALUES ('81','80111252372','Octavius','Deleon','513 Habberton Road','Fayetteville','72703','Lilyan.Stiedemann@soledad.ca','134789713');
INSERT INTO "legal_guardians" (guardian_id, PESEL, name, surname, street, city, postalCode, email, phone) VALUES ('82','81071424195','Orlando','Maxwell','5201 North Miller Avenue','Oklahoma City','73112','Lonie@callie.tv','865433565');
INSERT INTO "legal_guardians" (guardian_id, PESEL, name, surname, street, city, postalCode, email, phone) VALUES ('83','81080968686','Kaseem','Horn','5222 West Laurie Lane','Glendale','85302','Margarette@daija.com','616546852');
INSERT INTO "legal_guardians" (guardian_id, PESEL, name, surname, street, city, postalCode, email, phone) VALUES ('84','81081188753','Cadman','Nielsen','5334 West Northern Avenue','Glendale','85301','Marlen_Nolan@toney.me','534741562');
INSERT INTO "legal_guardians" (guardian_id, PESEL, name, surname, street, city, postalCode, email, phone) VALUES ('85','82010334773','Abbot','Le','5370 Business Park Drive','Montgomery','36116','Maryse@adam.name','422739445');
INSERT INTO "legal_guardians" (guardian_id, PESEL, name, surname, street, city, postalCode, email, phone) VALUES ('86','82013146818','Kareem','Chase','5378 Allison Street','Arvada','80002','Melvina@camila.io','626176451');
INSERT INTO "legal_guardians" (guardian_id, PESEL, name, surname, street, city, postalCode, email, phone) VALUES ('87','82092154719','Octavius','Blanchard','5470 Atlanta Highway','Montgomery','36109','Meredith@therese.name','836578654');
INSERT INTO "legal_guardians" (guardian_id, PESEL, name, surname, street, city, postalCode, email, phone) VALUES ('88','82093064431','Kaseem','Nielsen','555 North Dupont Avenue','Nashville','37115','Mikayla@imogene.info','593662851');
INSERT INTO "legal_guardians" (guardian_id, PESEL, name, surname, street, city, postalCode, email, phone) VALUES ('89','82111983542','Rafael','Fischer','562 South Pierremont Drive','Fayetteville','72701','Minerva@clare.biz','648337762');
INSERT INTO "legal_guardians" (guardian_id, PESEL, name, surname, street, city, postalCode, email, phone) VALUES ('90','82112892263','Raja','Cohen','5628 West Tonopah Drive','Glendale','85308','Miracle@dora.us','126178331');
INSERT INTO "legal_guardians" (guardian_id, PESEL, name, surname, street, city, postalCode, email, phone) VALUES ('91','83033112685','Abraham','Eaton','570 Broadway','Lynnfield','01940','Mohamed@dayna.name','931526533');
INSERT INTO "legal_guardians" (guardian_id, PESEL, name, surname, street, city, postalCode, email, phone) VALUES ('92','84071528241','Ahmed','Lloyd','5792 Owl Hill Avenue','Santa Rosa','95409','Mortimer.Kilback@jacklyn.biz','578657936');
INSERT INTO "legal_guardians" (guardian_id, PESEL, name, surname, street, city, postalCode, email, phone) VALUES ('93','84072111792','Fuller','Chase','6007 Applegate Lane','Louisville','40219','Neil_Murray@alia.ca','843842724');
INSERT INTO "legal_guardians" (guardian_id, PESEL, name, surname, street, city, postalCode, email, phone) VALUES ('94','85031428247','Herrod','Justice','6049 Quail Street','Arvada','80004','Nils@ocie.tv','899384682');
INSERT INTO "legal_guardians" (guardian_id, PESEL, name, surname, street, city, postalCode, email, phone) VALUES ('95','85050978738','Abbot','Henderson','615 Q Street Northwest','Washington','20001','Ole@annabel.name','233841149');
INSERT INTO "legal_guardians" (guardian_id, PESEL, name, surname, street, city, postalCode, email, phone) VALUES ('96','85100431862','Judah','Coffey','6231 North 59th Avenue','Glendale','85301','Opal.Hickle@gaylord.com','383626939');
INSERT INTO "legal_guardians" (guardian_id, PESEL, name, surname, street, city, postalCode, email, phone) VALUES ('97','85121665181','Judah','Jacobs','6244 Sun River Drive','Sacramento','95824','Paul@sally.biz','425511478');
INSERT INTO "legal_guardians" (guardian_id, PESEL, name, surname, street, city, postalCode, email, phone) VALUES ('98','86052016228','Kelly','Jackson','6424 Simms Street','Arvada','80004','Philip@mariano.com','741578845');
INSERT INTO "legal_guardians" (guardian_id, PESEL, name, surname, street, city, postalCode, email, phone) VALUES ('99','87011229178','Wesley','Snow','6460 Vermont 113','Vershire','05079','Quinton@ottilie.com','531349559');

INSERT INTO "guardians_students" (guardian_id, student_id) VALUES ('1','63');
INSERT INTO "guardians_students" (guardian_id, student_id) VALUES ('2','7');
INSERT INTO "guardians_students" (guardian_id, student_id) VALUES ('3','73');
INSERT INTO "guardians_students" (guardian_id, student_id) VALUES ('4','98');
INSERT INTO "guardians_students" (guardian_id, student_id) VALUES ('5','101');
INSERT INTO "guardians_students" (guardian_id, student_id) VALUES ('5','67');
INSERT INTO "guardians_students" (guardian_id, student_id) VALUES ('6','77');
INSERT INTO "guardians_students" (guardian_id, student_id) VALUES ('7','113');
INSERT INTO "guardians_students" (guardian_id, student_id) VALUES ('7','17');
INSERT INTO "guardians_students" (guardian_id, student_id) VALUES ('8','80');
INSERT INTO "guardians_students" (guardian_id, student_id) VALUES ('9','112');
INSERT INTO "guardians_students" (guardian_id, student_id) VALUES ('10','65');
INSERT INTO "guardians_students" (guardian_id, student_id) VALUES ('11','70');
INSERT INTO "guardians_students" (guardian_id, student_id) VALUES ('12','62');
INSERT INTO "guardians_students" (guardian_id, student_id) VALUES ('13','9');
INSERT INTO "guardians_students" (guardian_id, student_id) VALUES ('14','45');
INSERT INTO "guardians_students" (guardian_id, student_id) VALUES ('14','120');
INSERT INTO "guardians_students" (guardian_id, student_id) VALUES ('15','25');
INSERT INTO "guardians_students" (guardian_id, student_id) VALUES ('16','115');
INSERT INTO "guardians_students" (guardian_id, student_id) VALUES ('17','35');
INSERT INTO "guardians_students" (guardian_id, student_id) VALUES ('18','96');
INSERT INTO "guardians_students" (guardian_id, student_id) VALUES ('18','27');
INSERT INTO "guardians_students" (guardian_id, student_id) VALUES ('19','57');
INSERT INTO "guardians_students" (guardian_id, student_id) VALUES ('20','32');
INSERT INTO "guardians_students" (guardian_id, student_id) VALUES ('21','31');
INSERT INTO "guardians_students" (guardian_id, student_id) VALUES ('22','53');
INSERT INTO "guardians_students" (guardian_id, student_id) VALUES ('23','109');
INSERT INTO "guardians_students" (guardian_id, student_id) VALUES ('23','16');
INSERT INTO "guardians_students" (guardian_id, student_id) VALUES ('24','84');
INSERT INTO "guardians_students" (guardian_id, student_id) VALUES ('25','42');
INSERT INTO "guardians_students" (guardian_id, student_id) VALUES ('26','74');
INSERT INTO "guardians_students" (guardian_id, student_id) VALUES ('26','105');
INSERT INTO "guardians_students" (guardian_id, student_id) VALUES ('27','29');
INSERT INTO "guardians_students" (guardian_id, student_id) VALUES ('28','44');
INSERT INTO "guardians_students" (guardian_id, student_id) VALUES ('29','88');
INSERT INTO "guardians_students" (guardian_id, student_id) VALUES ('30','6');
INSERT INTO "guardians_students" (guardian_id, student_id) VALUES ('30','78');
INSERT INTO "guardians_students" (guardian_id, student_id) VALUES ('31','46');
INSERT INTO "guardians_students" (guardian_id, student_id) VALUES ('31','5');
INSERT INTO "guardians_students" (guardian_id, student_id) VALUES ('32','100');
INSERT INTO "guardians_students" (guardian_id, student_id) VALUES ('33','23');
INSERT INTO "guardians_students" (guardian_id, student_id) VALUES ('34','81');
INSERT INTO "guardians_students" (guardian_id, student_id) VALUES ('35','39');
INSERT INTO "guardians_students" (guardian_id, student_id) VALUES ('36','40');
INSERT INTO "guardians_students" (guardian_id, student_id) VALUES ('37','48');
INSERT INTO "guardians_students" (guardian_id, student_id) VALUES ('37','24');
INSERT INTO "guardians_students" (guardian_id, student_id) VALUES ('38','72');
INSERT INTO "guardians_students" (guardian_id, student_id) VALUES ('39','107');
INSERT INTO "guardians_students" (guardian_id, student_id) VALUES ('40','85');
INSERT INTO "guardians_students" (guardian_id, student_id) VALUES ('41','8');
INSERT INTO "guardians_students" (guardian_id, student_id) VALUES ('42','94');
INSERT INTO "guardians_students" (guardian_id, student_id) VALUES ('43','92');
INSERT INTO "guardians_students" (guardian_id, student_id) VALUES ('43','30');
INSERT INTO "guardians_students" (guardian_id, student_id) VALUES ('44','10');
INSERT INTO "guardians_students" (guardian_id, student_id) VALUES ('44','3');
INSERT INTO "guardians_students" (guardian_id, student_id) VALUES ('45','26');
INSERT INTO "guardians_students" (guardian_id, student_id) VALUES ('46','2');
INSERT INTO "guardians_students" (guardian_id, student_id) VALUES ('47','71');
INSERT INTO "guardians_students" (guardian_id, student_id) VALUES ('48','114');
INSERT INTO "guardians_students" (guardian_id, student_id) VALUES ('48','11');
INSERT INTO "guardians_students" (guardian_id, student_id) VALUES ('49','37');
INSERT INTO "guardians_students" (guardian_id, student_id) VALUES ('50','18');
INSERT INTO "guardians_students" (guardian_id, student_id) VALUES ('50','97');
INSERT INTO "guardians_students" (guardian_id, student_id) VALUES ('51','13');
INSERT INTO "guardians_students" (guardian_id, student_id) VALUES ('52','12');
INSERT INTO "guardians_students" (guardian_id, student_id) VALUES ('53','116');
INSERT INTO "guardians_students" (guardian_id, student_id) VALUES ('54','41');
INSERT INTO "guardians_students" (guardian_id, student_id) VALUES ('54','103');
INSERT INTO "guardians_students" (guardian_id, student_id) VALUES ('55','14');
INSERT INTO "guardians_students" (guardian_id, student_id) VALUES ('55','87');
INSERT INTO "guardians_students" (guardian_id, student_id) VALUES ('56','55');
INSERT INTO "guardians_students" (guardian_id, student_id) VALUES ('57','89');
INSERT INTO "guardians_students" (guardian_id, student_id) VALUES ('58','61');
INSERT INTO "guardians_students" (guardian_id, student_id) VALUES ('59','102');
INSERT INTO "guardians_students" (guardian_id, student_id) VALUES ('60','79');
INSERT INTO "guardians_students" (guardian_id, student_id) VALUES ('61','119');
INSERT INTO "guardians_students" (guardian_id, student_id) VALUES ('62','68');
INSERT INTO "guardians_students" (guardian_id, student_id) VALUES ('63','4');
INSERT INTO "guardians_students" (guardian_id, student_id) VALUES ('63','106');
INSERT INTO "guardians_students" (guardian_id, student_id) VALUES ('64','58');
INSERT INTO "guardians_students" (guardian_id, student_id) VALUES ('65','1');
INSERT INTO "guardians_students" (guardian_id, student_id) VALUES ('66','56');
INSERT INTO "guardians_students" (guardian_id, student_id) VALUES ('67','15');
INSERT INTO "guardians_students" (guardian_id, student_id) VALUES ('68','49');
INSERT INTO "guardians_students" (guardian_id, student_id) VALUES ('69','90');
INSERT INTO "guardians_students" (guardian_id, student_id) VALUES ('70','86');
INSERT INTO "guardians_students" (guardian_id, student_id) VALUES ('71','110');
INSERT INTO "guardians_students" (guardian_id, student_id) VALUES ('72','33');
INSERT INTO "guardians_students" (guardian_id, student_id) VALUES ('73','20');
INSERT INTO "guardians_students" (guardian_id, student_id) VALUES ('74','118');
INSERT INTO "guardians_students" (guardian_id, student_id) VALUES ('74','108');
INSERT INTO "guardians_students" (guardian_id, student_id) VALUES ('75','99');
INSERT INTO "guardians_students" (guardian_id, student_id) VALUES ('75','47');
INSERT INTO "guardians_students" (guardian_id, student_id) VALUES ('76','34');
INSERT INTO "guardians_students" (guardian_id, student_id) VALUES ('77','75');
INSERT INTO "guardians_students" (guardian_id, student_id) VALUES ('78','54');
INSERT INTO "guardians_students" (guardian_id, student_id) VALUES ('79','51');
INSERT INTO "guardians_students" (guardian_id, student_id) VALUES ('80','69');
INSERT INTO "guardians_students" (guardian_id, student_id) VALUES ('81','95');
INSERT INTO "guardians_students" (guardian_id, student_id) VALUES ('82','19');
INSERT INTO "guardians_students" (guardian_id, student_id) VALUES ('83','76');
INSERT INTO "guardians_students" (guardian_id, student_id) VALUES ('83','43');
INSERT INTO "guardians_students" (guardian_id, student_id) VALUES ('84','38');
INSERT INTO "guardians_students" (guardian_id, student_id) VALUES ('85','104');
INSERT INTO "guardians_students" (guardian_id, student_id) VALUES ('86','83');
INSERT INTO "guardians_students" (guardian_id, student_id) VALUES ('86','22');
INSERT INTO "guardians_students" (guardian_id, student_id) VALUES ('87','64');
INSERT INTO "guardians_students" (guardian_id, student_id) VALUES ('88','50');
INSERT INTO "guardians_students" (guardian_id, student_id) VALUES ('89','93');
INSERT INTO "guardians_students" (guardian_id, student_id) VALUES ('89','28');
INSERT INTO "guardians_students" (guardian_id, student_id) VALUES ('90','52');
INSERT INTO "guardians_students" (guardian_id, student_id) VALUES ('91','21');
INSERT INTO "guardians_students" (guardian_id, student_id) VALUES ('92','117');
INSERT INTO "guardians_students" (guardian_id, student_id) VALUES ('93','82');
INSERT INTO "guardians_students" (guardian_id, student_id) VALUES ('94','111');
INSERT INTO "guardians_students" (guardian_id, student_id) VALUES ('95','91');
INSERT INTO "guardians_students" (guardian_id, student_id) VALUES ('96','60');
INSERT INTO "guardians_students" (guardian_id, student_id) VALUES ('97','66');
INSERT INTO "guardians_students" (guardian_id, student_id) VALUES ('98','36');
INSERT INTO "guardians_students" (guardian_id, student_id) VALUES ('99','59');

INSERT INTO "lessons" (lesson_id, group_id, subject_id, topic) VALUES (1, 14, 12, 'Mike like sports. Mike loves flowers. ');
INSERT INTO "lessons" (lesson_id, group_id, subject_id, topic) VALUES (2, 18, 8, 'Mike watches football. ');
INSERT INTO "lessons" (lesson_id, group_id, subject_id, topic) VALUES (3, 3, 18, 'Mike like swimming. I loves flowers. ');
INSERT INTO "lessons" (lesson_id, group_id, subject_id, topic) VALUES (4, 3, 4, 'Mike watches football. Rudi loves flowers. ');
INSERT INTO "lessons" (lesson_id, group_id, subject_id, topic) VALUES (5, 14, 7, 'Mike like swimming. Mike watches football. ');
INSERT INTO "lessons" (lesson_id, group_id, subject_id, topic) VALUES (6, 14, 6, 'Mike watches football. Mike loves flowers. ');
INSERT INTO "lessons" (lesson_id, group_id, subject_id, topic) VALUES (7, 7, 15, 'Mike watches football. I like sports. ');
INSERT INTO "lessons" (lesson_id, group_id, subject_id, topic) VALUES (8, 9, 7, 'Mike loves flowers. Rudi loves flowers. ');
INSERT INTO "lessons" (lesson_id, group_id, subject_id, topic) VALUES (9, 15, 6, 'I loves flowers. Mike watches football. ');
INSERT INTO "lessons" (lesson_id, group_id, subject_id, topic) VALUES (10, 14, 8, 'Rudi watches football. I like sports. ');
INSERT INTO "lessons" (lesson_id, group_id, subject_id, topic) VALUES (11, 5, 5, 'Mike watches football. Mike watches football. ');
INSERT INTO "lessons" (lesson_id, group_id, subject_id, topic) VALUES (12, 12, 14, 'I like swimming. Rudi loves flowers. ');
INSERT INTO "lessons" (lesson_id, group_id, subject_id, topic) VALUES (13, 11, 11, 'Rudi watches football. Rudi loves flowers. ');
INSERT INTO "lessons" (lesson_id, group_id, subject_id, topic) VALUES (14, 11, 13, 'Rudi watches football. Mike watches football. ');
INSERT INTO "lessons" (lesson_id, group_id, subject_id, topic) VALUES (15, 19, 15, 'Mike like swimming. Rudi like sports. ');
INSERT INTO "lessons" (lesson_id, group_id, subject_id, topic) VALUES (16, 18, 18, 'Mike like sports. ');
INSERT INTO "lessons" (lesson_id, group_id, subject_id, topic) VALUES (17, 15, 7, 'Mike watches football. Mike loves flowers. ');
INSERT INTO "lessons" (lesson_id, group_id, subject_id, topic) VALUES (18, 18, 15, 'I like sports. Rudi watches football. ');
INSERT INTO "lessons" (lesson_id, group_id, subject_id, topic) VALUES (19, 11, 18, 'Mike watches football. Rudi watches football. ');
INSERT INTO "lessons" (lesson_id, group_id, subject_id, topic) VALUES (20, 10, 8, 'Mike loves flowers. Rudi watches football. ');
INSERT INTO "lessons" (lesson_id, group_id, subject_id, topic) VALUES (21, 3, 8, 'Mike watches football. Mike loves flowers. ');
INSERT INTO "lessons" (lesson_id, group_id, subject_id, topic) VALUES (22, 12, 3, 'Rudi watches football. ');
INSERT INTO "lessons" (lesson_id, group_id, subject_id, topic) VALUES (23, 10, 12, 'Rudi watches football. Rudi like sports. ');
INSERT INTO "lessons" (lesson_id, group_id, subject_id, topic) VALUES (24, 15, 17, 'I loves flowers. Rudi watches football. ');
INSERT INTO "lessons" (lesson_id, group_id, subject_id, topic) VALUES (25, 13, 11, 'Mike watches football. ');
INSERT INTO "lessons" (lesson_id, group_id, subject_id, topic) VALUES (26, 3, 5, 'I loves flowers. Rudi watches football. ');
INSERT INTO "lessons" (lesson_id, group_id, subject_id, topic) VALUES (27, 19, 12, 'Rudi loves flowers. ');
INSERT INTO "lessons" (lesson_id, group_id, subject_id, topic) VALUES (28, 13, 14, 'Mike loves flowers. Rudi like swimming. ');
INSERT INTO "lessons" (lesson_id, group_id, subject_id, topic) VALUES (29, 8, 18, 'Mike watches football. Mike loves flowers. ');
INSERT INTO "lessons" (lesson_id, group_id, subject_id, topic) VALUES (30, 1, 16, 'Rudi like sports. Rudi watches football. ');
INSERT INTO "lessons" (lesson_id, group_id, subject_id, topic) VALUES (31, 14, 13, 'Mike watches football. ');
INSERT INTO "lessons" (lesson_id, group_id, subject_id, topic) VALUES (32, 2, 15, 'Mike watches football. Rudi watches football. ');
INSERT INTO "lessons" (lesson_id, group_id, subject_id, topic) VALUES (33, 11, 10, 'Mike loves flowers. Mike watches football. ');
INSERT INTO "lessons" (lesson_id, group_id, subject_id, topic) VALUES (34, 4, 16, 'Rudi watches football. Rudi loves flowers. ');
INSERT INTO "lessons" (lesson_id, group_id, subject_id, topic) VALUES (35, 5, 8, 'Rudi like sports. Mike watches football. ');
INSERT INTO "lessons" (lesson_id, group_id, subject_id, topic) VALUES (36, 11, 16, 'Mike watches football. I watches football. ');
INSERT INTO "lessons" (lesson_id, group_id, subject_id, topic) VALUES (37, 10, 19, 'Mike like swimming. I watches football. ');
INSERT INTO "lessons" (lesson_id, group_id, subject_id, topic) VALUES (38, 10, 2, 'Rudi watches football. Mike loves flowers. ');
INSERT INTO "lessons" (lesson_id, group_id, subject_id, topic) VALUES (39, 10, 7, 'Rudi loves flowers. Rudi watches football. ');
INSERT INTO "lessons" (lesson_id, group_id, subject_id, topic) VALUES (40, 6, 12, 'Rudi watches football. Mike watches football. ');
INSERT INTO "lessons" (lesson_id, group_id, subject_id, topic) VALUES (41, 5, 12, 'Mike watches football. ');
INSERT INTO "lessons" (lesson_id, group_id, subject_id, topic) VALUES (42, 16, 11, 'Mike like sports. ');
INSERT INTO "lessons" (lesson_id, group_id, subject_id, topic) VALUES (43, 8, 18, 'Mike loves flowers. Mike like sports. ');
INSERT INTO "lessons" (lesson_id, group_id, subject_id, topic) VALUES (44, 4, 18, 'I loves flowers. Mike like sports. ');
INSERT INTO "lessons" (lesson_id, group_id, subject_id, topic) VALUES (45, 12, 15, 'Mike watches football. Rudi watches football. ');
INSERT INTO "lessons" (lesson_id, group_id, subject_id, topic) VALUES (46, 10, 16, 'Rudi watches football. I loves flowers. ');
INSERT INTO "lessons" (lesson_id, group_id, subject_id, topic) VALUES (47, 6, 16, 'Mike loves flowers. Rudi watches football. ');
INSERT INTO "lessons" (lesson_id, group_id, subject_id, topic) VALUES (48, 9, 6, 'Mike watches football. Mike like swimming. ');
INSERT INTO "lessons" (lesson_id, group_id, subject_id, topic) VALUES (49, 18, 17, 'I like sports. Rudi watches football. ');
INSERT INTO "lessons" (lesson_id, group_id, subject_id, topic) VALUES (50, 17, 1, 'Mike watches football. Rudi like swimming. ');
INSERT INTO "lessons" (lesson_id, group_id, subject_id, topic) VALUES (51, 1, 1, 'Temat 1');
INSERT INTO "lessons" (lesson_id, group_id, subject_id, topic) VALUES (52, 1, 2, 'Temat 1');
INSERT INTO "lessons" (lesson_id, group_id, subject_id, topic) VALUES (53, 1, 5, 'Temat 1');
INSERT INTO "lessons" (lesson_id, group_id, subject_id, topic) VALUES (54, 2, 6, 'Temat 4');
INSERT INTO "lessons" (lesson_id, group_id, subject_id, topic) VALUES (55, 2, 9, 'Temat 9');
INSERT INTO "lessons" (lesson_id, group_id, subject_id, topic) VALUES (56, 2, 10, 'Temat 15');
INSERT INTO "lessons" (lesson_id, group_id, subject_id, topic) VALUES (57, 3, 17, 'Temat 7');
INSERT INTO "lessons" (lesson_id, group_id, subject_id, topic) VALUES (58, 4, 19, 'Temat 8');
INSERT INTO "lessons" (lesson_id, group_id, subject_id, topic) VALUES (59, 5, 20, 'Temat 3');

INSERT INTO "grades" (value, weight, student_id, subject_id, teacher_id) VALUES ('3+','2','64','18','36');
INSERT INTO "grades" (value, weight, student_id, subject_id, teacher_id) VALUES ('1','1','20','15','35');
INSERT INTO "grades" (value, weight, student_id, subject_id, teacher_id) VALUES ('5+','3','107','15','15');
INSERT INTO "grades" (value, weight, student_id, subject_id, teacher_id) VALUES ('1','1','9','14','11');
INSERT INTO "grades" (value, weight, student_id, subject_id, teacher_id) VALUES ('3+','3','89','3','40');
INSERT INTO "grades" (value, weight, student_id, subject_id, teacher_id) VALUES ('4+','3','38','2','15');
INSERT INTO "grades" (value, weight, student_id, subject_id, teacher_id) VALUES ('2-','2','109','7','37');
INSERT INTO "grades" (value, weight, student_id, subject_id, teacher_id) VALUES ('3-','1','22','14','38');
INSERT INTO "grades" (value, weight, student_id, subject_id, teacher_id) VALUES ('6-','1','29','12','9');
INSERT INTO "grades" (value, weight, student_id, subject_id, teacher_id) VALUES ('3+','1','7','15','35');
INSERT INTO "grades" (value, weight, student_id, subject_id, teacher_id) VALUES ('1+','2','62','8','8');
INSERT INTO "grades" (value, weight, student_id, subject_id, teacher_id) VALUES ('2+','3','84','13','15');
INSERT INTO "grades" (value, weight, student_id, subject_id, teacher_id) VALUES ('1','3','103','4','26');
INSERT INTO "grades" (value, weight, student_id, subject_id, teacher_id) VALUES ('1+','2','31','17','3');
INSERT INTO "grades" (value, weight, student_id, subject_id, teacher_id) VALUES ('2','1','43','13','15');
INSERT INTO "grades" (value, weight, student_id, subject_id, teacher_id) VALUES ('1','1','19','7','31');
INSERT INTO "grades" (value, weight, student_id, subject_id, teacher_id) VALUES ('5+','2','22','10','35');
INSERT INTO "grades" (value, weight, student_id, subject_id, teacher_id) VALUES ('6','3','115','18','14');
INSERT INTO "grades" (value, weight, student_id, subject_id, teacher_id) VALUES ('5','3','36','13','1');
INSERT INTO "grades" (value, weight, student_id, subject_id, teacher_id) VALUES ('6','3','54','7','31');
INSERT INTO "grades" (value, weight, student_id, subject_id, teacher_id) VALUES ('5+','2','27','15','29');
INSERT INTO "grades" (value, weight, student_id, subject_id, teacher_id) VALUES ('5+','3','43','7','37');
INSERT INTO "grades" (value, weight, student_id, subject_id, teacher_id) VALUES ('4','1','13','5','33');
INSERT INTO "grades" (value, weight, student_id, subject_id, teacher_id) VALUES ('4+','1','102','11','42');
INSERT INTO "grades" (value, weight, student_id, subject_id, teacher_id) VALUES ('6','3','88','4','5');
INSERT INTO "grades" (value, weight, student_id, subject_id, teacher_id) VALUES ('1','2','27','19','28');
INSERT INTO "grades" (value, weight, student_id, subject_id, teacher_id) VALUES ('2','2','69','13','28');
INSERT INTO "grades" (value, weight, student_id, subject_id, teacher_id) VALUES ('6-','3','56','18','36');
INSERT INTO "grades" (value, weight, student_id, subject_id, teacher_id) VALUES ('4','2','25','11','41');
INSERT INTO "grades" (value, weight, student_id, subject_id, teacher_id) VALUES ('6','2','68','17','13');
INSERT INTO "grades" (value, weight, student_id, subject_id, teacher_id) VALUES ('1+','2','90','17','17');
INSERT INTO "grades" (value, weight, student_id, subject_id, teacher_id) VALUES ('2-','2','52','11','42');
INSERT INTO "grades" (value, weight, student_id, subject_id, teacher_id) VALUES ('2-','1','87','7','31');
INSERT INTO "grades" (value, weight, student_id, subject_id, teacher_id) VALUES ('3','1','106','2','24');
INSERT INTO "grades" (value, weight, student_id, subject_id, teacher_id) VALUES ('5-','2','75','5','40');
INSERT INTO "grades" (value, weight, student_id, subject_id, teacher_id) VALUES ('6-','1','7','2','15');
INSERT INTO "grades" (value, weight, student_id, subject_id, teacher_id) VALUES ('5-','2','30','4','5');
INSERT INTO "grades" (value, weight, student_id, subject_id, teacher_id) VALUES ('5+','2','21','1','12');
INSERT INTO "grades" (value, weight, student_id, subject_id, teacher_id) VALUES ('4+','1','88','9','16');
INSERT INTO "grades" (value, weight, student_id, subject_id, teacher_id) VALUES ('1+','2','107','7','37');
INSERT INTO "grades" (value, weight, student_id, subject_id, teacher_id) VALUES ('3','3','57','14','2');
INSERT INTO "grades" (value, weight, student_id, subject_id, teacher_id) VALUES ('2+','1','43','7','37');
INSERT INTO "grades" (value, weight, student_id, subject_id, teacher_id) VALUES ('4-','1','44','17','17');
INSERT INTO "grades" (value, weight, student_id, subject_id, teacher_id) VALUES ('6','1','29','5','38');
INSERT INTO "grades" (value, weight, student_id, subject_id, teacher_id) VALUES ('4+','2','93','17','13');
INSERT INTO "grades" (value, weight, student_id, subject_id, teacher_id) VALUES ('6','1','64','10','10');
INSERT INTO "grades" (value, weight, student_id, subject_id, teacher_id) VALUES ('6','1','32','19','14');
INSERT INTO "grades" (value, weight, student_id, subject_id, teacher_id) VALUES ('5-','3','68','8','16');
INSERT INTO "grades" (value, weight, student_id, subject_id, teacher_id) VALUES ('1','3','106','8','37');
INSERT INTO "grades" (value, weight, student_id, subject_id, teacher_id) VALUES ('4','3','25','19','14');
INSERT INTO "grades" (value, weight, student_id, subject_id, teacher_id) VALUES ('6','3','99','8','43');
INSERT INTO "grades" (value, weight, student_id, subject_id, teacher_id) VALUES ('4','2','93','6','32');
INSERT INTO "grades" (value, weight, student_id, subject_id, teacher_id) VALUES ('4+','3','40','16','7');
INSERT INTO "grades" (value, weight, student_id, subject_id, teacher_id) VALUES ('4','2','68','15','25');
INSERT INTO "grades" (value, weight, student_id, subject_id, teacher_id) VALUES ('1+','1','52','13','28');
INSERT INTO "grades" (value, weight, student_id, subject_id, teacher_id) VALUES ('1+','1','102','1','39');
INSERT INTO "grades" (value, weight, student_id, subject_id, teacher_id) VALUES ('4-','3','70','1','6');
INSERT INTO "grades" (value, weight, student_id, subject_id, teacher_id) VALUES ('6','2','45','19','28');
INSERT INTO "grades" (value, weight, student_id, subject_id, teacher_id) VALUES ('2','2','94','11','19');
INSERT INTO "grades" (value, weight, student_id, subject_id, teacher_id) VALUES ('1','1','19','16','39');
INSERT INTO "grades" (value, weight, student_id, subject_id, teacher_id) VALUES ('5-','2','67','15','11');
INSERT INTO "grades" (value, weight, student_id, subject_id, teacher_id) VALUES ('6','1','92','3','42');
INSERT INTO "grades" (value, weight, student_id, subject_id, teacher_id) VALUES ('3+','1','28','9','36');
INSERT INTO "grades" (value, weight, student_id, subject_id, teacher_id) VALUES ('2+','3','1','15','11');
INSERT INTO "grades" (value, weight, student_id, subject_id, teacher_id) VALUES ('5-','2','35','1','12');
INSERT INTO "grades" (value, weight, student_id, subject_id, teacher_id) VALUES ('3','2','59','18','22');
INSERT INTO "grades" (value, weight, student_id, subject_id, teacher_id) VALUES ('1','2','45','14','21');
INSERT INTO "grades" (value, weight, student_id, subject_id, teacher_id) VALUES ('1+','3','42','12','35');
INSERT INTO "grades" (value, weight, student_id, subject_id, teacher_id) VALUES ('3-','3','13','1','20');
INSERT INTO "grades" (value, weight, student_id, subject_id, teacher_id) VALUES ('6-','1','77','3','42');
INSERT INTO "grades" (value, weight, student_id, subject_id, teacher_id) VALUES ('4-','3','101','14','15');
INSERT INTO "grades" (value, weight, student_id, subject_id, teacher_id) VALUES ('6','1','33','5','38');
INSERT INTO "grades" (value, weight, student_id, subject_id, teacher_id) VALUES ('4+','2','52','16','7');
INSERT INTO "grades" (value, weight, student_id, subject_id, teacher_id) VALUES ('4-','3','103','8','18');
INSERT INTO "grades" (value, weight, student_id, subject_id, teacher_id) VALUES ('3+','3','67','8','18');
INSERT INTO "grades" (value, weight, student_id, subject_id, teacher_id) VALUES ('3+','1','1','14','15');
INSERT INTO "grades" (value, weight, student_id, subject_id, teacher_id) VALUES ('3-','1','58','8','18');
INSERT INTO "grades" (value, weight, student_id, subject_id, teacher_id) VALUES ('6','1','71','1','1');
INSERT INTO "grades" (value, weight, student_id, subject_id, teacher_id) VALUES ('6','2','54','11','8');
INSERT INTO "grades" (value, weight, student_id, subject_id, teacher_id) VALUES ('6','3','49','9','16');
INSERT INTO "grades" (value, weight, student_id, subject_id, teacher_id) VALUES ('4-','1','23','4','5');
INSERT INTO "grades" (value, weight, student_id, subject_id, teacher_id) VALUES ('5+','3','48','19','28');
INSERT INTO "grades" (value, weight, student_id, subject_id, teacher_id) VALUES ('1+','1','65','1','7');
INSERT INTO "grades" (value, weight, student_id, subject_id, teacher_id) VALUES ('2+','2','115','4','5');
INSERT INTO "grades" (value, weight, student_id, subject_id, teacher_id) VALUES ('4+','2','51','12','9');
INSERT INTO "grades" (value, weight, student_id, subject_id, teacher_id) VALUES ('3-','1','72','1','6');
INSERT INTO "grades" (value, weight, student_id, subject_id, teacher_id) VALUES ('1+','3','92','6','32');
INSERT INTO "grades" (value, weight, student_id, subject_id, teacher_id) VALUES ('6','2','1','14','2');
INSERT INTO "grades" (value, weight, student_id, subject_id, teacher_id) VALUES ('1','3','97','10','40');
INSERT INTO "grades" (value, weight, student_id, subject_id, teacher_id) VALUES ('6','2','3','8','18');
INSERT INTO "grades" (value, weight, student_id, subject_id, teacher_id) VALUES ('1+','3','62','3','40');
INSERT INTO "grades" (value, weight, student_id, subject_id, teacher_id) VALUES ('6','3','101','14','15');
INSERT INTO "grades" (value, weight, student_id, subject_id, teacher_id) VALUES ('5+','3','101','12','35');
INSERT INTO "grades" (value, weight, student_id, subject_id, teacher_id) VALUES ('1','1','36','4','36');
INSERT INTO "grades" (value, weight, student_id, subject_id, teacher_id) VALUES ('6-','1','29','11','19');
INSERT INTO "grades" (value, weight, student_id, subject_id, teacher_id) VALUES ('2+','1','15','8','18');
INSERT INTO "grades" (value, weight, student_id, subject_id, teacher_id) VALUES ('4+','3','104','7','31');
INSERT INTO "grades" (value, weight, student_id, subject_id, teacher_id) VALUES ('2+','1','61','10','35');
INSERT INTO "grades" (value, weight, student_id, subject_id, teacher_id) VALUES ('3+','2','7','17','3');
INSERT INTO "grades" (value, weight, student_id, subject_id, teacher_id) VALUES ('1+','2','89','11','42');
INSERT INTO "grades" (value, weight, student_id, subject_id, teacher_id) VALUES ('5','3','60','18','29');
INSERT INTO "grades" (value, weight, student_id, subject_id, teacher_id) VALUES ('4-','2','43','18','45');
INSERT INTO "grades" (value, weight, student_id, subject_id, teacher_id) VALUES ('6','2','50','5','40');
INSERT INTO "grades" (value, weight, student_id, subject_id, teacher_id) VALUES ('4+','1','58','1','20');
INSERT INTO "grades" (value, weight, student_id, subject_id, teacher_id) VALUES ('3-','2','56','5','33');
INSERT INTO "grades" (value, weight, student_id, subject_id, teacher_id) VALUES ('5','3','7','6','7');
INSERT INTO "grades" (value, weight, student_id, subject_id, teacher_id) VALUES ('6','2','88','9','16');
INSERT INTO "grades" (value, weight, student_id, subject_id, teacher_id) VALUES ('5','3','116','18','36');
INSERT INTO "grades" (value, weight, student_id, subject_id, teacher_id) VALUES ('5+','2','80','9','16');
INSERT INTO "grades" (value, weight, student_id, subject_id, teacher_id) VALUES ('4','2','46','7','37');
INSERT INTO "grades" (value, weight, student_id, subject_id, teacher_id) VALUES ('1+','3','50','1','23');
INSERT INTO "grades" (value, weight, student_id, subject_id, teacher_id) VALUES ('2','1','109','17','17');
INSERT INTO "grades" (value, weight, student_id, subject_id, teacher_id) VALUES ('6','2','14','12','35');
INSERT INTO "grades" (value, weight, student_id, subject_id, teacher_id) VALUES ('1+','1','111','4','17');
INSERT INTO "grades" (value, weight, student_id, subject_id, teacher_id) VALUES ('4-','2','117','4','26');
INSERT INTO "grades" (value, weight, student_id, subject_id, teacher_id) VALUES ('5','1','87','4','17');
INSERT INTO "grades" (value, weight, student_id, subject_id, teacher_id) VALUES ('3-','3','79','6','7');
INSERT INTO "grades" (value, weight, student_id, subject_id, teacher_id) VALUES ('3-','2','110','19','14');
INSERT INTO "grades" (value, weight, student_id, subject_id, teacher_id) VALUES ('2+','1','59','5','19');
INSERT INTO "grades" (value, weight, student_id, subject_id, teacher_id) VALUES ('4+','1','74','9','13');
INSERT INTO "grades" (value, weight, student_id, subject_id, teacher_id) VALUES ('2-','1','99','15','11');
INSERT INTO "grades" (value, weight, student_id, subject_id, teacher_id) VALUES ('2+','1','19','2','24');
INSERT INTO "grades" (value, weight, student_id, subject_id, teacher_id) VALUES ('4-','1','52','14','21');
INSERT INTO "grades" (value, weight, student_id, subject_id, teacher_id) VALUES ('4','3','53','1','20');
INSERT INTO "grades" (value, weight, student_id, subject_id, teacher_id) VALUES ('1','1','85','15','29');
INSERT INTO "grades" (value, weight, student_id, subject_id, teacher_id) VALUES ('6','3','59','16','39');
INSERT INTO "grades" (value, weight, student_id, subject_id, teacher_id) VALUES ('6-','1','60','17','17');
INSERT INTO "grades" (value, weight, student_id, subject_id, teacher_id) VALUES ('3','2','8','1','39');
INSERT INTO "grades" (value, weight, student_id, subject_id, teacher_id) VALUES ('2+','1','59','15','25');
INSERT INTO "grades" (value, weight, student_id, subject_id, teacher_id) VALUES ('3-','1','91','5','19');
INSERT INTO "grades" (value, weight, student_id, subject_id, teacher_id) VALUES ('2-','1','75','14','2');
INSERT INTO "grades" (value, weight, student_id, subject_id, teacher_id) VALUES ('1+','2','43','1','12');
INSERT INTO "grades" (value, weight, student_id, subject_id, teacher_id) VALUES ('1','1','18','16','39');
INSERT INTO "grades" (value, weight, student_id, subject_id, teacher_id) VALUES ('2','1','57','14','15');
INSERT INTO "grades" (value, weight, student_id, subject_id, teacher_id) VALUES ('1+','2','7','2','12');
INSERT INTO "grades" (value, weight, student_id, subject_id, teacher_id) VALUES ('6','1','88','7','37');
INSERT INTO "grades" (value, weight, student_id, subject_id, teacher_id) VALUES ('4','3','3','15','29');
INSERT INTO "grades" (value, weight, student_id, subject_id, teacher_id) VALUES ('1+','1','106','11','8');
INSERT INTO "grades" (value, weight, student_id, subject_id, teacher_id) VALUES ('2','1','7','1','1');
INSERT INTO "grades" (value, weight, student_id, subject_id, teacher_id) VALUES ('4-','2','8','18','14');
INSERT INTO "grades" (value, weight, student_id, subject_id, teacher_id) VALUES ('2+','3','78','18','14');
INSERT INTO "grades" (value, weight, student_id, subject_id, teacher_id) VALUES ('6','2','47','18','29');
INSERT INTO "grades" (value, weight, student_id, subject_id, teacher_id) VALUES ('2+','1','81','4','17');
INSERT INTO "grades" (value, weight, student_id, subject_id, teacher_id) VALUES ('4+','2','41','14','21');
INSERT INTO "grades" (value, weight, student_id, subject_id, teacher_id) VALUES ('2-','2','27','1','7');
INSERT INTO "grades" (value, weight, student_id, subject_id, teacher_id) VALUES ('2','3','92','8','37');
INSERT INTO "grades" (value, weight, student_id, subject_id, teacher_id) VALUES ('3','3','28','17','13');
INSERT INTO "grades" (value, weight, student_id, subject_id, teacher_id) VALUES ('4+','3','40','14','11');
INSERT INTO "grades" (value, weight, student_id, subject_id, teacher_id) VALUES ('1+','3','19','13','15');
INSERT INTO "grades" (value, weight, student_id, subject_id, teacher_id) VALUES ('4+','3','28','5','19');
INSERT INTO "grades" (value, weight, student_id, subject_id, teacher_id) VALUES ('5+','1','96','4','26');
INSERT INTO "grades" (value, weight, student_id, subject_id, teacher_id) VALUES ('3+','2','64','17','13');
INSERT INTO "grades" (value, weight, student_id, subject_id, teacher_id) VALUES ('6','2','118','14','38');
INSERT INTO "grades" (value, weight, student_id, subject_id, teacher_id) VALUES ('5+','2','103','15','29');
INSERT INTO "grades" (value, weight, student_id, subject_id, teacher_id) VALUES ('2','1','53','1','1');
INSERT INTO "grades" (value, weight, student_id, subject_id, teacher_id) VALUES ('2+','2','9','1','20');
INSERT INTO "grades" (value, weight, student_id, subject_id, teacher_id) VALUES ('4-','1','45','16','28');
INSERT INTO "grades" (value, weight, student_id, subject_id, teacher_id) VALUES ('3-','2','110','7','37');
INSERT INTO "grades" (value, weight, student_id, subject_id, teacher_id) VALUES ('6','3','16','18','29');
INSERT INTO "grades" (value, weight, student_id, subject_id, teacher_id) VALUES ('1','1','108','13','28');
INSERT INTO "grades" (value, weight, student_id, subject_id, teacher_id) VALUES ('5+','3','68','18','14');
INSERT INTO "grades" (value, weight, student_id, subject_id, teacher_id) VALUES ('3+','1','120','15','15');
INSERT INTO "grades" (value, weight, student_id, subject_id, teacher_id) VALUES ('4-','3','89','13','1');
INSERT INTO "grades" (value, weight, student_id, subject_id, teacher_id) VALUES ('5-','2','65','1','6');
INSERT INTO "grades" (value, weight, student_id, subject_id, teacher_id) VALUES ('4+','2','51','18','36');
INSERT INTO "grades" (value, weight, student_id, subject_id, teacher_id) VALUES ('4+','1','26','11','42');
INSERT INTO "grades" (value, weight, student_id, subject_id, teacher_id) VALUES ('2+','3','68','12','9');
INSERT INTO "grades" (value, weight, student_id, subject_id, teacher_id) VALUES ('6','2','90','18','14');
INSERT INTO "grades" (value, weight, student_id, subject_id, teacher_id) VALUES ('4+','3','33','10','35');
INSERT INTO "grades" (value, weight, student_id, subject_id, teacher_id) VALUES ('5','3','32','4','26');
INSERT INTO "grades" (value, weight, student_id, subject_id, teacher_id) VALUES ('4-','3','49','9','13');
INSERT INTO "grades" (value, weight, student_id, subject_id, teacher_id) VALUES ('3-','3','70','12','9');
INSERT INTO "grades" (value, weight, student_id, subject_id, teacher_id) VALUES ('2+','3','35','1','6');
INSERT INTO "grades" (value, weight, student_id, subject_id, teacher_id) VALUES ('6-','2','31','16','7');
INSERT INTO "grades" (value, weight, student_id, subject_id, teacher_id) VALUES ('1','3','41','8','18');
INSERT INTO "grades" (value, weight, student_id, subject_id, teacher_id) VALUES ('4-','1','75','4','36');
INSERT INTO "grades" (value, weight, student_id, subject_id, teacher_id) VALUES ('3+','3','56','10','35');
INSERT INTO "grades" (value, weight, student_id, subject_id, teacher_id) VALUES ('4+','3','53','14','21');
INSERT INTO "grades" (value, weight, student_id, subject_id, teacher_id) VALUES ('4','1','114','19','14');
INSERT INTO "grades" (value, weight, student_id, subject_id, teacher_id) VALUES ('6','2','96','10','40');
INSERT INTO "grades" (value, weight, student_id, subject_id, teacher_id) VALUES ('3','1','100','1','7');
INSERT INTO "grades" (value, weight, student_id, subject_id, teacher_id) VALUES ('4+','3','12','6','7');
INSERT INTO "grades" (value, weight, student_id, subject_id, teacher_id) VALUES ('4','3','51','2','24');
INSERT INTO "grades" (value, weight, student_id, subject_id, teacher_id) VALUES ('2+','3','38','8','16');
INSERT INTO "grades" (value, weight, student_id, subject_id, teacher_id) VALUES ('1','1','39','17','3');
INSERT INTO "grades" (value, weight, student_id, subject_id, teacher_id) VALUES ('4+','2','45','18','29');
INSERT INTO "grades" (value, weight, student_id, subject_id, teacher_id) VALUES ('5','2','35','11','19');
INSERT INTO "grades" (value, weight, student_id, subject_id, teacher_id) VALUES ('6','2','53','15','29');
INSERT INTO "grades" (value, weight, student_id, subject_id, teacher_id) VALUES ('1','3','117','4','26');
INSERT INTO "grades" (value, weight, student_id, subject_id, teacher_id) VALUES ('2','3','90','10','10');
INSERT INTO "grades" (value, weight, student_id, subject_id, teacher_id) VALUES ('1+','2','59','18','14');
INSERT INTO "grades" (value, weight, student_id, subject_id, teacher_id) VALUES ('1','1','71','15','29');
INSERT INTO "grades" (value, weight, student_id, subject_id, teacher_id) VALUES ('1+','1','34','15','29');
INSERT INTO "grades" (value, weight, student_id, subject_id, teacher_id) VALUES ('6','2','23','14','15');
INSERT INTO "grades" (value, weight, student_id, subject_id, teacher_id) VALUES ('6','3','119','12','9');
INSERT INTO "grades" (value, weight, student_id, subject_id, teacher_id) VALUES ('5+','2','113','1','12');
INSERT INTO "grades" (value, weight, student_id, subject_id, teacher_id) VALUES ('5+','3','50','7','31');
INSERT INTO "grades" (value, weight, student_id, subject_id, teacher_id) VALUES ('4-','2','91','2','12');
INSERT INTO "grades" (value, weight, student_id, subject_id, teacher_id) VALUES ('5','1','88','18','22');
INSERT INTO "grades" (value, weight, student_id, subject_id, teacher_id) VALUES ('3+','1','111','10','40');
INSERT INTO "grades" (value, weight, student_id, subject_id, teacher_id) VALUES ('3+','3','54','14','21');
INSERT INTO "grades" (value, weight, student_id, subject_id, teacher_id) VALUES ('1+','3','40','4','5');
INSERT INTO "grades" (value, weight, student_id, subject_id, teacher_id) VALUES ('1+','2','81','6','32');
INSERT INTO "grades" (value, weight, student_id, subject_id, teacher_id) VALUES ('1+','2','84','10','40');
INSERT INTO "grades" (value, weight, student_id, subject_id, teacher_id) VALUES ('6-','3','112','3','42');
INSERT INTO "grades" (value, weight, student_id, subject_id, teacher_id) VALUES ('2+','1','53','13','28');
INSERT INTO "grades" (value, weight, student_id, subject_id, teacher_id) VALUES ('6','1','46','10','35');
INSERT INTO "grades" (value, weight, student_id, subject_id, teacher_id) VALUES ('5+','1','110','4','7');
INSERT INTO "grades" (value, weight, student_id, subject_id, teacher_id) VALUES ('3-','2','89','13','1');
INSERT INTO "grades" (value, weight, student_id, subject_id, teacher_id) VALUES ('2-','1','66','15','35');
INSERT INTO "grades" (value, weight, student_id, subject_id, teacher_id) VALUES ('5','2','32','8','18');
INSERT INTO "grades" (value, weight, student_id, subject_id, teacher_id) VALUES ('3+','1','92','8','16');
INSERT INTO "grades" (value, weight, student_id, subject_id, teacher_id) VALUES ('5+','3','88','14','15');
INSERT INTO "grades" (value, weight, student_id, subject_id, teacher_id) VALUES ('6','3','45','6','7');
INSERT INTO "grades" (value, weight, student_id, subject_id, teacher_id) VALUES ('4-','3','109','3','40');
INSERT INTO "grades" (value, weight, student_id, subject_id, teacher_id) VALUES ('2','1','98','13','28');
INSERT INTO "grades" (value, weight, student_id, subject_id, teacher_id) VALUES ('2+','1','25','18','36');
INSERT INTO "grades" (value, weight, student_id, subject_id, teacher_id) VALUES ('5','3','96','10','35');
INSERT INTO "grades" (value, weight, student_id, subject_id, teacher_id) VALUES ('3','1','26','13','28');
INSERT INTO "grades" (value, weight, student_id, subject_id, teacher_id) VALUES ('6','3','104','5','33');
INSERT INTO "grades" (value, weight, student_id, subject_id, teacher_id) VALUES ('5-','3','53','15','35');
INSERT INTO "grades" (value, weight, student_id, subject_id, teacher_id) VALUES ('2','3','6','4','5');
INSERT INTO "grades" (value, weight, student_id, subject_id, teacher_id) VALUES ('5+','2','29','18','14');
INSERT INTO "grades" (value, weight, student_id, subject_id, teacher_id) VALUES ('5-','1','9','18','36');
INSERT INTO "grades" (value, weight, student_id, subject_id, teacher_id) VALUES ('3','1','44','15','15');
INSERT INTO "grades" (value, weight, student_id, subject_id, teacher_id) VALUES ('6','3','117','8','43');
INSERT INTO "grades" (value, weight, student_id, subject_id, teacher_id) VALUES ('4-','3','71','14','11');
INSERT INTO "grades" (value, weight, student_id, subject_id, teacher_id) VALUES ('5-','1','86','3','42');
INSERT INTO "grades" (value, weight, student_id, subject_id, teacher_id) VALUES ('6-','1','94','14','15');
INSERT INTO "grades" (value, weight, student_id, subject_id, teacher_id) VALUES ('2+','3','95','17','17');
INSERT INTO "grades" (value, weight, student_id, subject_id, teacher_id) VALUES ('5','3','40','17','3');
INSERT INTO "grades" (value, weight, student_id, subject_id, teacher_id) VALUES ('2+','1','99','1','23');
INSERT INTO "grades" (value, weight, student_id, subject_id, teacher_id) VALUES ('5-','3','7','11','8');
INSERT INTO "grades" (value, weight, student_id, subject_id, teacher_id) VALUES ('1','2','36','18','29');
INSERT INTO "grades" (value, weight, student_id, subject_id, teacher_id) VALUES ('2-','3','9','18','36');
INSERT INTO "grades" (value, weight, student_id, subject_id, teacher_id) VALUES ('5+','3','104','11','41');
INSERT INTO "grades" (value, weight, student_id, subject_id, teacher_id) VALUES ('4+','1','12','14','21');
INSERT INTO "grades" (value, weight, student_id, subject_id, teacher_id) VALUES ('4+','3','114','4','17');
INSERT INTO "grades" (value, weight, student_id, subject_id, teacher_id) VALUES ('6','1','15','10','40');
INSERT INTO "grades" (value, weight, student_id, subject_id, teacher_id) VALUES ('4-','2','2','4','7');
INSERT INTO "grades" (value, weight, student_id, subject_id, teacher_id) VALUES ('4+','3','67','9','16');
INSERT INTO "grades" (value, weight, student_id, subject_id, teacher_id) VALUES ('4','3','16','3','20');
INSERT INTO "grades" (value, weight, student_id, subject_id, teacher_id) VALUES ('4','3','37','12','9');
INSERT INTO "grades" (value, weight, student_id, subject_id, teacher_id) VALUES ('2','1','63','16','7');
INSERT INTO "grades" (value, weight, student_id, subject_id, teacher_id) VALUES ('3+','1','50','1','23');
INSERT INTO "grades" (value, weight, student_id, subject_id, teacher_id) VALUES ('4-','1','23','1','1');
INSERT INTO "grades" (value, weight, student_id, subject_id, teacher_id) VALUES ('1+','3','97','4','26');
INSERT INTO "grades" (value, weight, student_id, subject_id, teacher_id) VALUES ('6','3','111','2','24');
INSERT INTO "grades" (value, weight, student_id, subject_id, teacher_id) VALUES ('2+','2','67','17','3');
INSERT INTO "grades" (value, weight, student_id, subject_id, teacher_id) VALUES ('4','3','16','15','15');
INSERT INTO "grades" (value, weight, student_id, subject_id, teacher_id) VALUES ('5+','3','32','17','13');
INSERT INTO "grades" (value, weight, student_id, subject_id, teacher_id) VALUES ('6','2','109','18','45');
INSERT INTO "grades" (value, weight, student_id, subject_id, teacher_id) VALUES ('3','1','23','5','33');
INSERT INTO "grades" (value, weight, student_id, subject_id, teacher_id) VALUES ('3+','2','93','5','18');
INSERT INTO "grades" (value, weight, student_id, subject_id, teacher_id) VALUES ('5-','1','20','15','15');
INSERT INTO "grades" (value, weight, student_id, subject_id, teacher_id) VALUES ('2+','3','44','1','1');
INSERT INTO "grades" (value, weight, student_id, subject_id, teacher_id) VALUES ('5','3','49','17','17');
INSERT INTO "grades" (value, weight, student_id, subject_id, teacher_id) VALUES ('3-','3','5','4','36');
INSERT INTO "grades" (value, weight, student_id, subject_id, teacher_id) VALUES ('6-','2','90','14','11');
INSERT INTO "grades" (value, weight, student_id, subject_id, teacher_id) VALUES ('4','2','79','4','36');
INSERT INTO "grades" (value, weight, student_id, subject_id, teacher_id) VALUES ('6','1','46','18','36');
INSERT INTO "grades" (value, weight, student_id, subject_id, teacher_id) VALUES ('2','2','10','11','41');
INSERT INTO "grades" (value, weight, student_id, subject_id, teacher_id) VALUES ('1','2','28','15','11');
INSERT INTO "grades" (value, weight, student_id, subject_id, teacher_id) VALUES ('4-','2','56','5','33');
INSERT INTO "grades" (value, weight, student_id, subject_id, teacher_id) VALUES ('1','1','28','15','29');
INSERT INTO "grades" (value, weight, student_id, subject_id, teacher_id) VALUES ('1','3','54','9','13');
INSERT INTO "grades" (value, weight, student_id, subject_id, teacher_id) VALUES ('3+','2','20','11','42');
INSERT INTO "grades" (value, weight, student_id, subject_id, teacher_id) VALUES ('1','3','57','7','37');
INSERT INTO "grades" (value, weight, student_id, subject_id, teacher_id) VALUES ('6','3','114','19','14');
INSERT INTO "grades" (value, weight, student_id, subject_id, teacher_id) VALUES ('1','3','68','1','23');
INSERT INTO "grades" (value, weight, student_id, subject_id, teacher_id) VALUES ('5-','3','71','18','45');
INSERT INTO "grades" (value, weight, student_id, subject_id, teacher_id) VALUES ('6','3','11','5','18');
INSERT INTO "grades" (value, weight, student_id, subject_id, teacher_id) VALUES ('3-','2','91','19','28');
INSERT INTO "grades" (value, weight, student_id, subject_id, teacher_id) VALUES ('1','3','15','10','10');
INSERT INTO "grades" (value, weight, student_id, subject_id, teacher_id) VALUES ('1','3','84','14','11');
INSERT INTO "grades" (value, weight, student_id, subject_id, teacher_id) VALUES ('3-','2','90','5','19');
INSERT INTO "grades" (value, weight, student_id, subject_id, teacher_id) VALUES ('1+','1','61','4','26');
INSERT INTO "grades" (value, weight, student_id, subject_id, teacher_id) VALUES ('1+','2','91','18','45');
INSERT INTO "grades" (value, weight, student_id, subject_id, teacher_id) VALUES ('5+','1','11','2','12');
INSERT INTO "grades" (value, weight, student_id, subject_id, teacher_id) VALUES ('6','2','18','19','14');
INSERT INTO "grades" (value, weight, student_id, subject_id, teacher_id) VALUES ('3+','3','67','15','35');
INSERT INTO "grades" (value, weight, student_id, subject_id, teacher_id) VALUES ('6-','3','51','15','11');
INSERT INTO "grades" (value, weight, student_id, subject_id, teacher_id) VALUES ('1+','2','77','20','3');
INSERT INTO "grades" (value, weight, student_id, subject_id, teacher_id) VALUES ('4+','2','33','17','17');
INSERT INTO "grades" (value, weight, student_id, subject_id, teacher_id) VALUES ('3-','2','95','5','19');
INSERT INTO "grades" (value, weight, student_id, subject_id, teacher_id) VALUES ('5','1','63','1','6');
INSERT INTO "grades" (value, weight, student_id, subject_id, teacher_id) VALUES ('3+','3','27','7','37');
INSERT INTO "grades" (value, weight, student_id, subject_id, teacher_id) VALUES ('4+','3','64','5','18');
INSERT INTO "grades" (value, weight, student_id, subject_id, teacher_id) VALUES ('1','1','10','4','7');
INSERT INTO "grades" (value, weight, student_id, subject_id, teacher_id) VALUES ('5+','2','114','1','12');
INSERT INTO "grades" (value, weight, student_id, subject_id, teacher_id) VALUES ('3','1','91','11','19');
INSERT INTO "grades" (value, weight, student_id, subject_id, teacher_id) VALUES ('1','3','43','18','36');
INSERT INTO "grades" (value, weight, student_id, subject_id, teacher_id) VALUES ('4-','1','31','1','23');
INSERT INTO "grades" (value, weight, student_id, subject_id, teacher_id) VALUES ('1','3','20','1','23');
INSERT INTO "grades" (value, weight, student_id, subject_id, teacher_id) VALUES ('3+','1','44','12','35');
INSERT INTO "grades" (value, weight, student_id, subject_id, teacher_id) VALUES ('5-','3','120','5','40');
INSERT INTO "grades" (value, weight, student_id, subject_id, teacher_id) VALUES ('5','1','3','13','1');
INSERT INTO "grades" (value, weight, student_id, subject_id, teacher_id) VALUES ('3+','2','10','3','20');
INSERT INTO "grades" (value, weight, student_id, subject_id, teacher_id) VALUES ('3-','1','30','1','7');
INSERT INTO "grades" (value, weight, student_id, subject_id, teacher_id) VALUES ('1+','3','111','3','20');
INSERT INTO "grades" (value, weight, student_id, subject_id, teacher_id) VALUES ('5+','3','75','19','14');
INSERT INTO "grades" (value, weight, student_id, subject_id, teacher_id) VALUES ('1','1','97','12','35');
INSERT INTO "grades" (value, weight, student_id, subject_id, teacher_id) VALUES ('6','1','23','2','24');
INSERT INTO "grades" (value, weight, student_id, subject_id, teacher_id) VALUES ('5+','3','24','14','15');
INSERT INTO "grades" (value, weight, student_id, subject_id, teacher_id) VALUES ('3-','1','7','16','39');
INSERT INTO "grades" (value, weight, student_id, subject_id, teacher_id) VALUES ('6','3','100','9','16');
INSERT INTO "grades" (value, weight, student_id, subject_id, teacher_id) VALUES ('5+','2','35','17','3');
INSERT INTO "grades" (value, weight, student_id, subject_id, teacher_id) VALUES ('5','3','107','11','42');
INSERT INTO "grades" (value, weight, student_id, subject_id, teacher_id) VALUES ('1+','1','54','5','40');
INSERT INTO "grades" (value, weight, student_id, subject_id, teacher_id) VALUES ('6','3','10','17','17');
INSERT INTO "grades" (value, weight, student_id, subject_id, teacher_id) VALUES ('2','2','86','17','13');
INSERT INTO "grades" (value, weight, student_id, subject_id, teacher_id) VALUES ('1+','3','110','7','37');
INSERT INTO "grades" (value, weight, student_id, subject_id, teacher_id) VALUES ('3+','1','14','16','28');
INSERT INTO "grades" (value, weight, student_id, subject_id, teacher_id) VALUES ('6','3','36','11','8');
INSERT INTO "grades" (value, weight, student_id, subject_id, teacher_id) VALUES ('3+','3','79','11','41');
INSERT INTO "grades" (value, weight, student_id, subject_id, teacher_id) VALUES ('6-','1','70','1','20');
INSERT INTO "grades" (value, weight, student_id, subject_id, teacher_id) VALUES ('3','1','53','8','43');
INSERT INTO "grades" (value, weight, student_id, subject_id, teacher_id) VALUES ('4-','2','54','17','3');
INSERT INTO "grades" (value, weight, student_id, subject_id, teacher_id) VALUES ('2-','1','70','14','38');
INSERT INTO "grades" (value, weight, student_id, subject_id, teacher_id) VALUES ('1+','3','4','4','7');
INSERT INTO "grades" (value, weight, student_id, subject_id, teacher_id) VALUES ('3+','1','23','5','33');
INSERT INTO "grades" (value, weight, student_id, subject_id, teacher_id) VALUES ('2+','3','67','3','42');
INSERT INTO "grades" (value, weight, student_id, subject_id, teacher_id) VALUES ('5+','3','25','3','40');
INSERT INTO "grades" (value, weight, student_id, subject_id, teacher_id) VALUES ('5+','2','94','17','13');
INSERT INTO "grades" (value, weight, student_id, subject_id, teacher_id) VALUES ('1+','2','100','18','36');
INSERT INTO "grades" (value, weight, student_id, subject_id, teacher_id) VALUES ('6','1','77','1','12');
INSERT INTO "grades" (value, weight, student_id, subject_id, teacher_id) VALUES ('6','1','26','15','11');
INSERT INTO "grades" (value, weight, student_id, subject_id, teacher_id) VALUES ('4-','1','19','14','15');
INSERT INTO "grades" (value, weight, student_id, subject_id, teacher_id) VALUES ('1+','1','19','17','3');
INSERT INTO "grades" (value, weight, student_id, subject_id, teacher_id) VALUES ('4','3','31','15','15');
INSERT INTO "grades" (value, weight, student_id, subject_id, teacher_id) VALUES ('1+','3','110','7','37');
INSERT INTO "grades" (value, weight, student_id, subject_id, teacher_id) VALUES ('4-','2','110','16','28');
INSERT INTO "grades" (value, weight, student_id, subject_id, teacher_id) VALUES ('3+','3','18','1','39');
INSERT INTO "grades" (value, weight, student_id, subject_id, teacher_id) VALUES ('4+','1','74','11','42');
INSERT INTO "grades" (value, weight, student_id, subject_id, teacher_id) VALUES ('6-','1','55','19','14');
INSERT INTO "grades" (value, weight, student_id, subject_id, teacher_id) VALUES ('3','2','99','8','37');
INSERT INTO "grades" (value, weight, student_id, subject_id, teacher_id) VALUES ('6','3','18','10','40');
INSERT INTO "grades" (value, weight, student_id, subject_id, teacher_id) VALUES ('2+','3','97','9','36');
INSERT INTO "grades" (value, weight, student_id, subject_id, teacher_id) VALUES ('2+','1','115','14','2');
INSERT INTO "grades" (value, weight, student_id, subject_id, teacher_id) VALUES ('6','3','40','9','16');
INSERT INTO "grades" (value, weight, student_id, subject_id, teacher_id) VALUES ('6','2','94','16','39');
INSERT INTO "grades" (value, weight, student_id, subject_id, teacher_id) VALUES ('5','3','91','9','16');
INSERT INTO "grades" (value, weight, student_id, subject_id, teacher_id) VALUES ('1+','1','67','3','20');
INSERT INTO "grades" (value, weight, student_id, subject_id, teacher_id) VALUES ('4+','2','38','20','3');
INSERT INTO "grades" (value, weight, student_id, subject_id, teacher_id) VALUES ('2+','2','92','11','41');
INSERT INTO "grades" (value, weight, student_id, subject_id, teacher_id) VALUES ('6','1','76','14','38');
INSERT INTO "grades" (value, weight, student_id, subject_id, teacher_id) VALUES ('6','2','80','9','36');
INSERT INTO "grades" (value, weight, student_id, subject_id, teacher_id) VALUES ('1+','2','46','12','35');
INSERT INTO "grades" (value, weight, student_id, subject_id, teacher_id) VALUES ('5','3','113','8','37');
INSERT INTO "grades" (value, weight, student_id, subject_id, teacher_id) VALUES ('1','3','30','11','42');
INSERT INTO "grades" (value, weight, student_id, subject_id, teacher_id) VALUES ('1','3','70','13','15');
INSERT INTO "grades" (value, weight, student_id, subject_id, teacher_id) VALUES ('3+','2','34','8','37');
INSERT INTO "grades" (value, weight, student_id, subject_id, teacher_id) VALUES ('3+','3','9','7','37');
INSERT INTO "grades" (value, weight, student_id, subject_id, teacher_id) VALUES ('1+','3','55','10','40');
INSERT INTO "grades" (value, weight, student_id, subject_id, teacher_id) VALUES ('1+','3','80','15','29');
INSERT INTO "grades" (value, weight, student_id, subject_id, teacher_id) VALUES ('6-','1','18','14','21');
INSERT INTO "grades" (value, weight, student_id, subject_id, teacher_id) VALUES ('2+','2','85','4','17');
INSERT INTO "grades" (value, weight, student_id, subject_id, teacher_id) VALUES ('6','1','21','15','15');
INSERT INTO "grades" (value, weight, student_id, subject_id, teacher_id) VALUES ('2+','3','48','2','15');
INSERT INTO "grades" (value, weight, student_id, subject_id, teacher_id) VALUES ('4+','3','95','15','25');
INSERT INTO "grades" (value, weight, student_id, subject_id, teacher_id) VALUES ('3+','1','42','15','25');
INSERT INTO "grades" (value, weight, student_id, subject_id, teacher_id) VALUES ('3','1','30','4','17');
INSERT INTO "grades" (value, weight, student_id, subject_id, teacher_id) VALUES ('2+','3','119','1','39');
INSERT INTO "grades" (value, weight, student_id, subject_id, teacher_id) VALUES ('1+','1','111','19','14');
INSERT INTO "grades" (value, weight, student_id, subject_id, teacher_id) VALUES ('4+','1','92','6','7');
INSERT INTO "grades" (value, weight, student_id, subject_id, teacher_id) VALUES ('6','3','22','1','6');
INSERT INTO "grades" (value, weight, student_id, subject_id, teacher_id) VALUES ('5-','1','108','1','20');
INSERT INTO "grades" (value, weight, student_id, subject_id, teacher_id) VALUES ('2+','3','51','13','28');
INSERT INTO "grades" (value, weight, student_id, subject_id, teacher_id) VALUES ('4+','3','106','18','36');
INSERT INTO "grades" (value, weight, student_id, subject_id, teacher_id) VALUES ('6','2','19','6','32');
INSERT INTO "grades" (value, weight, student_id, subject_id, teacher_id) VALUES ('2+','3','114','17','13');
INSERT INTO "grades" (value, weight, student_id, subject_id, teacher_id) VALUES ('5+','3','78','17','3');
INSERT INTO "grades" (value, weight, student_id, subject_id, teacher_id) VALUES ('5+','1','67','12','9');
INSERT INTO "grades" (value, weight, student_id, subject_id, teacher_id) VALUES ('5+','2','88','1','1');
INSERT INTO "grades" (value, weight, student_id, subject_id, teacher_id) VALUES ('1+','3','52','8','8');
INSERT INTO "grades" (value, weight, student_id, subject_id, teacher_id) VALUES ('4+','1','58','8','43');
INSERT INTO "grades" (value, weight, student_id, subject_id, teacher_id) VALUES ('6','1','91','7','37');
INSERT INTO "grades" (value, weight, student_id, subject_id, teacher_id) VALUES ('1+','2','87','15','15');
INSERT INTO "grades" (value, weight, student_id, subject_id, teacher_id) VALUES ('2-','3','31','13','15');
INSERT INTO "grades" (value, weight, student_id, subject_id, teacher_id) VALUES ('5+','3','48','17','13');
INSERT INTO "grades" (value, weight, student_id, subject_id, teacher_id) VALUES ('5-','3','64','17','3');
INSERT INTO "grades" (value, weight, student_id, subject_id, teacher_id) VALUES ('1','2','44','6','32');
INSERT INTO "grades" (value, weight, student_id, subject_id, teacher_id) VALUES ('2+','2','43','11','41');
INSERT INTO "grades" (value, weight, student_id, subject_id, teacher_id) VALUES ('6','1','104','4','17');
INSERT INTO "grades" (value, weight, student_id, subject_id, teacher_id) VALUES ('4','1','38','4','7');
INSERT INTO "grades" (value, weight, student_id, subject_id, teacher_id) VALUES ('5+','1','72','2','15');
INSERT INTO "grades" (value, weight, student_id, subject_id, teacher_id) VALUES ('4-','1','119','13','15');
INSERT INTO "grades" (value, weight, student_id, subject_id, teacher_id) VALUES ('6-','3','96','3','40');
INSERT INTO "grades" (value, weight, student_id, subject_id, teacher_id) VALUES ('3','3','78','14','11');
INSERT INTO "grades" (value, weight, student_id, subject_id, teacher_id) VALUES ('1+','2','96','1','6');
INSERT INTO "grades" (value, weight, student_id, subject_id, teacher_id) VALUES ('4+','3','101','13','28');
INSERT INTO "grades" (value, weight, student_id, subject_id, teacher_id) VALUES ('4+','3','90','18','45');
INSERT INTO "grades" (value, weight, student_id, subject_id, teacher_id) VALUES ('1+','2','118','17','13');
INSERT INTO "grades" (value, weight, student_id, subject_id, teacher_id) VALUES ('3-','3','96','1','39');
INSERT INTO "grades" (value, weight, student_id, subject_id, teacher_id) VALUES ('1','2','90','13','28');
INSERT INTO "grades" (value, weight, student_id, subject_id, teacher_id) VALUES ('4+','1','50','13','1');
INSERT INTO "grades" (value, weight, student_id, subject_id, teacher_id) VALUES ('6','2','51','3','20');
INSERT INTO "grades" (value, weight, student_id, subject_id, teacher_id) VALUES ('4+','3','77','11','42');
INSERT INTO "grades" (value, weight, student_id, subject_id, teacher_id) VALUES ('1+','2','87','6','7');
INSERT INTO "grades" (value, weight, student_id, subject_id, teacher_id) VALUES ('4+','1','39','17','3');
INSERT INTO "grades" (value, weight, student_id, subject_id, teacher_id) VALUES ('3-','3','95','16','7');
INSERT INTO "grades" (value, weight, student_id, subject_id, teacher_id) VALUES ('5+','1','118','6','32');
INSERT INTO "grades" (value, weight, student_id, subject_id, teacher_id) VALUES ('2-','1','3','18','22');
INSERT INTO "grades" (value, weight, student_id, subject_id, teacher_id) VALUES ('4','1','97','19','14');
INSERT INTO "grades" (value, weight, student_id, subject_id, teacher_id) VALUES ('5+','3','75','10','10');
INSERT INTO "grades" (value, weight, student_id, subject_id, teacher_id) VALUES ('1','2','37','13','28');
INSERT INTO "grades" (value, weight, student_id, subject_id, teacher_id) VALUES ('2+','1','34','5','18');
INSERT INTO "grades" (value, weight, student_id, subject_id, teacher_id) VALUES ('5-','3','107','18','14');
INSERT INTO "grades" (value, weight, student_id, subject_id, teacher_id) VALUES ('5+','2','114','13','15');
INSERT INTO "grades" (value, weight, student_id, subject_id, teacher_id) VALUES ('4+','3','57','2','24');
INSERT INTO "grades" (value, weight, student_id, subject_id, teacher_id) VALUES ('4+','2','45','5','18');
INSERT INTO "grades" (value, weight, student_id, subject_id, teacher_id) VALUES ('5-','3','73','6','7');
INSERT INTO "grades" (value, weight, student_id, subject_id, teacher_id) VALUES ('1','2','101','11','8');
INSERT INTO "grades" (value, weight, student_id, subject_id, teacher_id) VALUES ('3+','3','95','1','23');
INSERT INTO "grades" (value, weight, student_id, subject_id, teacher_id) VALUES ('4-','1','32','1','39');
INSERT INTO "grades" (value, weight, student_id, subject_id, teacher_id) VALUES ('4','1','109','16','7');
INSERT INTO "grades" (value, weight, student_id, subject_id, teacher_id) VALUES ('3-','2','4','10','10');
INSERT INTO "grades" (value, weight, student_id, subject_id, teacher_id) VALUES ('4+','1','114','1','39');
INSERT INTO "grades" (value, weight, student_id, subject_id, teacher_id) VALUES ('5-','2','60','1','20');
INSERT INTO "grades" (value, weight, student_id, subject_id, teacher_id) VALUES ('3+','3','50','1','1');
INSERT INTO "grades" (value, weight, student_id, subject_id, teacher_id) VALUES ('3+','2','102','4','5');
INSERT INTO "grades" (value, weight, student_id, subject_id, teacher_id) VALUES ('5-','1','44','6','32');
INSERT INTO "grades" (value, weight, student_id, subject_id, teacher_id) VALUES ('4-','2','15','14','2');
INSERT INTO "grades" (value, weight, student_id, subject_id, teacher_id) VALUES ('4+','2','24','1','23');
INSERT INTO "grades" (value, weight, student_id, subject_id, teacher_id) VALUES ('2-','1','11','13','28');
INSERT INTO "grades" (value, weight, student_id, subject_id, teacher_id) VALUES ('4+','2','67','8','37');
INSERT INTO "grades" (value, weight, student_id, subject_id, teacher_id) VALUES ('1','3','77','15','15');
INSERT INTO "grades" (value, weight, student_id, subject_id, teacher_id) VALUES ('6-','3','76','8','43');
INSERT INTO "grades" (value, weight, student_id, subject_id, teacher_id) VALUES ('3-','2','5','13','1');
INSERT INTO "grades" (value, weight, student_id, subject_id, teacher_id) VALUES ('3+','3','26','13','1');
INSERT INTO "grades" (value, weight, student_id, subject_id, teacher_id) VALUES ('4','3','89','2','12');
INSERT INTO "grades" (value, weight, student_id, subject_id, teacher_id) VALUES ('5+','3','19','18','29');
INSERT INTO "grades" (value, weight, student_id, subject_id, teacher_id) VALUES ('3+','1','79','1','20');
INSERT INTO "grades" (value, weight, student_id, subject_id, teacher_id) VALUES ('5-','3','58','15','25');
INSERT INTO "grades" (value, weight, student_id, subject_id, teacher_id) VALUES ('2','1','4','5','38');
INSERT INTO "grades" (value, weight, student_id, subject_id, teacher_id) VALUES ('4+','2','25','10','10');
INSERT INTO "grades" (value, weight, student_id, subject_id, teacher_id) VALUES ('3+','1','72','4','26');
INSERT INTO "grades" (value, weight, student_id, subject_id, teacher_id) VALUES ('1+','1','68','20','3');
INSERT INTO "grades" (value, weight, student_id, subject_id, teacher_id) VALUES ('1+','1','102','15','15');
INSERT INTO "grades" (value, weight, student_id, subject_id, teacher_id) VALUES ('5','3','29','20','3');
INSERT INTO "grades" (value, weight, student_id, subject_id, teacher_id) VALUES ('4-','3','68','2','15');
INSERT INTO "grades" (value, weight, student_id, subject_id, teacher_id) VALUES ('3','3','73','10','10');
INSERT INTO "grades" (value, weight, student_id, subject_id, teacher_id) VALUES ('6','1','76','10','35');
INSERT INTO "grades" (value, weight, student_id, subject_id, teacher_id) VALUES ('1','2','104','18','36');
INSERT INTO "grades" (value, weight, student_id, subject_id, teacher_id) VALUES ('1+','3','78','13','15');
INSERT INTO "grades" (value, weight, student_id, subject_id, teacher_id) VALUES ('5-','2','76','17','3');
INSERT INTO "grades" (value, weight, student_id, subject_id, teacher_id) VALUES ('2','2','64','18','14');
INSERT INTO "grades" (value, weight, student_id, subject_id, teacher_id) VALUES ('5-','2','54','15','11');
INSERT INTO "grades" (value, weight, student_id, subject_id, teacher_id) VALUES ('5+','1','60','19','14');
INSERT INTO "grades" (value, weight, student_id, subject_id, teacher_id) VALUES ('3+','3','91','18','14');
INSERT INTO "grades" (value, weight, student_id, subject_id, teacher_id) VALUES ('2+','2','100','13','15');
INSERT INTO "grades" (value, weight, student_id, subject_id, teacher_id) VALUES ('3-','1','69','18','45');
INSERT INTO "grades" (value, weight, student_id, subject_id, teacher_id) VALUES ('1','3','119','9','13');
INSERT INTO "grades" (value, weight, student_id, subject_id, teacher_id) VALUES ('6','2','56','18','29');
INSERT INTO "grades" (value, weight, student_id, subject_id, teacher_id) VALUES ('5-','3','2','15','15');
INSERT INTO "grades" (value, weight, student_id, subject_id, teacher_id) VALUES ('3-','3','50','4','36');
INSERT INTO "grades" (value, weight, student_id, subject_id, teacher_id) VALUES ('1','2','74','13','28');
INSERT INTO "grades" (value, weight, student_id, subject_id, teacher_id) VALUES ('3-','1','100','1','23');
INSERT INTO "grades" (value, weight, student_id, subject_id, teacher_id) VALUES ('6','3','13','18','36');
INSERT INTO "grades" (value, weight, student_id, subject_id, teacher_id) VALUES ('6','3','101','18','29');
INSERT INTO "grades" (value, weight, student_id, subject_id, teacher_id) VALUES ('3+','3','115','8','18');
INSERT INTO "grades" (value, weight, student_id, subject_id, teacher_id) VALUES ('6-','3','103','4','7');
INSERT INTO "grades" (value, weight, student_id, subject_id, teacher_id) VALUES ('5+','1','39','13','28');
INSERT INTO "grades" (value, weight, student_id, subject_id, teacher_id) VALUES ('5+','3','76','17','17');
INSERT INTO "grades" (value, weight, student_id, subject_id, teacher_id) VALUES ('1','2','51','1','1');
INSERT INTO "grades" (value, weight, student_id, subject_id, teacher_id) VALUES ('3+','1','27','15','35');
INSERT INTO "grades" (value, weight, student_id, subject_id, teacher_id) VALUES ('5-','1','2','16','28');
INSERT INTO "grades" (value, weight, student_id, subject_id, teacher_id) VALUES ('4+','3','116','15','15');
INSERT INTO "grades" (value, weight, student_id, subject_id, teacher_id) VALUES ('6','1','79','7','31');
INSERT INTO "grades" (value, weight, student_id, subject_id, teacher_id) VALUES ('6','3','103','2','12');
INSERT INTO "grades" (value, weight, student_id, subject_id, teacher_id) VALUES ('2-','3','91','4','17');
INSERT INTO "grades" (value, weight, student_id, subject_id, teacher_id) VALUES ('5+','3','59','14','38');
INSERT INTO "grades" (value, weight, student_id, subject_id, teacher_id) VALUES ('3','3','9','1','20');
INSERT INTO "grades" (value, weight, student_id, subject_id, teacher_id) VALUES ('2','2','11','1','20');
INSERT INTO "grades" (value, weight, student_id, subject_id, teacher_id) VALUES ('3+','3','120','4','26');
INSERT INTO "grades" (value, weight, student_id, subject_id, teacher_id) VALUES ('3+','2','4','18','45');
INSERT INTO "grades" (value, weight, student_id, subject_id, teacher_id) VALUES ('6','3','18','19','14');
INSERT INTO "grades" (value, weight, student_id, subject_id, teacher_id) VALUES ('5-','3','51','4','26');
INSERT INTO "grades" (value, weight, student_id, subject_id, teacher_id) VALUES ('3-','1','33','6','7');
INSERT INTO "grades" (value, weight, student_id, subject_id, teacher_id) VALUES ('6','2','5','15','35');
INSERT INTO "grades" (value, weight, student_id, subject_id, teacher_id) VALUES ('3-','1','2','10','10');
INSERT INTO "grades" (value, weight, student_id, subject_id, teacher_id) VALUES ('4','1','99','10','10');
INSERT INTO "grades" (value, weight, student_id, subject_id, teacher_id) VALUES ('6','2','30','17','13');
INSERT INTO "grades" (value, weight, student_id, subject_id, teacher_id) VALUES ('5+','1','69','2','12');
INSERT INTO "grades" (value, weight, student_id, subject_id, teacher_id) VALUES ('4+','1','53','2','15');
INSERT INTO "grades" (value, weight, student_id, subject_id, teacher_id) VALUES ('3','2','104','4','17');
INSERT INTO "grades" (value, weight, student_id, subject_id, teacher_id) VALUES ('2+','3','103','1','1');
INSERT INTO "grades" (value, weight, student_id, subject_id, teacher_id) VALUES ('6','2','61','17','17');
INSERT INTO "grades" (value, weight, student_id, subject_id, teacher_id) VALUES ('1','1','90','14','2');
INSERT INTO "grades" (value, weight, student_id, subject_id, teacher_id) VALUES ('5+','1','104','4','26');
INSERT INTO "grades" (value, weight, student_id, subject_id, teacher_id) VALUES ('1','3','14','4','7');
INSERT INTO "grades" (value, weight, student_id, subject_id, teacher_id) VALUES ('4','3','118','11','41');
INSERT INTO "grades" (value, weight, student_id, subject_id, teacher_id) VALUES ('3','2','40','14','11');
INSERT INTO "grades" (value, weight, student_id, subject_id, teacher_id) VALUES ('3','3','73','14','38');
INSERT INTO "grades" (value, weight, student_id, subject_id, teacher_id) VALUES ('3','3','58','8','18');
INSERT INTO "grades" (value, weight, student_id, subject_id, teacher_id) VALUES ('5-','2','20','18','29');
INSERT INTO "grades" (value, weight, student_id, subject_id, teacher_id) VALUES ('2+','2','95','10','35');
INSERT INTO "grades" (value, weight, student_id, subject_id, teacher_id) VALUES ('6-','1','99','9','16');
INSERT INTO "grades" (value, weight, student_id, subject_id, teacher_id) VALUES ('4+','2','41','11','8');
INSERT INTO "grades" (value, weight, student_id, subject_id, teacher_id) VALUES ('6','2','88','20','3');
INSERT INTO "grades" (value, weight, student_id, subject_id, teacher_id) VALUES ('5','3','30','10','40');
INSERT INTO "grades" (value, weight, student_id, subject_id, teacher_id) VALUES ('4+','3','110','1','6');
INSERT INTO "grades" (value, weight, student_id, subject_id, teacher_id) VALUES ('1','1','67','14','11');
INSERT INTO "grades" (value, weight, student_id, subject_id, teacher_id) VALUES ('5','1','57','7','37');
INSERT INTO "grades" (value, weight, student_id, subject_id, teacher_id) VALUES ('1','3','39','5','33');
INSERT INTO "grades" (value, weight, student_id, subject_id, teacher_id) VALUES ('3+','3','12','11','42');
INSERT INTO "grades" (value, weight, student_id, subject_id, teacher_id) VALUES ('6','3','11','12','35');
INSERT INTO "grades" (value, weight, student_id, subject_id, teacher_id) VALUES ('2+','1','74','1','1');
INSERT INTO "grades" (value, weight, student_id, subject_id, teacher_id) VALUES ('1+','3','96','1','20');
INSERT INTO "grades" (value, weight, student_id, subject_id, teacher_id) VALUES ('4+','2','65','1','39');
INSERT INTO "grades" (value, weight, student_id, subject_id, teacher_id) VALUES ('3+','1','36','4','17');
INSERT INTO "grades" (value, weight, student_id, subject_id, teacher_id) VALUES ('1+','2','59','13','1');
INSERT INTO "grades" (value, weight, student_id, subject_id, teacher_id) VALUES ('2+','2','25','15','35');
INSERT INTO "grades" (value, weight, student_id, subject_id, teacher_id) VALUES ('2-','3','34','5','18');
INSERT INTO "grades" (value, weight, student_id, subject_id, teacher_id) VALUES ('2+','3','24','5','18');
INSERT INTO "grades" (value, weight, student_id, subject_id, teacher_id) VALUES ('4-','3','26','14','38');
INSERT INTO "grades" (value, weight, student_id, subject_id, teacher_id) VALUES ('2+','3','68','13','1');
INSERT INTO "grades" (value, weight, student_id, subject_id, teacher_id) VALUES ('5+','2','78','1','12');
INSERT INTO "grades" (value, weight, student_id, subject_id, teacher_id) VALUES ('1','2','46','10','35');
INSERT INTO "grades" (value, weight, student_id, subject_id, teacher_id) VALUES ('6','2','78','6','32');
INSERT INTO "grades" (value, weight, student_id, subject_id, teacher_id) VALUES ('5+','1','42','15','15');
INSERT INTO "grades" (value, weight, student_id, subject_id, teacher_id) VALUES ('1+','1','104','19','28');
INSERT INTO "grades" (value, weight, student_id, subject_id, teacher_id) VALUES ('1+','2','107','1','12');
INSERT INTO "grades" (value, weight, student_id, subject_id, teacher_id) VALUES ('6','3','40','11','41');
INSERT INTO "grades" (value, weight, student_id, subject_id, teacher_id) VALUES ('6-','1','27','5','18');
INSERT INTO "grades" (value, weight, student_id, subject_id, teacher_id) VALUES ('3+','1','49','1','39');
INSERT INTO "grades" (value, weight, student_id, subject_id, teacher_id) VALUES ('4+','1','63','16','28');
INSERT INTO "grades" (value, weight, student_id, subject_id, teacher_id) VALUES ('4+','1','103','11','19');
INSERT INTO "grades" (value, weight, student_id, subject_id, teacher_id) VALUES ('6','3','64','13','1');
INSERT INTO "grades" (value, weight, student_id, subject_id, teacher_id) VALUES ('3+','3','62','15','25');
INSERT INTO "grades" (value, weight, student_id, subject_id, teacher_id) VALUES ('4','2','1','12','9');
INSERT INTO "grades" (value, weight, student_id, subject_id, teacher_id) VALUES ('5','3','57','4','5');
INSERT INTO "grades" (value, weight, student_id, subject_id, teacher_id) VALUES ('1','1','69','14','15');
INSERT INTO "grades" (value, weight, student_id, subject_id, teacher_id) VALUES ('2+','3','6','9','13');
INSERT INTO "grades" (value, weight, student_id, subject_id, teacher_id) VALUES ('6','1','52','1','6');
INSERT INTO "grades" (value, weight, student_id, subject_id, teacher_id) VALUES ('1+','1','40','1','7');
INSERT INTO "grades" (value, weight, student_id, subject_id, teacher_id) VALUES ('1+','2','45','20','3');
INSERT INTO "grades" (value, weight, student_id, subject_id, teacher_id) VALUES ('4-','1','20','1','20');
INSERT INTO "grades" (value, weight, student_id, subject_id, teacher_id) VALUES ('5-','2','29','8','18');
INSERT INTO "grades" (value, weight, student_id, subject_id, teacher_id) VALUES ('3','2','57','8','37');
INSERT INTO "grades" (value, weight, student_id, subject_id, teacher_id) VALUES ('5+','3','13','5','19');
INSERT INTO "grades" (value, weight, student_id, subject_id, teacher_id) VALUES ('4+','3','96','5','33');
INSERT INTO "grades" (value, weight, student_id, subject_id, teacher_id) VALUES ('2+','2','12','1','1');
INSERT INTO "grades" (value, weight, student_id, subject_id, teacher_id) VALUES ('4+','2','41','6','32');
INSERT INTO "grades" (value, weight, student_id, subject_id, teacher_id) VALUES ('5+','3','37','5','40');
INSERT INTO "grades" (value, weight, student_id, subject_id, teacher_id) VALUES ('6','2','91','4','36');
INSERT INTO "grades" (value, weight, student_id, subject_id, teacher_id) VALUES ('2+','2','40','8','8');
INSERT INTO "grades" (value, weight, student_id, subject_id, teacher_id) VALUES ('4+','3','2','6','7');
INSERT INTO "grades" (value, weight, student_id, subject_id, teacher_id) VALUES ('3','1','91','18','22');
INSERT INTO "grades" (value, weight, student_id, subject_id, teacher_id) VALUES ('2+','2','44','14','2');
INSERT INTO "grades" (value, weight, student_id, subject_id, teacher_id) VALUES ('4','2','93','14','21');
INSERT INTO "grades" (value, weight, student_id, subject_id, teacher_id) VALUES ('6','3','10','3','40');
INSERT INTO "grades" (value, weight, student_id, subject_id, teacher_id) VALUES ('2','3','87','8','18');
INSERT INTO "grades" (value, weight, student_id, subject_id, teacher_id) VALUES ('3','3','107','10','35');
INSERT INTO "grades" (value, weight, student_id, subject_id, teacher_id) VALUES ('4','3','14','19','28');
INSERT INTO "grades" (value, weight, student_id, subject_id, teacher_id) VALUES ('1+','2','26','5','40');
INSERT INTO "grades" (value, weight, student_id, subject_id, teacher_id) VALUES ('4+','1','87','11','42');
INSERT INTO "grades" (value, weight, student_id, subject_id, teacher_id) VALUES ('2-','1','64','14','11');
INSERT INTO "grades" (value, weight, student_id, subject_id, teacher_id) VALUES ('6','1','46','14','2');
INSERT INTO "grades" (value, weight, student_id, subject_id, teacher_id) VALUES ('1','1','95','14','11');
INSERT INTO "grades" (value, weight, student_id, subject_id, teacher_id) VALUES ('2+','2','100','14','21');
INSERT INTO "grades" (value, weight, student_id, subject_id, teacher_id) VALUES ('6','2','84','16','28');
INSERT INTO "grades" (value, weight, student_id, subject_id, teacher_id) VALUES ('6','3','13','16','28');
INSERT INTO "grades" (value, weight, student_id, subject_id, teacher_id) VALUES ('5','1','119','15','25');
INSERT INTO "grades" (value, weight, student_id, subject_id, teacher_id) VALUES ('5+','3','68','15','29');
INSERT INTO "grades" (value, weight, student_id, subject_id, teacher_id) VALUES ('2+','1','57','9','36');
INSERT INTO "grades" (value, weight, student_id, subject_id, teacher_id) VALUES ('4-','2','85','13','1');
INSERT INTO "grades" (value, weight, student_id, subject_id, teacher_id) VALUES ('1','2','23','2','15');
INSERT INTO "grades" (value, weight, student_id, subject_id, teacher_id) VALUES ('2+','3','44','11','41');
INSERT INTO "grades" (value, weight, student_id, subject_id, teacher_id) VALUES ('5+','3','116','10','40');
INSERT INTO "grades" (value, weight, student_id, subject_id, teacher_id) VALUES ('1','3','42','19','28');
INSERT INTO "grades" (value, weight, student_id, subject_id, teacher_id) VALUES ('5+','1','107','15','35');
INSERT INTO "grades" (value, weight, student_id, subject_id, teacher_id) VALUES ('1','1','110','16','39');
INSERT INTO "grades" (value, weight, student_id, subject_id, teacher_id) VALUES ('1+','2','5','6','7');
INSERT INTO "grades" (value, weight, student_id, subject_id, teacher_id) VALUES ('4','2','80','14','38');
INSERT INTO "grades" (value, weight, student_id, subject_id, teacher_id) VALUES ('3-','2','90','17','17');
INSERT INTO "grades" (value, weight, student_id, subject_id, teacher_id) VALUES ('2+','2','2','18','36');
INSERT INTO "grades" (value, weight, student_id, subject_id, teacher_id) VALUES ('3+','3','72','3','42');
INSERT INTO "grades" (value, weight, student_id, subject_id, teacher_id) VALUES ('6','1','69','3','42');
INSERT INTO "grades" (value, weight, student_id, subject_id, teacher_id) VALUES ('4-','3','108','5','33');
INSERT INTO "grades" (value, weight, student_id, subject_id, teacher_id) VALUES ('4+','1','101','8','37');
INSERT INTO "grades" (value, weight, student_id, subject_id, teacher_id) VALUES ('1','1','108','11','41');
INSERT INTO "grades" (value, weight, student_id, subject_id, teacher_id) VALUES ('2','3','112','16','7');
INSERT INTO "grades" (value, weight, student_id, subject_id, teacher_id) VALUES ('1','3','77','19','28');
INSERT INTO "grades" (value, weight, student_id, subject_id, teacher_id) VALUES ('2-','1','51','4','17');
INSERT INTO "grades" (value, weight, student_id, subject_id, teacher_id) VALUES ('4','3','47','18','29');
INSERT INTO "grades" (value, weight, student_id, subject_id, teacher_id) VALUES ('2+','3','84','4','17');
INSERT INTO "grades" (value, weight, student_id, subject_id, teacher_id) VALUES ('6-','3','18','18','29');
INSERT INTO "grades" (value, weight, student_id, subject_id, teacher_id) VALUES ('4','2','72','16','28');
INSERT INTO "grades" (value, weight, student_id, subject_id, teacher_id) VALUES ('2+','3','98','16','39');
INSERT INTO "grades" (value, weight, student_id, subject_id, teacher_id) VALUES ('2-','2','101','16','7');
INSERT INTO "grades" (value, weight, student_id, subject_id, teacher_id) VALUES ('5+','2','69','11','19');
INSERT INTO "grades" (value, weight, student_id, subject_id, teacher_id) VALUES ('5+','3','29','8','43');
INSERT INTO "grades" (value, weight, student_id, subject_id, teacher_id) VALUES ('2-','1','74','16','39');
INSERT INTO "grades" (value, weight, student_id, subject_id, teacher_id) VALUES ('1+','2','8','1','12');
INSERT INTO "grades" (value, weight, student_id, subject_id, teacher_id) VALUES ('3+','1','79','1','1');
INSERT INTO "grades" (value, weight, student_id, subject_id, teacher_id) VALUES ('3-','1','118','20','3');
INSERT INTO "grades" (value, weight, student_id, subject_id, teacher_id) VALUES ('3-','2','27','14','11');
INSERT INTO "grades" (value, weight, student_id, subject_id, teacher_id) VALUES ('6','3','20','4','17');
INSERT INTO "grades" (value, weight, student_id, subject_id, teacher_id) VALUES ('6','3','44','19','28');
INSERT INTO "grades" (value, weight, student_id, subject_id, teacher_id) VALUES ('3+','3','22','8','37');
INSERT INTO "grades" (value, weight, student_id, subject_id, teacher_id) VALUES ('2-','1','57','16','28');
INSERT INTO "grades" (value, weight, student_id, subject_id, teacher_id) VALUES ('5','2','54','18','36');
INSERT INTO "grades" (value, weight, student_id, subject_id, teacher_id) VALUES ('3','2','99','11','8');
INSERT INTO "grades" (value, weight, student_id, subject_id, teacher_id) VALUES ('5-','1','104','20','3');
INSERT INTO "grades" (value, weight, student_id, subject_id, teacher_id) VALUES ('4+','3','68','18','36');
INSERT INTO "grades" (value, weight, student_id, subject_id, teacher_id) VALUES ('2+','3','55','4','7');
INSERT INTO "grades" (value, weight, student_id, subject_id, teacher_id) VALUES ('1','3','44','3','42');
INSERT INTO "grades" (value, weight, student_id, subject_id, teacher_id) VALUES ('1+','3','44','1','39');
INSERT INTO "grades" (value, weight, student_id, subject_id, teacher_id) VALUES ('2+','1','77','4','26');
INSERT INTO "grades" (value, weight, student_id, subject_id, teacher_id) VALUES ('2','1','10','15','35');
INSERT INTO "grades" (value, weight, student_id, subject_id, teacher_id) VALUES ('1','2','118','16','28');
INSERT INTO "grades" (value, weight, student_id, subject_id, teacher_id) VALUES ('1','1','11','8','43');
INSERT INTO "grades" (value, weight, student_id, subject_id, teacher_id) VALUES ('3+','1','77','8','16');
INSERT INTO "grades" (value, weight, student_id, subject_id, teacher_id) VALUES ('5+','2','29','1','12');
INSERT INTO "grades" (value, weight, student_id, subject_id, teacher_id) VALUES ('5+','3','27','4','17');
INSERT INTO "grades" (value, weight, student_id, subject_id, teacher_id) VALUES ('2','3','74','3','20');
INSERT INTO "grades" (value, weight, student_id, subject_id, teacher_id) VALUES ('5+','1','97','1','39');
INSERT INTO "grades" (value, weight, student_id, subject_id, teacher_id) VALUES ('4+','2','10','4','5');
INSERT INTO "grades" (value, weight, student_id, subject_id, teacher_id) VALUES ('6','2','81','14','15');
INSERT INTO "grades" (value, weight, student_id, subject_id, teacher_id) VALUES ('3','1','70','18','36');
INSERT INTO "grades" (value, weight, student_id, subject_id, teacher_id) VALUES ('6','1','52','12','35');
INSERT INTO "grades" (value, weight, student_id, subject_id, teacher_id) VALUES ('3+','2','109','17','17');
INSERT INTO "grades" (value, weight, student_id, subject_id, teacher_id) VALUES ('2+','3','73','9','13');
INSERT INTO "grades" (value, weight, student_id, subject_id, teacher_id) VALUES ('6-','1','46','14','2');
INSERT INTO "grades" (value, weight, student_id, subject_id, teacher_id) VALUES ('2','3','85','8','16');
INSERT INTO "grades" (value, weight, student_id, subject_id, teacher_id) VALUES ('1+','1','60','18','14');
INSERT INTO "grades" (value, weight, student_id, subject_id, teacher_id) VALUES ('5+','3','51','4','5');
INSERT INTO "grades" (value, weight, student_id, subject_id, teacher_id) VALUES ('3-','1','110','8','37');
INSERT INTO "grades" (value, weight, student_id, subject_id, teacher_id) VALUES ('3','2','56','10','10');
INSERT INTO "grades" (value, weight, student_id, subject_id, teacher_id) VALUES ('6','1','111','4','5');
INSERT INTO "grades" (value, weight, student_id, subject_id, teacher_id) VALUES ('5','2','113','9','13');
INSERT INTO "grades" (value, weight, student_id, subject_id, teacher_id) VALUES ('5','2','38','9','13');
INSERT INTO "grades" (value, weight, student_id, subject_id, teacher_id) VALUES ('1+','1','15','4','36');
INSERT INTO "grades" (value, weight, student_id, subject_id, teacher_id) VALUES ('5','2','27','15','15');
INSERT INTO "grades" (value, weight, student_id, subject_id, teacher_id) VALUES ('2','2','37','6','32');
INSERT INTO "grades" (value, weight, student_id, subject_id, teacher_id) VALUES ('6','1','26','2','12');
INSERT INTO "grades" (value, weight, student_id, subject_id, teacher_id) VALUES ('5+','2','55','13','28');
INSERT INTO "grades" (value, weight, student_id, subject_id, teacher_id) VALUES ('2+','3','24','11','41');
INSERT INTO "grades" (value, weight, student_id, subject_id, teacher_id) VALUES ('6-','1','54','6','32');
INSERT INTO "grades" (value, weight, student_id, subject_id, teacher_id) VALUES ('3','1','75','10','35');
INSERT INTO "grades" (value, weight, student_id, subject_id, teacher_id) VALUES ('2','2','7','15','15');
INSERT INTO "grades" (value, weight, student_id, subject_id, teacher_id) VALUES ('3+','2','92','14','2');
INSERT INTO "grades" (value, weight, student_id, subject_id, teacher_id) VALUES ('3+','1','79','8','8');
INSERT INTO "grades" (value, weight, student_id, subject_id, teacher_id) VALUES ('6-','3','98','1','6');
INSERT INTO "grades" (value, weight, student_id, subject_id, teacher_id) VALUES ('6','2','46','3','40');
INSERT INTO "grades" (value, weight, student_id, subject_id, teacher_id) VALUES ('4-','2','55','15','29');
INSERT INTO "grades" (value, weight, student_id, subject_id, teacher_id) VALUES ('5+','1','68','13','28');
INSERT INTO "grades" (value, weight, student_id, subject_id, teacher_id) VALUES ('6-','1','29','8','18');
INSERT INTO "grades" (value, weight, student_id, subject_id, teacher_id) VALUES ('2','3','86','1','23');
INSERT INTO "grades" (value, weight, student_id, subject_id, teacher_id) VALUES ('1','1','76','8','16');
INSERT INTO "grades" (value, weight, student_id, subject_id, teacher_id) VALUES ('3+','3','91','2','24');
INSERT INTO "grades" (value, weight, student_id, subject_id, teacher_id) VALUES ('6-','2','41','19','14');
INSERT INTO "grades" (value, weight, student_id, subject_id, teacher_id) VALUES ('6-','1','77','17','13');
INSERT INTO "grades" (value, weight, student_id, subject_id, teacher_id) VALUES ('4+','1','33','9','13');
INSERT INTO "grades" (value, weight, student_id, subject_id, teacher_id) VALUES ('5-','3','17','14','11');
INSERT INTO "grades" (value, weight, student_id, subject_id, teacher_id) VALUES ('3+','2','87','14','38');
INSERT INTO "grades" (value, weight, student_id, subject_id, teacher_id) VALUES ('3+','3','46','8','37');
INSERT INTO "grades" (value, weight, student_id, subject_id, teacher_id) VALUES ('2-','3','52','9','16');
INSERT INTO "grades" (value, weight, student_id, subject_id, teacher_id) VALUES ('5','1','47','14','2');
INSERT INTO "grades" (value, weight, student_id, subject_id, teacher_id) VALUES ('5-','3','31','13','1');
INSERT INTO "grades" (value, weight, student_id, subject_id, teacher_id) VALUES ('2','3','106','18','36');
INSERT INTO "grades" (value, weight, student_id, subject_id, teacher_id) VALUES ('2+','1','47','14','21');
INSERT INTO "grades" (value, weight, student_id, subject_id, teacher_id) VALUES ('5+','3','79','3','20');
INSERT INTO "grades" (value, weight, student_id, subject_id, teacher_id) VALUES ('1','1','49','7','37');
INSERT INTO "grades" (value, weight, student_id, subject_id, teacher_id) VALUES ('6','1','82','5','19');
INSERT INTO "grades" (value, weight, student_id, subject_id, teacher_id) VALUES ('5+','1','3','17','17');
INSERT INTO "grades" (value, weight, student_id, subject_id, teacher_id) VALUES ('4+','1','40','12','35');
INSERT INTO "grades" (value, weight, student_id, subject_id, teacher_id) VALUES ('4-','3','61','4','26');
INSERT INTO "grades" (value, weight, student_id, subject_id, teacher_id) VALUES ('2-','3','91','8','16');
INSERT INTO "grades" (value, weight, student_id, subject_id, teacher_id) VALUES ('4','1','107','11','8');
INSERT INTO "grades" (value, weight, student_id, subject_id, teacher_id) VALUES ('2','1','117','11','42');
INSERT INTO "grades" (value, weight, student_id, subject_id, teacher_id) VALUES ('4+','1','83','4','26');
INSERT INTO "grades" (value, weight, student_id, subject_id, teacher_id) VALUES ('4+','2','67','2','15');
INSERT INTO "grades" (value, weight, student_id, subject_id, teacher_id) VALUES ('5+','1','30','10','10');
INSERT INTO "grades" (value, weight, student_id, subject_id, teacher_id) VALUES ('6','2','93','8','16');
INSERT INTO "grades" (value, weight, student_id, subject_id, teacher_id) VALUES ('2+','1','112','6','32');
INSERT INTO "grades" (value, weight, student_id, subject_id, teacher_id) VALUES ('3-','2','103','10','40');
INSERT INTO "grades" (value, weight, student_id, subject_id, teacher_id) VALUES ('6','3','59','15','35');
INSERT INTO "grades" (value, weight, student_id, subject_id, teacher_id) VALUES ('6-','3','88','4','7');
INSERT INTO "grades" (value, weight, student_id, subject_id, teacher_id) VALUES ('5+','1','102','2','24');
INSERT INTO "grades" (value, weight, student_id, subject_id, teacher_id) VALUES ('1+','1','25','8','8');
INSERT INTO "grades" (value, weight, student_id, subject_id, teacher_id) VALUES ('4+','3','105','12','35');
INSERT INTO "grades" (value, weight, student_id, subject_id, teacher_id) VALUES ('3-','1','98','5','19');
INSERT INTO "grades" (value, weight, student_id, subject_id, teacher_id) VALUES ('1+','3','35','19','14');
INSERT INTO "grades" (value, weight, student_id, subject_id, teacher_id) VALUES ('1','2','48','13','1');
INSERT INTO "grades" (value, weight, student_id, subject_id, teacher_id) VALUES ('5','2','115','3','42');
INSERT INTO "grades" (value, weight, student_id, subject_id, teacher_id) VALUES ('2','3','37','4','36');
INSERT INTO "grades" (value, weight, student_id, subject_id, teacher_id) VALUES ('3+','2','92','1','23');
INSERT INTO "grades" (value, weight, student_id, subject_id, teacher_id) VALUES ('2+','3','19','5','19');
INSERT INTO "grades" (value, weight, student_id, subject_id, teacher_id) VALUES ('1+','2','51','2','15');
INSERT INTO "grades" (value, weight, student_id, subject_id, teacher_id) VALUES ('6','1','20','16','28');
INSERT INTO "grades" (value, weight, student_id, subject_id, teacher_id) VALUES ('2+','2','66','18','14');
INSERT INTO "grades" (value, weight, student_id, subject_id, teacher_id) VALUES ('1','1','115','16','7');
INSERT INTO "grades" (value, weight, student_id, subject_id, teacher_id) VALUES ('1','3','21','11','41');
INSERT INTO "grades" (value, weight, student_id, subject_id, teacher_id) VALUES ('4-','2','109','17','13');
INSERT INTO "grades" (value, weight, student_id, subject_id, teacher_id) VALUES ('2','3','5','18','14');
INSERT INTO "grades" (value, weight, student_id, subject_id, teacher_id) VALUES ('2+','1','64','1','23');
INSERT INTO "grades" (value, weight, student_id, subject_id, teacher_id) VALUES ('4','1','23','16','39');
INSERT INTO "grades" (value, weight, student_id, subject_id, teacher_id) VALUES ('3','3','73','1','7');
INSERT INTO "grades" (value, weight, student_id, subject_id, teacher_id) VALUES ('6-','3','80','15','15');
INSERT INTO "grades" (value, weight, student_id, subject_id, teacher_id) VALUES ('1+','2','102','4','5');
INSERT INTO "grades" (value, weight, student_id, subject_id, teacher_id) VALUES ('3+','1','99','17','17');
INSERT INTO "grades" (value, weight, student_id, subject_id, teacher_id) VALUES ('5-','1','94','1','20');
INSERT INTO "grades" (value, weight, student_id, subject_id, teacher_id) VALUES ('4-','2','61','18','14');
INSERT INTO "grades" (value, weight, student_id, subject_id, teacher_id) VALUES ('5+','2','65','7','31');
INSERT INTO "grades" (value, weight, student_id, subject_id, teacher_id) VALUES ('4-','3','12','14','15');
INSERT INTO "grades" (value, weight, student_id, subject_id, teacher_id) VALUES ('3+','2','8','11','41');
INSERT INTO "grades" (value, weight, student_id, subject_id, teacher_id) VALUES ('1+','2','36','15','25');
INSERT INTO "grades" (value, weight, student_id, subject_id, teacher_id) VALUES ('4+','2','115','1','12');
INSERT INTO "grades" (value, weight, student_id, subject_id, teacher_id) VALUES ('6','2','12','1','7');
INSERT INTO "grades" (value, weight, student_id, subject_id, teacher_id) VALUES ('3-','3','91','8','37');
INSERT INTO "grades" (value, weight, student_id, subject_id, teacher_id) VALUES ('6','1','116','1','23');
INSERT INTO "grades" (value, weight, student_id, subject_id, teacher_id) VALUES ('2-','2','49','5','19');
INSERT INTO "grades" (value, weight, student_id, subject_id, teacher_id) VALUES ('5+','2','2','13','15');
INSERT INTO "grades" (value, weight, student_id, subject_id, teacher_id) VALUES ('1','1','31','16','7');
INSERT INTO "grades" (value, weight, student_id, subject_id, teacher_id) VALUES ('6','1','14','5','19');
INSERT INTO "grades" (value, weight, student_id, subject_id, teacher_id) VALUES ('4+','3','108','4','17');
INSERT INTO "grades" (value, weight, student_id, subject_id, teacher_id) VALUES ('2+','1','55','5','19');
INSERT INTO "grades" (value, weight, student_id, subject_id, teacher_id) VALUES ('1+','3','28','3','40');
INSERT INTO "grades" (value, weight, student_id, subject_id, teacher_id) VALUES ('3+','2','37','18','45');
INSERT INTO "grades" (value, weight, student_id, subject_id, teacher_id) VALUES ('6','3','54','11','42');
INSERT INTO "grades" (value, weight, student_id, subject_id, teacher_id) VALUES ('5+','2','42','18','36');
INSERT INTO "grades" (value, weight, student_id, subject_id, teacher_id) VALUES ('2+','3','1','4','5');
INSERT INTO "grades" (value, weight, student_id, subject_id, teacher_id) VALUES ('2+','3','6','14','21');
INSERT INTO "grades" (value, weight, student_id, subject_id, teacher_id) VALUES ('6','2','80','1','6');
INSERT INTO "grades" (value, weight, student_id, subject_id, teacher_id) VALUES ('3+','1','62','16','7');
INSERT INTO "grades" (value, weight, student_id, subject_id, teacher_id) VALUES ('6','3','49','13','15');
INSERT INTO "grades" (value, weight, student_id, subject_id, teacher_id) VALUES ('4','3','78','17','3');
INSERT INTO "grades" (value, weight, student_id, subject_id, teacher_id) VALUES ('1+','3','36','1','6');
INSERT INTO "grades" (value, weight, student_id, subject_id, teacher_id) VALUES ('2','2','114','5','38');
INSERT INTO "grades" (value, weight, student_id, subject_id, teacher_id) VALUES ('1','1','54','1','6');
INSERT INTO "grades" (value, weight, student_id, subject_id, teacher_id) VALUES ('5-','1','41','1','20');
INSERT INTO "grades" (value, weight, student_id, subject_id, teacher_id) VALUES ('5+','2','8','6','32');
INSERT INTO "grades" (value, weight, student_id, subject_id, teacher_id) VALUES ('1+','1','60','5','33');
INSERT INTO "grades" (value, weight, student_id, subject_id, teacher_id) VALUES ('6','2','56','4','17');
INSERT INTO "grades" (value, weight, student_id, subject_id, teacher_id) VALUES ('1+','3','18','5','18');
INSERT INTO "grades" (value, weight, student_id, subject_id, teacher_id) VALUES ('4+','2','64','8','16');
INSERT INTO "grades" (value, weight, student_id, subject_id, teacher_id) VALUES ('5+','2','79','12','35');
INSERT INTO "grades" (value, weight, student_id, subject_id, teacher_id) VALUES ('2+','1','8','6','32');
INSERT INTO "grades" (value, weight, student_id, subject_id, teacher_id) VALUES ('5+','1','79','4','7');
INSERT INTO "grades" (value, weight, student_id, subject_id, teacher_id) VALUES ('4','2','25','1','39');
INSERT INTO "grades" (value, weight, student_id, subject_id, teacher_id) VALUES ('2+','2','85','15','29');
INSERT INTO "grades" (value, weight, student_id, subject_id, teacher_id) VALUES ('2-','3','66','6','7');
INSERT INTO "grades" (value, weight, student_id, subject_id, teacher_id) VALUES ('6','2','105','18','14');
INSERT INTO "grades" (value, weight, student_id, subject_id, teacher_id) VALUES ('4+','3','52','18','22');
INSERT INTO "grades" (value, weight, student_id, subject_id, teacher_id) VALUES ('1+','1','120','14','15');
INSERT INTO "grades" (value, weight, student_id, subject_id, teacher_id) VALUES ('5-','3','51','13','28');
INSERT INTO "grades" (value, weight, student_id, subject_id, teacher_id) VALUES ('2+','2','113','1','12');
INSERT INTO "grades" (value, weight, student_id, subject_id, teacher_id) VALUES ('5','2','101','18','14');
INSERT INTO "grades" (value, weight, student_id, subject_id, teacher_id) VALUES ('4-','3','9','5','40');
INSERT INTO "grades" (value, weight, student_id, subject_id, teacher_id) VALUES ('4+','3','19','2','15');
INSERT INTO "grades" (value, weight, student_id, subject_id, teacher_id) VALUES ('5+','1','26','14','15');
INSERT INTO "grades" (value, weight, student_id, subject_id, teacher_id) VALUES ('4+','3','94','14','11');
INSERT INTO "grades" (value, weight, student_id, subject_id, teacher_id) VALUES ('4+','2','31','4','7');
INSERT INTO "grades" (value, weight, student_id, subject_id, teacher_id) VALUES ('4+','2','83','8','8');
INSERT INTO "grades" (value, weight, student_id, subject_id, teacher_id) VALUES ('3-','3','42','15','35');
INSERT INTO "grades" (value, weight, student_id, subject_id, teacher_id) VALUES ('2','1','23','13','28');
INSERT INTO "grades" (value, weight, student_id, subject_id, teacher_id) VALUES ('4+','1','64','8','16');
INSERT INTO "grades" (value, weight, student_id, subject_id, teacher_id) VALUES ('5+','3','54','14','15');
INSERT INTO "grades" (value, weight, student_id, subject_id, teacher_id) VALUES ('4','3','8','3','40');
INSERT INTO "grades" (value, weight, student_id, subject_id, teacher_id) VALUES ('6','2','110','13','1');
INSERT INTO "grades" (value, weight, student_id, subject_id, teacher_id) VALUES ('6','2','75','1','7');
INSERT INTO "grades" (value, weight, student_id, subject_id, teacher_id) VALUES ('6-','3','75','1','20');
INSERT INTO "grades" (value, weight, student_id, subject_id, teacher_id) VALUES ('4','1','110','14','38');
INSERT INTO "grades" (value, weight, student_id, subject_id, teacher_id) VALUES ('4+','2','10','12','35');
INSERT INTO "grades" (value, weight, student_id, subject_id, teacher_id) VALUES ('2','1','95','1','39');
INSERT INTO "grades" (value, weight, student_id, subject_id, teacher_id) VALUES ('1','2','99','18','36');
INSERT INTO "grades" (value, weight, student_id, subject_id, teacher_id) VALUES ('5+','3','19','10','35');
INSERT INTO "grades" (value, weight, student_id, subject_id, teacher_id) VALUES ('6','3','75','15','35');
INSERT INTO "grades" (value, weight, student_id, subject_id, teacher_id) VALUES ('5-','1','12','9','13');
INSERT INTO "grades" (value, weight, student_id, subject_id, teacher_id) VALUES ('5+','1','88','7','31');
INSERT INTO "grades" (value, weight, student_id, subject_id, teacher_id) VALUES ('6','2','18','17','13');
INSERT INTO "grades" (value, weight, student_id, subject_id, teacher_id) VALUES ('2+','3','37','4','7');
INSERT INTO "grades" (value, weight, student_id, subject_id, teacher_id) VALUES ('5+','3','117','15','25');
INSERT INTO "grades" (value, weight, student_id, subject_id, teacher_id) VALUES ('4+','3','83','10','35');
INSERT INTO "grades" (value, weight, student_id, subject_id, teacher_id) VALUES ('2-','1','63','4','17');
INSERT INTO "grades" (value, weight, student_id, subject_id, teacher_id) VALUES ('5','1','55','4','26');
INSERT INTO "grades" (value, weight, student_id, subject_id, teacher_id) VALUES ('6-','3','91','18','29');
INSERT INTO "grades" (value, weight, student_id, subject_id, teacher_id) VALUES ('1','3','66','20','3');
INSERT INTO "grades" (value, weight, student_id, subject_id, teacher_id) VALUES ('1','3','116','13','1');
INSERT INTO "grades" (value, weight, student_id, subject_id, teacher_id) VALUES ('4','1','112','17','3');
INSERT INTO "grades" (value, weight, student_id, subject_id, teacher_id) VALUES ('6','1','66','1','20');
INSERT INTO "grades" (value, weight, student_id, subject_id, teacher_id) VALUES ('1','1','10','2','15');
INSERT INTO "grades" (value, weight, student_id, subject_id, teacher_id) VALUES ('4+','3','8','15','25');
INSERT INTO "grades" (value, weight, student_id, subject_id, teacher_id) VALUES ('6','3','21','8','8');
INSERT INTO "grades" (value, weight, student_id, subject_id, teacher_id) VALUES ('5-','1','105','16','28');
INSERT INTO "grades" (value, weight, student_id, subject_id, teacher_id) VALUES ('3','1','11','13','15');
INSERT INTO "grades" (value, weight, student_id, subject_id, teacher_id) VALUES ('2+','3','92','16','39');
INSERT INTO "grades" (value, weight, student_id, subject_id, teacher_id) VALUES ('4','1','7','1','39');
INSERT INTO "grades" (value, weight, student_id, subject_id, teacher_id) VALUES ('5-','3','55','9','13');
INSERT INTO "grades" (value, weight, student_id, subject_id, teacher_id) VALUES ('6-','3','6','8','8');
INSERT INTO "grades" (value, weight, student_id, subject_id, teacher_id) VALUES ('1+','1','72','18','45');
INSERT INTO "grades" (value, weight, student_id, subject_id, teacher_id) VALUES ('5+','2','116','5','18');
INSERT INTO "grades" (value, weight, student_id, subject_id, teacher_id) VALUES ('4+','1','28','12','9');
INSERT INTO "grades" (value, weight, student_id, subject_id, teacher_id) VALUES ('5+','2','74','1','1');
INSERT INTO "grades" (value, weight, student_id, subject_id, teacher_id) VALUES ('4+','2','80','14','15');
INSERT INTO "grades" (value, weight, student_id, subject_id, teacher_id) VALUES ('2-','2','22','9','36');
INSERT INTO "grades" (value, weight, student_id, subject_id, teacher_id) VALUES ('1+','1','81','18','45');
INSERT INTO "grades" (value, weight, student_id, subject_id, teacher_id) VALUES ('2+','2','107','2','24');
INSERT INTO "grades" (value, weight, student_id, subject_id, teacher_id) VALUES ('1+','1','24','4','17');
INSERT INTO "grades" (value, weight, student_id, subject_id, teacher_id) VALUES ('1+','3','67','1','20');
INSERT INTO "grades" (value, weight, student_id, subject_id, teacher_id) VALUES ('3+','1','11','14','2');
INSERT INTO "grades" (value, weight, student_id, subject_id, teacher_id) VALUES ('2+','2','120','14','21');
INSERT INTO "grades" (value, weight, student_id, subject_id, teacher_id) VALUES ('1+','1','57','12','9');
INSERT INTO "grades" (value, weight, student_id, subject_id, teacher_id) VALUES ('6','1','86','10','10');
INSERT INTO "grades" (value, weight, student_id, subject_id, teacher_id) VALUES ('1','2','61','16','7');
INSERT INTO "grades" (value, weight, student_id, subject_id, teacher_id) VALUES ('4+','3','24','11','41');
INSERT INTO "grades" (value, weight, student_id, subject_id, teacher_id) VALUES ('3+','2','2','14','2');
INSERT INTO "grades" (value, weight, student_id, subject_id, teacher_id) VALUES ('2+','1','101','8','8');
INSERT INTO "grades" (value, weight, student_id, subject_id, teacher_id) VALUES ('1+','1','93','19','14');
INSERT INTO "grades" (value, weight, student_id, subject_id, teacher_id) VALUES ('2-','3','102','1','6');
INSERT INTO "grades" (value, weight, student_id, subject_id, teacher_id) VALUES ('2-','2','27','12','35');
INSERT INTO "grades" (value, weight, student_id, subject_id, teacher_id) VALUES ('4','2','93','5','18');
INSERT INTO "grades" (value, weight, student_id, subject_id, teacher_id) VALUES ('1+','2','69','17','13');
INSERT INTO "grades" (value, weight, student_id, subject_id, teacher_id) VALUES ('6-','2','106','16','39');
INSERT INTO "grades" (value, weight, student_id, subject_id, teacher_id) VALUES ('3','3','53','17','17');
INSERT INTO "grades" (value, weight, student_id, subject_id, teacher_id) VALUES ('6-','1','60','1','1');
INSERT INTO "grades" (value, weight, student_id, subject_id, teacher_id) VALUES ('1+','2','118','19','14');
INSERT INTO "grades" (value, weight, student_id, subject_id, teacher_id) VALUES ('5','1','83','16','39');
INSERT INTO "grades" (value, weight, student_id, subject_id, teacher_id) VALUES ('5+','1','86','12','35');
INSERT INTO "grades" (value, weight, student_id, subject_id, teacher_id) VALUES ('6','2','56','19','28');
INSERT INTO "grades" (value, weight, student_id, subject_id, teacher_id) VALUES ('4+','2','2','10','40');
INSERT INTO "grades" (value, weight, student_id, subject_id, teacher_id) VALUES ('2+','1','12','14','11');
INSERT INTO "grades" (value, weight, student_id, subject_id, teacher_id) VALUES ('1','3','56','14','21');
INSERT INTO "grades" (value, weight, student_id, subject_id, teacher_id) VALUES ('3-','2','89','10','10');
INSERT INTO "grades" (value, weight, student_id, subject_id, teacher_id) VALUES ('3-','2','54','12','9');
INSERT INTO "grades" (value, weight, student_id, subject_id, teacher_id) VALUES ('4+','1','35','6','32');
INSERT INTO "grades" (value, weight, student_id, subject_id, teacher_id) VALUES ('5-','3','61','5','19');
INSERT INTO "grades" (value, weight, student_id, subject_id, teacher_id) VALUES ('1','2','5','13','1');
INSERT INTO "grades" (value, weight, student_id, subject_id, teacher_id) VALUES ('1+','2','28','15','35');
INSERT INTO "grades" (value, weight, student_id, subject_id, teacher_id) VALUES ('6','2','73','13','1');
INSERT INTO "grades" (value, weight, student_id, subject_id, teacher_id) VALUES ('4+','1','34','17','3');
INSERT INTO "grades" (value, weight, student_id, subject_id, teacher_id) VALUES ('2-','2','40','9','16');
INSERT INTO "grades" (value, weight, student_id, subject_id, teacher_id) VALUES ('1','1','25','19','14');
INSERT INTO "grades" (value, weight, student_id, subject_id, teacher_id) VALUES ('2+','3','35','6','32');
INSERT INTO "grades" (value, weight, student_id, subject_id, teacher_id) VALUES ('1+','1','36','15','11');
INSERT INTO "grades" (value, weight, student_id, subject_id, teacher_id) VALUES ('2-','3','93','11','8');
INSERT INTO "grades" (value, weight, student_id, subject_id, teacher_id) VALUES ('3+','3','73','19','14');
INSERT INTO "grades" (value, weight, student_id, subject_id, teacher_id) VALUES ('2+','1','50','5','19');
INSERT INTO "grades" (value, weight, student_id, subject_id, teacher_id) VALUES ('5+','1','52','17','13');
INSERT INTO "grades" (value, weight, student_id, subject_id, teacher_id) VALUES ('3+','3','26','2','12');
INSERT INTO "grades" (value, weight, student_id, subject_id, teacher_id) VALUES ('4+','2','61','8','8');
INSERT INTO "grades" (value, weight, student_id, subject_id, teacher_id) VALUES ('4+','1','102','1','23');
INSERT INTO "grades" (value, weight, student_id, subject_id, teacher_id) VALUES ('3+','3','85','11','8');
INSERT INTO "grades" (value, weight, student_id, subject_id, teacher_id) VALUES ('4','2','2','3','40');
INSERT INTO "grades" (value, weight, student_id, subject_id, teacher_id) VALUES ('2+','3','25','9','13');
INSERT INTO "grades" (value, weight, student_id, subject_id, teacher_id) VALUES ('5+','2','112','9','13');
INSERT INTO "grades" (value, weight, student_id, subject_id, teacher_id) VALUES ('3-','2','25','1','12');
INSERT INTO "grades" (value, weight, student_id, subject_id, teacher_id) VALUES ('5+','1','86','5','38');
INSERT INTO "grades" (value, weight, student_id, subject_id, teacher_id) VALUES ('4+','3','95','15','11');
INSERT INTO "grades" (value, weight, student_id, subject_id, teacher_id) VALUES ('4+','1','84','15','25');
INSERT INTO "grades" (value, weight, student_id, subject_id, teacher_id) VALUES ('1','2','72','14','15');
INSERT INTO "grades" (value, weight, student_id, subject_id, teacher_id) VALUES ('2-','2','87','1','39');
INSERT INTO "grades" (value, weight, student_id, subject_id, teacher_id) VALUES ('2-','3','60','18','14');
INSERT INTO "grades" (value, weight, student_id, subject_id, teacher_id) VALUES ('1','3','36','15','11');
INSERT INTO "grades" (value, weight, student_id, subject_id, teacher_id) VALUES ('3-','1','26','7','31');
INSERT INTO "grades" (value, weight, student_id, subject_id, teacher_id) VALUES ('1','3','22','9','16');
INSERT INTO "grades" (value, weight, student_id, subject_id, teacher_id) VALUES ('5-','1','64','3','40');
INSERT INTO "grades" (value, weight, student_id, subject_id, teacher_id) VALUES ('3','1','11','14','21');
INSERT INTO "grades" (value, weight, student_id, subject_id, teacher_id) VALUES ('2','1','106','7','37');
INSERT INTO "grades" (value, weight, student_id, subject_id, teacher_id) VALUES ('3+','3','36','7','37');
INSERT INTO "grades" (value, weight, student_id, subject_id, teacher_id) VALUES ('5+','1','39','15','15');
INSERT INTO "grades" (value, weight, student_id, subject_id, teacher_id) VALUES ('2+','3','27','11','19');
INSERT INTO "grades" (value, weight, student_id, subject_id, teacher_id) VALUES ('4+','2','120','8','18');
INSERT INTO "grades" (value, weight, student_id, subject_id, teacher_id) VALUES ('6','1','8','16','39');
INSERT INTO "grades" (value, weight, student_id, subject_id, teacher_id) VALUES ('3+','2','105','4','17');
INSERT INTO "grades" (value, weight, student_id, subject_id, teacher_id) VALUES ('1','2','41','4','36');
INSERT INTO "grades" (value, weight, student_id, subject_id, teacher_id) VALUES ('5-','1','60','11','41');
INSERT INTO "grades" (value, weight, student_id, subject_id, teacher_id) VALUES ('6-','2','28','9','16');
INSERT INTO "grades" (value, weight, student_id, subject_id, teacher_id) VALUES ('6-','2','97','13','15');
INSERT INTO "grades" (value, weight, student_id, subject_id, teacher_id) VALUES ('5+','1','64','4','7');
INSERT INTO "grades" (value, weight, student_id, subject_id, teacher_id) VALUES ('5','1','76','1','23');
INSERT INTO "grades" (value, weight, student_id, subject_id, teacher_id) VALUES ('6-','3','100','19','14');
INSERT INTO "grades" (value, weight, student_id, subject_id, teacher_id) VALUES ('4+','2','99','3','42');
INSERT INTO "grades" (value, weight, student_id, subject_id, teacher_id) VALUES ('4+','1','85','14','38');
INSERT INTO "grades" (value, weight, student_id, subject_id, teacher_id) VALUES ('3','3','36','16','39');
INSERT INTO "grades" (value, weight, student_id, subject_id, teacher_id) VALUES ('5+','2','39','18','29');
INSERT INTO "grades" (value, weight, student_id, subject_id, teacher_id) VALUES ('1+','1','119','16','28');
INSERT INTO "grades" (value, weight, student_id, subject_id, teacher_id) VALUES ('5','2','21','12','35');
INSERT INTO "grades" (value, weight, student_id, subject_id, teacher_id) VALUES ('3','1','19','14','38');
INSERT INTO "grades" (value, weight, student_id, subject_id, teacher_id) VALUES ('4+','2','120','8','37');
INSERT INTO "grades" (value, weight, student_id, subject_id, teacher_id) VALUES ('6','1','96','1','12');
INSERT INTO "grades" (value, weight, student_id, subject_id, teacher_id) VALUES ('1','1','76','8','16');
INSERT INTO "grades" (value, weight, student_id, subject_id, teacher_id) VALUES ('2+','2','49','1','6');
INSERT INTO "grades" (value, weight, student_id, subject_id, teacher_id) VALUES ('4','2','1','10','40');
INSERT INTO "grades" (value, weight, student_id, subject_id, teacher_id) VALUES ('3','1','94','9','13');
INSERT INTO "grades" (value, weight, student_id, subject_id, teacher_id) VALUES ('2-','3','12','8','37');
INSERT INTO "grades" (value, weight, student_id, subject_id, teacher_id) VALUES ('1+','2','56','17','13');
INSERT INTO "grades" (value, weight, student_id, subject_id, teacher_id) VALUES ('4+','1','21','13','28');
INSERT INTO "grades" (value, weight, student_id, subject_id, teacher_id) VALUES ('3','2','23','19','14');
INSERT INTO "grades" (value, weight, student_id, subject_id, teacher_id) VALUES ('6','1','58','6','7');
INSERT INTO "grades" (value, weight, student_id, subject_id, teacher_id) VALUES ('5+','1','1','2','24');
INSERT INTO "grades" (value, weight, student_id, subject_id, teacher_id) VALUES ('2','1','45','11','8');
INSERT INTO "grades" (value, weight, student_id, subject_id, teacher_id) VALUES ('4-','2','76','16','28');
INSERT INTO "grades" (value, weight, student_id, subject_id, teacher_id) VALUES ('6','2','30','15','35');
INSERT INTO "grades" (value, weight, student_id, subject_id, teacher_id) VALUES ('2+','1','73','7','31');
INSERT INTO "grades" (value, weight, student_id, subject_id, teacher_id) VALUES ('3+','2','113','15','29');
INSERT INTO "grades" (value, weight, student_id, subject_id, teacher_id) VALUES ('2-','2','2','15','15');
INSERT INTO "grades" (value, weight, student_id, subject_id, teacher_id) VALUES ('5+','2','83','4','26');
INSERT INTO "grades" (value, weight, student_id, subject_id, teacher_id) VALUES ('5-','2','19','13','15');
INSERT INTO "grades" (value, weight, student_id, subject_id, teacher_id) VALUES ('4+','2','1','7','37');
INSERT INTO "grades" (value, weight, student_id, subject_id, teacher_id) VALUES ('1+','2','92','1','12');
INSERT INTO "grades" (value, weight, student_id, subject_id, teacher_id) VALUES ('6','3','84','1','23');
INSERT INTO "grades" (value, weight, student_id, subject_id, teacher_id) VALUES ('4+','2','110','14','38');
INSERT INTO "grades" (value, weight, student_id, subject_id, teacher_id) VALUES ('4-','3','59','5','40');
INSERT INTO "grades" (value, weight, student_id, subject_id, teacher_id) VALUES ('6','1','100','18','14');
INSERT INTO "grades" (value, weight, student_id, subject_id, teacher_id) VALUES ('1+','2','33','4','36');
INSERT INTO "grades" (value, weight, student_id, subject_id, teacher_id) VALUES ('5+','1','4','5','33');
INSERT INTO "grades" (value, weight, student_id, subject_id, teacher_id) VALUES ('3+','3','101','18','45');
INSERT INTO "grades" (value, weight, student_id, subject_id, teacher_id) VALUES ('3+','3','27','4','36');
INSERT INTO "grades" (value, weight, student_id, subject_id, teacher_id) VALUES ('4+','3','49','11','41');
INSERT INTO "grades" (value, weight, student_id, subject_id, teacher_id) VALUES ('2-','1','6','17','13');
INSERT INTO "grades" (value, weight, student_id, subject_id, teacher_id) VALUES ('5-','1','54','9','16');
INSERT INTO "grades" (value, weight, student_id, subject_id, teacher_id) VALUES ('6','3','96','17','17');
INSERT INTO "grades" (value, weight, student_id, subject_id, teacher_id) VALUES ('2+','3','26','11','8');
INSERT INTO "grades" (value, weight, student_id, subject_id, teacher_id) VALUES ('5-','2','59','20','3');
INSERT INTO "grades" (value, weight, student_id, subject_id, teacher_id) VALUES ('6-','3','64','14','2');
INSERT INTO "grades" (value, weight, student_id, subject_id, teacher_id) VALUES ('3','2','112','14','21');
INSERT INTO "grades" (value, weight, student_id, subject_id, teacher_id) VALUES ('3','1','4','16','39');
INSERT INTO "grades" (value, weight, student_id, subject_id, teacher_id) VALUES ('2+','2','16','8','43');
INSERT INTO "grades" (value, weight, student_id, subject_id, teacher_id) VALUES ('6-','3','104','5','33');
INSERT INTO "grades" (value, weight, student_id, subject_id, teacher_id) VALUES ('3+','3','114','8','43');
INSERT INTO "grades" (value, weight, student_id, subject_id, teacher_id) VALUES ('6','3','87','15','35');
INSERT INTO "grades" (value, weight, student_id, subject_id, teacher_id) VALUES ('4','3','96','18','36');
INSERT INTO "grades" (value, weight, student_id, subject_id, teacher_id) VALUES ('4-','2','2','18','14');
INSERT INTO "grades" (value, weight, student_id, subject_id, teacher_id) VALUES ('1','2','79','11','19');
INSERT INTO "grades" (value, weight, student_id, subject_id, teacher_id) VALUES ('1+','2','37','11','19');
INSERT INTO "grades" (value, weight, student_id, subject_id, teacher_id) VALUES ('2+','1','62','2','12');
INSERT INTO "grades" (value, weight, student_id, subject_id, teacher_id) VALUES ('6-','2','42','4','7');
INSERT INTO "grades" (value, weight, student_id, subject_id, teacher_id) VALUES ('2-','2','17','18','29');
INSERT INTO "grades" (value, weight, student_id, subject_id, teacher_id) VALUES ('2+','2','38','13','28');
INSERT INTO "grades" (value, weight, student_id, subject_id, teacher_id) VALUES ('4','2','49','5','40');
INSERT INTO "grades" (value, weight, student_id, subject_id, teacher_id) VALUES ('1','2','91','17','17');
INSERT INTO "grades" (value, weight, student_id, subject_id, teacher_id) VALUES ('6','1','70','17','17');
INSERT INTO "grades" (value, weight, student_id, subject_id, teacher_id) VALUES ('6','3','29','14','38');
INSERT INTO "grades" (value, weight, student_id, subject_id, teacher_id) VALUES ('4+','2','61','10','10');
INSERT INTO "grades" (value, weight, student_id, subject_id, teacher_id) VALUES ('6','1','64','16','39');
INSERT INTO "grades" (value, weight, student_id, subject_id, teacher_id) VALUES ('6','2','11','15','15');
INSERT INTO "grades" (value, weight, student_id, subject_id, teacher_id) VALUES ('2+','1','33','9','13');
INSERT INTO "grades" (value, weight, student_id, subject_id, teacher_id) VALUES ('6','2','38','1','6');
INSERT INTO "grades" (value, weight, student_id, subject_id, teacher_id) VALUES ('2+','2','104','19','28');
INSERT INTO "grades" (value, weight, student_id, subject_id, teacher_id) VALUES ('6','1','105','12','35');
INSERT INTO "grades" (value, weight, student_id, subject_id, teacher_id) VALUES ('3-','2','99','8','8');
INSERT INTO "grades" (value, weight, student_id, subject_id, teacher_id) VALUES ('1+','2','11','8','8');
INSERT INTO "grades" (value, weight, student_id, subject_id, teacher_id) VALUES ('6-','2','97','5','40');
INSERT INTO "grades" (value, weight, student_id, subject_id, teacher_id) VALUES ('4+','3','7','13','1');
INSERT INTO "grades" (value, weight, student_id, subject_id, teacher_id) VALUES ('4-','1','88','5','38');
INSERT INTO "grades" (value, weight, student_id, subject_id, teacher_id) VALUES ('4+','1','65','5','19');
INSERT INTO "grades" (value, weight, student_id, subject_id, teacher_id) VALUES ('1','2','116','4','17');
INSERT INTO "grades" (value, weight, student_id, subject_id, teacher_id) VALUES ('3-','2','79','8','16');
INSERT INTO "grades" (value, weight, student_id, subject_id, teacher_id) VALUES ('2+','1','7','1','6');
INSERT INTO "grades" (value, weight, student_id, subject_id, teacher_id) VALUES ('5','1','112','14','21');
INSERT INTO "grades" (value, weight, student_id, subject_id, teacher_id) VALUES ('6','3','91','5','18');
INSERT INTO "grades" (value, weight, student_id, subject_id, teacher_id) VALUES ('6-','1','89','15','15');
INSERT INTO "grades" (value, weight, student_id, subject_id, teacher_id) VALUES ('6','2','30','1','20');
INSERT INTO "grades" (value, weight, student_id, subject_id, teacher_id) VALUES ('5+','1','64','1','23');
INSERT INTO "grades" (value, weight, student_id, subject_id, teacher_id) VALUES ('3-','2','93','17','17');
INSERT INTO "grades" (value, weight, student_id, subject_id, teacher_id) VALUES ('4-','3','10','13','15');
INSERT INTO "grades" (value, weight, student_id, subject_id, teacher_id) VALUES ('3+','3','53','18','29');
INSERT INTO "grades" (value, weight, student_id, subject_id, teacher_id) VALUES ('3','1','6','8','16');
INSERT INTO "grades" (value, weight, student_id, subject_id, teacher_id) VALUES ('2+','3','3','19','14');
INSERT INTO "grades" (value, weight, student_id, subject_id, teacher_id) VALUES ('1','1','105','2','24');
INSERT INTO "grades" (value, weight, student_id, subject_id, teacher_id) VALUES ('2','1','73','8','8');
INSERT INTO "grades" (value, weight, student_id, subject_id, teacher_id) VALUES ('1+','1','105','9','13');
INSERT INTO "grades" (value, weight, student_id, subject_id, teacher_id) VALUES ('3-','3','39','16','7');
INSERT INTO "grades" (value, weight, student_id, subject_id, teacher_id) VALUES ('4+','2','112','18','36');
INSERT INTO "grades" (value, weight, student_id, subject_id, teacher_id) VALUES ('6-','2','21','3','20');
INSERT INTO "grades" (value, weight, student_id, subject_id, teacher_id) VALUES ('3+','2','49','3','42');
INSERT INTO "grades" (value, weight, student_id, subject_id, teacher_id) VALUES ('1+','1','86','3','20');
INSERT INTO "grades" (value, weight, student_id, subject_id, teacher_id) VALUES ('1+','2','15','18','14');
INSERT INTO "grades" (value, weight, student_id, subject_id, teacher_id) VALUES ('4','3','76','5','19');
INSERT INTO "grades" (value, weight, student_id, subject_id, teacher_id) VALUES ('1+','2','78','10','10');
INSERT INTO "grades" (value, weight, student_id, subject_id, teacher_id) VALUES ('4-','3','29','1','6');
INSERT INTO "grades" (value, weight, student_id, subject_id, teacher_id) VALUES ('6','2','108','11','41');
INSERT INTO "grades" (value, weight, student_id, subject_id, teacher_id) VALUES ('5+','2','98','5','33');
INSERT INTO "grades" (value, weight, student_id, subject_id, teacher_id) VALUES ('4+','3','9','16','28');
INSERT INTO "grades" (value, weight, student_id, subject_id, teacher_id) VALUES ('6','1','76','6','7');
INSERT INTO "grades" (value, weight, student_id, subject_id, teacher_id) VALUES ('2','1','97','13','15');
INSERT INTO "grades" (value, weight, student_id, subject_id, teacher_id) VALUES ('5-','3','56','16','7');
INSERT INTO "grades" (value, weight, student_id, subject_id, teacher_id) VALUES ('4+','3','29','15','25');
INSERT INTO "grades" (value, weight, student_id, subject_id, teacher_id) VALUES ('4+','3','12','3','40');
INSERT INTO "grades" (value, weight, student_id, subject_id, teacher_id) VALUES ('3+','1','43','7','37');
INSERT INTO "grades" (value, weight, student_id, subject_id, teacher_id) VALUES ('1','3','103','1','20');
INSERT INTO "grades" (value, weight, student_id, subject_id, teacher_id) VALUES ('4+','2','80','1','23');
INSERT INTO "grades" (value, weight, student_id, subject_id, teacher_id) VALUES ('5','3','48','19','28');
INSERT INTO "grades" (value, weight, student_id, subject_id, teacher_id) VALUES ('2+','1','112','4','7');
INSERT INTO "grades" (value, weight, student_id, subject_id, teacher_id) VALUES ('2+','2','34','17','13');
INSERT INTO "grades" (value, weight, student_id, subject_id, teacher_id) VALUES ('6','2','89','6','32');
INSERT INTO "grades" (value, weight, student_id, subject_id, teacher_id) VALUES ('4','2','95','2','15');
INSERT INTO "grades" (value, weight, student_id, subject_id, teacher_id) VALUES ('1','3','42','6','7');
INSERT INTO "grades" (value, weight, student_id, subject_id, teacher_id) VALUES ('1+','2','89','11','42');
INSERT INTO "grades" (value, weight, student_id, subject_id, teacher_id) VALUES ('6','3','102','1','12');
INSERT INTO "grades" (value, weight, student_id, subject_id, teacher_id) VALUES ('6','1','109','10','35');
INSERT INTO "grades" (value, weight, student_id, subject_id, teacher_id) VALUES ('5+','3','90','5','19');
INSERT INTO "grades" (value, weight, student_id, subject_id, teacher_id) VALUES ('5-','2','45','8','8');
INSERT INTO "grades" (value, weight, student_id, subject_id, teacher_id) VALUES ('1+','1','88','3','42');
INSERT INTO "grades" (value, weight, student_id, subject_id, teacher_id) VALUES ('2-','3','116','3','20');
INSERT INTO "grades" (value, weight, student_id, subject_id, teacher_id) VALUES ('2+','2','119','17','13');
INSERT INTO "grades" (value, weight, student_id, subject_id, teacher_id) VALUES ('1+','2','61','4','26');

INSERT INTO "teachers_groups_subjects" (teacher_id, subject_id, group_id) VALUES ('12','2','1');
INSERT INTO "teachers_groups_subjects" (teacher_id, subject_id, group_id) VALUES ('20','3','1');
INSERT INTO "teachers_groups_subjects" (teacher_id, subject_id, group_id) VALUES ('8','8','1');
INSERT INTO "teachers_groups_subjects" (teacher_id, subject_id, group_id) VALUES ('13','9','1');
INSERT INTO "teachers_groups_subjects" (teacher_id, subject_id, group_id) VALUES ('10','10','1');
INSERT INTO "teachers_groups_subjects" (teacher_id, subject_id, group_id) VALUES ('1','13','1');
INSERT INTO "teachers_groups_subjects" (teacher_id, subject_id, group_id) VALUES ('15','14','1');
INSERT INTO "teachers_groups_subjects" (teacher_id, subject_id, group_id) VALUES ('36','18','1');
INSERT INTO "teachers_groups_subjects" (teacher_id, subject_id, group_id) VALUES ('6','1','2');
INSERT INTO "teachers_groups_subjects" (teacher_id, subject_id, group_id) VALUES ('7','4','2');
INSERT INTO "teachers_groups_subjects" (teacher_id, subject_id, group_id) VALUES ('7','6','2');
INSERT INTO "teachers_groups_subjects" (teacher_id, subject_id, group_id) VALUES ('16','8','2');
INSERT INTO "teachers_groups_subjects" (teacher_id, subject_id, group_id) VALUES ('40','10','2');
INSERT INTO "teachers_groups_subjects" (teacher_id, subject_id, group_id) VALUES ('11','14','2');
INSERT INTO "teachers_groups_subjects" (teacher_id, subject_id, group_id) VALUES ('28','16','2');
INSERT INTO "teachers_groups_subjects" (teacher_id, subject_id, group_id) VALUES ('22','18','2');
INSERT INTO "teachers_groups_subjects" (teacher_id, subject_id, group_id) VALUES ('1','1','3');
INSERT INTO "teachers_groups_subjects" (teacher_id, subject_id, group_id) VALUES ('7','6','3');
INSERT INTO "teachers_groups_subjects" (teacher_id, subject_id, group_id) VALUES ('19','11','3');
INSERT INTO "teachers_groups_subjects" (teacher_id, subject_id, group_id) VALUES ('2','14','3');
INSERT INTO "teachers_groups_subjects" (teacher_id, subject_id, group_id) VALUES ('15','15','3');
INSERT INTO "teachers_groups_subjects" (teacher_id, subject_id, group_id) VALUES ('17','17','3');
INSERT INTO "teachers_groups_subjects" (teacher_id, subject_id, group_id) VALUES ('22','18','3');
INSERT INTO "teachers_groups_subjects" (teacher_id, subject_id, group_id) VALUES ('3','20','3');
INSERT INTO "teachers_groups_subjects" (teacher_id, subject_id, group_id) VALUES ('6','1','4');
INSERT INTO "teachers_groups_subjects" (teacher_id, subject_id, group_id) VALUES ('38','5','4');
INSERT INTO "teachers_groups_subjects" (teacher_id, subject_id, group_id) VALUES ('36','9','4');
INSERT INTO "teachers_groups_subjects" (teacher_id, subject_id, group_id) VALUES ('28','13','4');
INSERT INTO "teachers_groups_subjects" (teacher_id, subject_id, group_id) VALUES ('11','14','4');
INSERT INTO "teachers_groups_subjects" (teacher_id, subject_id, group_id) VALUES ('25','15','4');
INSERT INTO "teachers_groups_subjects" (teacher_id, subject_id, group_id) VALUES ('45','18','4');
INSERT INTO "teachers_groups_subjects" (teacher_id, subject_id, group_id) VALUES ('28','19','4');
INSERT INTO "teachers_groups_subjects" (teacher_id, subject_id, group_id) VALUES ('12','1','5');
INSERT INTO "teachers_groups_subjects" (teacher_id, subject_id, group_id) VALUES ('36','4','5');
INSERT INTO "teachers_groups_subjects" (teacher_id, subject_id, group_id) VALUES ('19','5','5');
INSERT INTO "teachers_groups_subjects" (teacher_id, subject_id, group_id) VALUES ('7','6','5');
INSERT INTO "teachers_groups_subjects" (teacher_id, subject_id, group_id) VALUES ('11','15','5');
INSERT INTO "teachers_groups_subjects" (teacher_id, subject_id, group_id) VALUES ('7','16','5');
INSERT INTO "teachers_groups_subjects" (teacher_id, subject_id, group_id) VALUES ('3','17','5');
INSERT INTO "teachers_groups_subjects" (teacher_id, subject_id, group_id) VALUES ('45','18','5');
INSERT INTO "teachers_groups_subjects" (teacher_id, subject_id, group_id) VALUES ('12','1','6');
INSERT INTO "teachers_groups_subjects" (teacher_id, subject_id, group_id) VALUES ('26','4','6');
INSERT INTO "teachers_groups_subjects" (teacher_id, subject_id, group_id) VALUES ('16','8','6');
INSERT INTO "teachers_groups_subjects" (teacher_id, subject_id, group_id) VALUES ('10','10','6');
INSERT INTO "teachers_groups_subjects" (teacher_id, subject_id, group_id) VALUES ('42','11','6');
INSERT INTO "teachers_groups_subjects" (teacher_id, subject_id, group_id) VALUES ('15','13','6');
INSERT INTO "teachers_groups_subjects" (teacher_id, subject_id, group_id) VALUES ('13','17','6');
INSERT INTO "teachers_groups_subjects" (teacher_id, subject_id, group_id) VALUES ('29','18','6');
INSERT INTO "teachers_groups_subjects" (teacher_id, subject_id, group_id) VALUES ('7','1','7');
INSERT INTO "teachers_groups_subjects" (teacher_id, subject_id, group_id) VALUES ('42','3','7');
INSERT INTO "teachers_groups_subjects" (teacher_id, subject_id, group_id) VALUES ('38','5','7');
INSERT INTO "teachers_groups_subjects" (teacher_id, subject_id, group_id) VALUES ('43','8','7');
INSERT INTO "teachers_groups_subjects" (teacher_id, subject_id, group_id) VALUES ('8','11','7');
INSERT INTO "teachers_groups_subjects" (teacher_id, subject_id, group_id) VALUES ('15','15','7');
INSERT INTO "teachers_groups_subjects" (teacher_id, subject_id, group_id) VALUES ('3','17','7');
INSERT INTO "teachers_groups_subjects" (teacher_id, subject_id, group_id) VALUES ('14','18','7');
INSERT INTO "teachers_groups_subjects" (teacher_id, subject_id, group_id) VALUES ('24','2','8');
INSERT INTO "teachers_groups_subjects" (teacher_id, subject_id, group_id) VALUES ('18','5','8');
INSERT INTO "teachers_groups_subjects" (teacher_id, subject_id, group_id) VALUES ('10','10','8');
INSERT INTO "teachers_groups_subjects" (teacher_id, subject_id, group_id) VALUES ('19','11','8');
INSERT INTO "teachers_groups_subjects" (teacher_id, subject_id, group_id) VALUES ('9','12','8');
INSERT INTO "teachers_groups_subjects" (teacher_id, subject_id, group_id) VALUES ('1','13','8');
INSERT INTO "teachers_groups_subjects" (teacher_id, subject_id, group_id) VALUES ('7','16','8');
INSERT INTO "teachers_groups_subjects" (teacher_id, subject_id, group_id) VALUES ('14','18','8');
INSERT INTO "teachers_groups_subjects" (teacher_id, subject_id, group_id) VALUES ('20','1','9');
INSERT INTO "teachers_groups_subjects" (teacher_id, subject_id, group_id) VALUES ('12','2','9');
INSERT INTO "teachers_groups_subjects" (teacher_id, subject_id, group_id) VALUES ('42','3','9');
INSERT INTO "teachers_groups_subjects" (teacher_id, subject_id, group_id) VALUES ('19','5','9');
INSERT INTO "teachers_groups_subjects" (teacher_id, subject_id, group_id) VALUES ('31','7','9');
INSERT INTO "teachers_groups_subjects" (teacher_id, subject_id, group_id) VALUES ('18','8','9');
INSERT INTO "teachers_groups_subjects" (teacher_id, subject_id, group_id) VALUES ('13','9','9');
INSERT INTO "teachers_groups_subjects" (teacher_id, subject_id, group_id) VALUES ('9','12','9');
INSERT INTO "teachers_groups_subjects" (teacher_id, subject_id, group_id) VALUES ('6','1','10');
INSERT INTO "teachers_groups_subjects" (teacher_id, subject_id, group_id) VALUES ('38','5','10');
INSERT INTO "teachers_groups_subjects" (teacher_id, subject_id, group_id) VALUES ('31','7','10');
INSERT INTO "teachers_groups_subjects" (teacher_id, subject_id, group_id) VALUES ('13','9','10');
INSERT INTO "teachers_groups_subjects" (teacher_id, subject_id, group_id) VALUES ('40','10','10');
INSERT INTO "teachers_groups_subjects" (teacher_id, subject_id, group_id) VALUES ('19','11','10');
INSERT INTO "teachers_groups_subjects" (teacher_id, subject_id, group_id) VALUES ('15','15','10');
INSERT INTO "teachers_groups_subjects" (teacher_id, subject_id, group_id) VALUES ('36','18','10');
INSERT INTO "teachers_groups_subjects" (teacher_id, subject_id, group_id) VALUES ('38','5','11');
INSERT INTO "teachers_groups_subjects" (teacher_id, subject_id, group_id) VALUES ('41','11','11');
INSERT INTO "teachers_groups_subjects" (teacher_id, subject_id, group_id) VALUES ('9','12','11');
INSERT INTO "teachers_groups_subjects" (teacher_id, subject_id, group_id) VALUES ('1','13','11');
INSERT INTO "teachers_groups_subjects" (teacher_id, subject_id, group_id) VALUES ('35','15','11');
INSERT INTO "teachers_groups_subjects" (teacher_id, subject_id, group_id) VALUES ('7','16','11');
INSERT INTO "teachers_groups_subjects" (teacher_id, subject_id, group_id) VALUES ('14','18','11');
INSERT INTO "teachers_groups_subjects" (teacher_id, subject_id, group_id) VALUES ('28','19','11');
INSERT INTO "teachers_groups_subjects" (teacher_id, subject_id, group_id) VALUES ('1','1','12');
INSERT INTO "teachers_groups_subjects" (teacher_id, subject_id, group_id) VALUES ('7','4','12');
INSERT INTO "teachers_groups_subjects" (teacher_id, subject_id, group_id) VALUES ('33','5','12');
INSERT INTO "teachers_groups_subjects" (teacher_id, subject_id, group_id) VALUES ('32','6','12');
INSERT INTO "teachers_groups_subjects" (teacher_id, subject_id, group_id) VALUES ('37','7','12');
INSERT INTO "teachers_groups_subjects" (teacher_id, subject_id, group_id) VALUES ('19','11','12');
INSERT INTO "teachers_groups_subjects" (teacher_id, subject_id, group_id) VALUES ('15','14','12');
INSERT INTO "teachers_groups_subjects" (teacher_id, subject_id, group_id) VALUES ('3','20','12');
INSERT INTO "teachers_groups_subjects" (teacher_id, subject_id, group_id) VALUES ('39','1','13');
INSERT INTO "teachers_groups_subjects" (teacher_id, subject_id, group_id) VALUES ('5','4','13');
INSERT INTO "teachers_groups_subjects" (teacher_id, subject_id, group_id) VALUES ('16','8','13');
INSERT INTO "teachers_groups_subjects" (teacher_id, subject_id, group_id) VALUES ('41','11','13');
INSERT INTO "teachers_groups_subjects" (teacher_id, subject_id, group_id) VALUES ('35','12','13');
INSERT INTO "teachers_groups_subjects" (teacher_id, subject_id, group_id) VALUES ('21','14','13');
INSERT INTO "teachers_groups_subjects" (teacher_id, subject_id, group_id) VALUES ('11','15','13');
INSERT INTO "teachers_groups_subjects" (teacher_id, subject_id, group_id) VALUES ('13','17','13');
INSERT INTO "teachers_groups_subjects" (teacher_id, subject_id, group_id) VALUES ('7','1','14');
INSERT INTO "teachers_groups_subjects" (teacher_id, subject_id, group_id) VALUES ('40','3','14');
INSERT INTO "teachers_groups_subjects" (teacher_id, subject_id, group_id) VALUES ('33','5','14');
INSERT INTO "teachers_groups_subjects" (teacher_id, subject_id, group_id) VALUES ('36','9','14');
INSERT INTO "teachers_groups_subjects" (teacher_id, subject_id, group_id) VALUES ('2','14','14');
INSERT INTO "teachers_groups_subjects" (teacher_id, subject_id, group_id) VALUES ('15','15','14');
INSERT INTO "teachers_groups_subjects" (teacher_id, subject_id, group_id) VALUES ('14','18','14');
INSERT INTO "teachers_groups_subjects" (teacher_id, subject_id, group_id) VALUES ('3','20','14');
INSERT INTO "teachers_groups_subjects" (teacher_id, subject_id, group_id) VALUES ('7','1','15');
INSERT INTO "teachers_groups_subjects" (teacher_id, subject_id, group_id) VALUES ('24','2','15');
INSERT INTO "teachers_groups_subjects" (teacher_id, subject_id, group_id) VALUES ('17','4','15');
INSERT INTO "teachers_groups_subjects" (teacher_id, subject_id, group_id) VALUES ('40','5','15');
INSERT INTO "teachers_groups_subjects" (teacher_id, subject_id, group_id) VALUES ('38','14','15');
INSERT INTO "teachers_groups_subjects" (teacher_id, subject_id, group_id) VALUES ('28','16','15');
INSERT INTO "teachers_groups_subjects" (teacher_id, subject_id, group_id) VALUES ('13','17','15');
INSERT INTO "teachers_groups_subjects" (teacher_id, subject_id, group_id) VALUES ('14','19','15');
INSERT INTO "teachers_groups_subjects" (teacher_id, subject_id, group_id) VALUES ('1','1','16');
INSERT INTO "teachers_groups_subjects" (teacher_id, subject_id, group_id) VALUES ('17','4','16');
INSERT INTO "teachers_groups_subjects" (teacher_id, subject_id, group_id) VALUES ('19','5','16');
INSERT INTO "teachers_groups_subjects" (teacher_id, subject_id, group_id) VALUES ('13','9','16');
INSERT INTO "teachers_groups_subjects" (teacher_id, subject_id, group_id) VALUES ('41','11','16');
INSERT INTO "teachers_groups_subjects" (teacher_id, subject_id, group_id) VALUES ('28','13','16');
INSERT INTO "teachers_groups_subjects" (teacher_id, subject_id, group_id) VALUES ('2','14','16');
INSERT INTO "teachers_groups_subjects" (teacher_id, subject_id, group_id) VALUES ('11','15','16');
INSERT INTO "teachers_groups_subjects" (teacher_id, subject_id, group_id) VALUES ('12','1','17');
INSERT INTO "teachers_groups_subjects" (teacher_id, subject_id, group_id) VALUES ('37','7','17');
INSERT INTO "teachers_groups_subjects" (teacher_id, subject_id, group_id) VALUES ('37','8','17');
INSERT INTO "teachers_groups_subjects" (teacher_id, subject_id, group_id) VALUES ('16','9','17');
INSERT INTO "teachers_groups_subjects" (teacher_id, subject_id, group_id) VALUES ('42','11','17');
INSERT INTO "teachers_groups_subjects" (teacher_id, subject_id, group_id) VALUES ('28','16','17');
INSERT INTO "teachers_groups_subjects" (teacher_id, subject_id, group_id) VALUES ('13','17','17');
INSERT INTO "teachers_groups_subjects" (teacher_id, subject_id, group_id) VALUES ('14','19','17');
INSERT INTO "teachers_groups_subjects" (teacher_id, subject_id, group_id) VALUES ('12','1','18');
INSERT INTO "teachers_groups_subjects" (teacher_id, subject_id, group_id) VALUES ('24','2','18');
INSERT INTO "teachers_groups_subjects" (teacher_id, subject_id, group_id) VALUES ('5','4','18');
INSERT INTO "teachers_groups_subjects" (teacher_id, subject_id, group_id) VALUES ('31','7','18');
INSERT INTO "teachers_groups_subjects" (teacher_id, subject_id, group_id) VALUES ('16','8','18');
INSERT INTO "teachers_groups_subjects" (teacher_id, subject_id, group_id) VALUES ('11','15','18');
INSERT INTO "teachers_groups_subjects" (teacher_id, subject_id, group_id) VALUES ('28','16','18');
INSERT INTO "teachers_groups_subjects" (teacher_id, subject_id, group_id) VALUES ('14','18','18');
INSERT INTO "teachers_groups_subjects" (teacher_id, subject_id, group_id) VALUES ('7','1','19');
INSERT INTO "teachers_groups_subjects" (teacher_id, subject_id, group_id) VALUES ('20','3','19');
INSERT INTO "teachers_groups_subjects" (teacher_id, subject_id, group_id) VALUES ('5','4','19');
INSERT INTO "teachers_groups_subjects" (teacher_id, subject_id, group_id) VALUES ('7','6','19');
INSERT INTO "teachers_groups_subjects" (teacher_id, subject_id, group_id) VALUES ('18','8','19');
INSERT INTO "teachers_groups_subjects" (teacher_id, subject_id, group_id) VALUES ('35','10','19');
INSERT INTO "teachers_groups_subjects" (teacher_id, subject_id, group_id) VALUES ('19','11','19');
INSERT INTO "teachers_groups_subjects" (teacher_id, subject_id, group_id) VALUES ('28','16','19');
INSERT INTO "teachers_groups_subjects" (teacher_id, subject_id, group_id) VALUES ('7','1','20');
INSERT INTO "teachers_groups_subjects" (teacher_id, subject_id, group_id) VALUES ('42','3','20');
INSERT INTO "teachers_groups_subjects" (teacher_id, subject_id, group_id) VALUES ('17','4','20');
INSERT INTO "teachers_groups_subjects" (teacher_id, subject_id, group_id) VALUES ('43','8','20');
INSERT INTO "teachers_groups_subjects" (teacher_id, subject_id, group_id) VALUES ('10','10','20');
INSERT INTO "teachers_groups_subjects" (teacher_id, subject_id, group_id) VALUES ('8','11','20');
INSERT INTO "teachers_groups_subjects" (teacher_id, subject_id, group_id) VALUES ('15','13','20');
INSERT INTO "teachers_groups_subjects" (teacher_id, subject_id, group_id) VALUES ('11','15','20');

INSERT INTO "absences" (lesson_id,student_id,absence_type) VALUES ('53','33','O');
INSERT INTO "absences" (lesson_id,student_id,absence_type) VALUES ('52','33','O');
INSERT INTO "absences" (lesson_id,student_id,absence_type) VALUES ('51','33','O');
INSERT INTO "absences" (lesson_id,student_id,absence_type) VALUES ('30','33','O');
INSERT INTO "absences" (lesson_id,student_id,absence_type) VALUES ('53','100','O');
INSERT INTO "absences" (lesson_id,student_id,absence_type) VALUES ('52','100','O');
INSERT INTO "absences" (lesson_id,student_id,absence_type) VALUES ('51','100','O');
INSERT INTO "absences" (lesson_id,student_id,absence_type) VALUES ('30','100','O');
INSERT INTO "absences" (lesson_id,student_id,absence_type) VALUES ('53','89','O');
INSERT INTO "absences" (lesson_id,student_id,absence_type) VALUES ('52','89','O');
INSERT INTO "absences" (lesson_id,student_id,absence_type) VALUES ('51','89','O');
INSERT INTO "absences" (lesson_id,student_id,absence_type) VALUES ('30','89','O');
INSERT INTO "absences" (lesson_id,student_id,absence_type) VALUES ('53','49','O');
INSERT INTO "absences" (lesson_id,student_id,absence_type) VALUES ('52','49','O');
INSERT INTO "absences" (lesson_id,student_id,absence_type) VALUES ('51','49','O');
INSERT INTO "absences" (lesson_id,student_id,absence_type) VALUES ('30','49','O');
INSERT INTO "absences" (lesson_id,student_id,absence_type) VALUES ('53','5','O');
INSERT INTO "absences" (lesson_id,student_id,absence_type) VALUES ('52','5','O');
INSERT INTO "absences" (lesson_id,student_id,absence_type) VALUES ('51','5','O');
INSERT INTO "absences" (lesson_id,student_id,absence_type) VALUES ('30','5','O');
INSERT INTO "absences" (lesson_id,student_id,absence_type) VALUES ('53','80','O');
INSERT INTO "absences" (lesson_id,student_id,absence_type) VALUES ('52','80','O');
INSERT INTO "absences" (lesson_id,student_id,absence_type) VALUES ('51','80','O');
INSERT INTO "absences" (lesson_id,student_id,absence_type) VALUES ('30','80','O');
INSERT INTO "absences" (lesson_id,student_id,absence_type) VALUES ('53','84','O');
INSERT INTO "absences" (lesson_id,student_id,absence_type) VALUES ('52','84','O');
INSERT INTO "absences" (lesson_id,student_id,absence_type) VALUES ('51','84','O');
INSERT INTO "absences" (lesson_id,student_id,absence_type) VALUES ('30','84','O');
INSERT INTO "absences" (lesson_id,student_id,absence_type) VALUES ('53','29','O');
INSERT INTO "absences" (lesson_id,student_id,absence_type) VALUES ('52','29','O');
INSERT INTO "absences" (lesson_id,student_id,absence_type) VALUES ('51','29','O');
INSERT INTO "absences" (lesson_id,student_id,absence_type) VALUES ('30','29','O');
INSERT INTO "absences" (lesson_id,student_id,absence_type) VALUES ('56','28','O');
INSERT INTO "absences" (lesson_id,student_id,absence_type) VALUES ('55','28','O');
INSERT INTO "absences" (lesson_id,student_id,absence_type) VALUES ('54','28','O');
INSERT INTO "absences" (lesson_id,student_id,absence_type) VALUES ('32','28','O');
INSERT INTO "absences" (lesson_id,student_id,absence_type) VALUES ('56','111','O');
INSERT INTO "absences" (lesson_id,student_id,absence_type) VALUES ('55','111','O');
INSERT INTO "absences" (lesson_id,student_id,absence_type) VALUES ('54','111','O');
INSERT INTO "absences" (lesson_id,student_id,absence_type) VALUES ('32','111','O');
INSERT INTO "absences" (lesson_id,student_id,absence_type) VALUES ('56','105','O');
INSERT INTO "absences" (lesson_id,student_id,absence_type) VALUES ('55','105','O');
INSERT INTO "absences" (lesson_id,student_id,absence_type) VALUES ('54','105','O');
INSERT INTO "absences" (lesson_id,student_id,absence_type) VALUES ('32','105','O');
INSERT INTO "absences" (lesson_id,student_id,absence_type) VALUES ('56','15','O');
INSERT INTO "absences" (lesson_id,student_id,absence_type) VALUES ('55','15','O');
INSERT INTO "absences" (lesson_id,student_id,absence_type) VALUES ('54','15','O');
INSERT INTO "absences" (lesson_id,student_id,absence_type) VALUES ('32','15','O');
INSERT INTO "absences" (lesson_id,student_id,absence_type) VALUES ('56','59','O');
INSERT INTO "absences" (lesson_id,student_id,absence_type) VALUES ('55','59','O');
INSERT INTO "absences" (lesson_id,student_id,absence_type) VALUES ('54','59','O');
INSERT INTO "absences" (lesson_id,student_id,absence_type) VALUES ('32','59','O');
INSERT INTO "absences" (lesson_id,student_id,absence_type) VALUES ('56','39','O');
INSERT INTO "absences" (lesson_id,student_id,absence_type) VALUES ('55','39','O');
INSERT INTO "absences" (lesson_id,student_id,absence_type) VALUES ('54','39','O');
INSERT INTO "absences" (lesson_id,student_id,absence_type) VALUES ('32','39','O');
INSERT INTO "absences" (lesson_id,student_id,absence_type) VALUES ('57','48','O');
INSERT INTO "absences" (lesson_id,student_id,absence_type) VALUES ('26','48','O');
INSERT INTO "absences" (lesson_id,student_id,absence_type) VALUES ('21','48','O');
INSERT INTO "absences" (lesson_id,student_id,absence_type) VALUES ('4','48','O');
INSERT INTO "absences" (lesson_id,student_id,absence_type) VALUES ('3','48','O');
INSERT INTO "absences" (lesson_id,student_id,absence_type) VALUES ('57','97','O');
INSERT INTO "absences" (lesson_id,student_id,absence_type) VALUES ('26','97','O');
INSERT INTO "absences" (lesson_id,student_id,absence_type) VALUES ('21','97','O');
INSERT INTO "absences" (lesson_id,student_id,absence_type) VALUES ('4','97','O');
INSERT INTO "absences" (lesson_id,student_id,absence_type) VALUES ('3','97','O');
INSERT INTO "absences" (lesson_id,student_id,absence_type) VALUES ('57','17','O');
INSERT INTO "absences" (lesson_id,student_id,absence_type) VALUES ('26','17','O');
INSERT INTO "absences" (lesson_id,student_id,absence_type) VALUES ('21','17','O');
INSERT INTO "absences" (lesson_id,student_id,absence_type) VALUES ('4','17','O');
INSERT INTO "absences" (lesson_id,student_id,absence_type) VALUES ('3','17','O');
INSERT INTO "absences" (lesson_id,student_id,absence_type) VALUES ('57','43','O');
INSERT INTO "absences" (lesson_id,student_id,absence_type) VALUES ('26','43','O');
INSERT INTO "absences" (lesson_id,student_id,absence_type) VALUES ('21','43','O');
INSERT INTO "absences" (lesson_id,student_id,absence_type) VALUES ('4','43','O');
INSERT INTO "absences" (lesson_id,student_id,absence_type) VALUES ('3','43','O');
INSERT INTO "absences" (lesson_id,student_id,absence_type) VALUES ('58','27','O');
INSERT INTO "absences" (lesson_id,student_id,absence_type) VALUES ('44','27','O');
INSERT INTO "absences" (lesson_id,student_id,absence_type) VALUES ('34','27','O');
INSERT INTO "absences" (lesson_id,student_id,absence_type) VALUES ('58','120','O');
INSERT INTO "absences" (lesson_id,student_id,absence_type) VALUES ('44','120','O');
INSERT INTO "absences" (lesson_id,student_id,absence_type) VALUES ('34','120','O');
INSERT INTO "absences" (lesson_id,student_id,absence_type) VALUES ('58','44','O');
INSERT INTO "absences" (lesson_id,student_id,absence_type) VALUES ('44','44','O');
INSERT INTO "absences" (lesson_id,student_id,absence_type) VALUES ('34','44','O');
INSERT INTO "absences" (lesson_id,student_id,absence_type) VALUES ('58','119','O');
INSERT INTO "absences" (lesson_id,student_id,absence_type) VALUES ('44','119','O');
INSERT INTO "absences" (lesson_id,student_id,absence_type) VALUES ('34','119','O');
INSERT INTO "absences" (lesson_id,student_id,absence_type) VALUES ('58','99','O');
INSERT INTO "absences" (lesson_id,student_id,absence_type) VALUES ('44','99','O');
INSERT INTO "absences" (lesson_id,student_id,absence_type) VALUES ('34','99','O');
INSERT INTO "absences" (lesson_id,student_id,absence_type) VALUES ('58','114','O');
INSERT INTO "absences" (lesson_id,student_id,absence_type) VALUES ('44','114','O');
INSERT INTO "absences" (lesson_id,student_id,absence_type) VALUES ('34','114','O');
INSERT INTO "absences" (lesson_id,student_id,absence_type) VALUES ('58','6','O');
INSERT INTO "absences" (lesson_id,student_id,absence_type) VALUES ('44','6','O');
INSERT INTO "absences" (lesson_id,student_id,absence_type) VALUES ('34','6','O');
INSERT INTO "absences" (lesson_id,student_id,absence_type) VALUES ('58','76','O');
INSERT INTO "absences" (lesson_id,student_id,absence_type) VALUES ('44','76','O');
INSERT INTO "absences" (lesson_id,student_id,absence_type) VALUES ('34','76','O');
INSERT INTO "absences" (lesson_id,student_id,absence_type) VALUES ('58','70','O');
INSERT INTO "absences" (lesson_id,student_id,absence_type) VALUES ('44','70','O');
INSERT INTO "absences" (lesson_id,student_id,absence_type) VALUES ('34','70','O');
INSERT INTO "absences" (lesson_id,student_id,absence_type) VALUES ('59','61','O');
INSERT INTO "absences" (lesson_id,student_id,absence_type) VALUES ('41','61','O');
INSERT INTO "absences" (lesson_id,student_id,absence_type) VALUES ('35','61','O');
INSERT INTO "absences" (lesson_id,student_id,absence_type) VALUES ('11','61','O');
INSERT INTO "absences" (lesson_id,student_id,absence_type) VALUES ('59','4','O');
INSERT INTO "absences" (lesson_id,student_id,absence_type) VALUES ('41','4','O');
INSERT INTO "absences" (lesson_id,student_id,absence_type) VALUES ('35','4','O');
INSERT INTO "absences" (lesson_id,student_id,absence_type) VALUES ('11','4','O');
INSERT INTO "absences" (lesson_id,student_id,absence_type) VALUES ('59','24','O');
INSERT INTO "absences" (lesson_id,student_id,absence_type) VALUES ('41','24','O');
INSERT INTO "absences" (lesson_id,student_id,absence_type) VALUES ('35','24','O');
INSERT INTO "absences" (lesson_id,student_id,absence_type) VALUES ('11','24','O');
INSERT INTO "absences" (lesson_id,student_id,absence_type) VALUES ('59','51','O');
INSERT INTO "absences" (lesson_id,student_id,absence_type) VALUES ('41','51','O');
INSERT INTO "absences" (lesson_id,student_id,absence_type) VALUES ('35','51','O');
INSERT INTO "absences" (lesson_id,student_id,absence_type) VALUES ('11','51','O');
INSERT INTO "absences" (lesson_id,student_id,absence_type) VALUES ('59','57','O');
INSERT INTO "absences" (lesson_id,student_id,absence_type) VALUES ('41','57','O');
INSERT INTO "absences" (lesson_id,student_id,absence_type) VALUES ('35','57','O');
INSERT INTO "absences" (lesson_id,student_id,absence_type) VALUES ('11','57','O');
INSERT INTO "absences" (lesson_id,student_id,absence_type) VALUES ('59','81','O');
INSERT INTO "absences" (lesson_id,student_id,absence_type) VALUES ('41','81','O');
INSERT INTO "absences" (lesson_id,student_id,absence_type) VALUES ('35','81','O');
INSERT INTO "absences" (lesson_id,student_id,absence_type) VALUES ('11','81','O');
INSERT INTO "absences" (lesson_id,student_id,absence_type) VALUES ('59','98','O');
INSERT INTO "absences" (lesson_id,student_id,absence_type) VALUES ('41','98','O');
INSERT INTO "absences" (lesson_id,student_id,absence_type) VALUES ('35','98','O');
INSERT INTO "absences" (lesson_id,student_id,absence_type) VALUES ('11','98','O');
INSERT INTO "absences" (lesson_id,student_id,absence_type) VALUES ('59','102','O');
INSERT INTO "absences" (lesson_id,student_id,absence_type) VALUES ('41','102','O');
INSERT INTO "absences" (lesson_id,student_id,absence_type) VALUES ('35','102','O');
INSERT INTO "absences" (lesson_id,student_id,absence_type) VALUES ('11','102','O');
INSERT INTO "absences" (lesson_id,student_id,absence_type) VALUES ('47','68','O');
INSERT INTO "absences" (lesson_id,student_id,absence_type) VALUES ('40','68','O');
INSERT INTO "absences" (lesson_id,student_id,absence_type) VALUES ('47','3','O');
INSERT INTO "absences" (lesson_id,student_id,absence_type) VALUES ('40','3','O');
INSERT INTO "absences" (lesson_id,student_id,absence_type) VALUES ('47','116','O');
INSERT INTO "absences" (lesson_id,student_id,absence_type) VALUES ('40','116','O');
INSERT INTO "absences" (lesson_id,student_id,absence_type) VALUES ('47','47','O');
INSERT INTO "absences" (lesson_id,student_id,absence_type) VALUES ('40','47','O');
INSERT INTO "absences" (lesson_id,student_id,absence_type) VALUES ('47','31','O');
INSERT INTO "absences" (lesson_id,student_id,absence_type) VALUES ('40','31','O');
INSERT INTO "absences" (lesson_id,student_id,absence_type) VALUES ('47','72','O');
INSERT INTO "absences" (lesson_id,student_id,absence_type) VALUES ('40','72','O');
INSERT INTO "absences" (lesson_id,student_id,absence_type) VALUES ('7','23','O');
INSERT INTO "absences" (lesson_id,student_id,absence_type) VALUES ('7','96','O');
INSERT INTO "absences" (lesson_id,student_id,absence_type) VALUES ('7','77','O');
INSERT INTO "absences" (lesson_id,student_id,absence_type) VALUES ('7','95','O');
INSERT INTO "absences" (lesson_id,student_id,absence_type) VALUES ('7','56','S');
INSERT INTO "absences" (lesson_id,student_id,absence_type) VALUES ('7','18','S');
INSERT INTO "absences" (lesson_id,student_id,absence_type) VALUES ('7','115','S');
INSERT INTO "absences" (lesson_id,student_id,absence_type) VALUES ('43','19','S');
INSERT INTO "absences" (lesson_id,student_id,absence_type) VALUES ('29','19','S');
INSERT INTO "absences" (lesson_id,student_id,absence_type) VALUES ('43','32','S');
INSERT INTO "absences" (lesson_id,student_id,absence_type) VALUES ('29','32','S');
INSERT INTO "absences" (lesson_id,student_id,absence_type) VALUES ('43','104','S');
INSERT INTO "absences" (lesson_id,student_id,absence_type) VALUES ('29','104','S');
INSERT INTO "absences" (lesson_id,student_id,absence_type) VALUES ('48','106','S');
INSERT INTO "absences" (lesson_id,student_id,absence_type) VALUES ('8','106','S');
INSERT INTO "absences" (lesson_id,student_id,absence_type) VALUES ('48','86','S');
INSERT INTO "absences" (lesson_id,student_id,absence_type) VALUES ('8','86','S');
INSERT INTO "absences" (lesson_id,student_id,absence_type) VALUES ('48','52','S');
INSERT INTO "absences" (lesson_id,student_id,absence_type) VALUES ('8','52','S');
INSERT INTO "absences" (lesson_id,student_id,absence_type) VALUES ('48','26','S');
INSERT INTO "absences" (lesson_id,student_id,absence_type) VALUES ('8','26','S');
INSERT INTO "absences" (lesson_id,student_id,absence_type) VALUES ('48','7','S');
INSERT INTO "absences" (lesson_id,student_id,absence_type) VALUES ('8','7','S');
INSERT INTO "absences" (lesson_id,student_id,absence_type) VALUES ('48','34','S');
INSERT INTO "absences" (lesson_id,student_id,absence_type) VALUES ('8','34','S');
INSERT INTO "absences" (lesson_id,student_id,absence_type) VALUES ('46','58','S');
INSERT INTO "absences" (lesson_id,student_id,absence_type) VALUES ('39','58','S');
INSERT INTO "absences" (lesson_id,student_id,absence_type) VALUES ('38','58','S');
INSERT INTO "absences" (lesson_id,student_id,absence_type) VALUES ('37','58','S');
INSERT INTO "absences" (lesson_id,student_id,absence_type) VALUES ('23','58','S');
INSERT INTO "absences" (lesson_id,student_id,absence_type) VALUES ('20','58','S');
INSERT INTO "absences" (lesson_id,student_id,absence_type) VALUES ('46','50','S');
INSERT INTO "absences" (lesson_id,student_id,absence_type) VALUES ('39','50','S');
INSERT INTO "absences" (lesson_id,student_id,absence_type) VALUES ('38','50','S');
INSERT INTO "absences" (lesson_id,student_id,absence_type) VALUES ('37','50','S');
INSERT INTO "absences" (lesson_id,student_id,absence_type) VALUES ('23','50','S');
INSERT INTO "absences" (lesson_id,student_id,absence_type) VALUES ('20','50','S');
INSERT INTO "absences" (lesson_id,student_id,absence_type) VALUES ('46','88','S');
INSERT INTO "absences" (lesson_id,student_id,absence_type) VALUES ('39','88','S');
INSERT INTO "absences" (lesson_id,student_id,absence_type) VALUES ('38','88','S');
INSERT INTO "absences" (lesson_id,student_id,absence_type) VALUES ('37','88','S');
INSERT INTO "absences" (lesson_id,student_id,absence_type) VALUES ('23','88','N');
INSERT INTO "absences" (lesson_id,student_id,absence_type) VALUES ('20','88','N');
INSERT INTO "absences" (lesson_id,student_id,absence_type) VALUES ('46','42','N');
INSERT INTO "absences" (lesson_id,student_id,absence_type) VALUES ('39','42','N');
INSERT INTO "absences" (lesson_id,student_id,absence_type) VALUES ('38','42','N');
INSERT INTO "absences" (lesson_id,student_id,absence_type) VALUES ('37','42','N');
INSERT INTO "absences" (lesson_id,student_id,absence_type) VALUES ('23','42','N');
INSERT INTO "absences" (lesson_id,student_id,absence_type) VALUES ('20','42','N');
INSERT INTO "absences" (lesson_id,student_id,absence_type) VALUES ('46','9','N');
INSERT INTO "absences" (lesson_id,student_id,absence_type) VALUES ('39','9','N');
INSERT INTO "absences" (lesson_id,student_id,absence_type) VALUES ('38','9','N');
INSERT INTO "absences" (lesson_id,student_id,absence_type) VALUES ('37','9','N');
INSERT INTO "absences" (lesson_id,student_id,absence_type) VALUES ('23','9','N');
INSERT INTO "absences" (lesson_id,student_id,absence_type) VALUES ('20','9','N');
INSERT INTO "absences" (lesson_id,student_id,absence_type) VALUES ('36','108','N');
INSERT INTO "absences" (lesson_id,student_id,absence_type) VALUES ('33','108','N');
INSERT INTO "absences" (lesson_id,student_id,absence_type) VALUES ('19','108','N');
INSERT INTO "absences" (lesson_id,student_id,absence_type) VALUES ('14','108','N');
INSERT INTO "absences" (lesson_id,student_id,absence_type) VALUES ('13','108','N');
INSERT INTO "absences" (lesson_id,student_id,absence_type) VALUES ('36','64','N');
INSERT INTO "absences" (lesson_id,student_id,absence_type) VALUES ('33','64','N');
INSERT INTO "absences" (lesson_id,student_id,absence_type) VALUES ('19','64','N');
INSERT INTO "absences" (lesson_id,student_id,absence_type) VALUES ('14','64','N');
INSERT INTO "absences" (lesson_id,student_id,absence_type) VALUES ('13','64','N');
INSERT INTO "absences" (lesson_id,student_id,absence_type) VALUES ('36','55','N');
INSERT INTO "absences" (lesson_id,student_id,absence_type) VALUES ('33','55','N');
INSERT INTO "absences" (lesson_id,student_id,absence_type) VALUES ('19','55','N');
INSERT INTO "absences" (lesson_id,student_id,absence_type) VALUES ('14','55','N');
INSERT INTO "absences" (lesson_id,student_id,absence_type) VALUES ('13','55','N');
INSERT INTO "absences" (lesson_id,student_id,absence_type) VALUES ('36','13','N');
INSERT INTO "absences" (lesson_id,student_id,absence_type) VALUES ('33','13','N');
INSERT INTO "absences" (lesson_id,student_id,absence_type) VALUES ('19','13','N');
INSERT INTO "absences" (lesson_id,student_id,absence_type) VALUES ('14','13','N');
INSERT INTO "absences" (lesson_id,student_id,absence_type) VALUES ('13','13','N');
INSERT INTO "absences" (lesson_id,student_id,absence_type) VALUES ('45','73','N');
INSERT INTO "absences" (lesson_id,student_id,absence_type) VALUES ('22','73','N');
INSERT INTO "absences" (lesson_id,student_id,absence_type) VALUES ('12','73','N');
INSERT INTO "absences" (lesson_id,student_id,absence_type) VALUES ('45','16','N');
INSERT INTO "absences" (lesson_id,student_id,absence_type) VALUES ('22','16','N');
INSERT INTO "absences" (lesson_id,student_id,absence_type) VALUES ('12','16','N');
INSERT INTO "absences" (lesson_id,student_id,absence_type) VALUES ('45','112','N');
INSERT INTO "absences" (lesson_id,student_id,absence_type) VALUES ('22','112','N');
INSERT INTO "absences" (lesson_id,student_id,absence_type) VALUES ('12','112','N');
INSERT INTO "absences" (lesson_id,student_id,absence_type) VALUES ('45','21','N');
INSERT INTO "absences" (lesson_id,student_id,absence_type) VALUES ('22','21','N');
INSERT INTO "absences" (lesson_id,student_id,absence_type) VALUES ('12','21','N');
INSERT INTO "absences" (lesson_id,student_id,absence_type) VALUES ('45','54','N');
INSERT INTO "absences" (lesson_id,student_id,absence_type) VALUES ('22','54','N');
INSERT INTO "absences" (lesson_id,student_id,absence_type) VALUES ('12','54','N');
INSERT INTO "absences" (lesson_id,student_id,absence_type) VALUES ('45','109','N');
INSERT INTO "absences" (lesson_id,student_id,absence_type) VALUES ('22','109','N');
INSERT INTO "absences" (lesson_id,student_id,absence_type) VALUES ('12','109','N');
INSERT INTO "absences" (lesson_id,student_id,absence_type) VALUES ('45','38','N');
INSERT INTO "absences" (lesson_id,student_id,absence_type) VALUES ('22','38','N');
INSERT INTO "absences" (lesson_id,student_id,absence_type) VALUES ('12','38','N');
INSERT INTO "absences" (lesson_id,student_id,absence_type) VALUES ('45','63','N');
INSERT INTO "absences" (lesson_id,student_id,absence_type) VALUES ('22','63','N');
INSERT INTO "absences" (lesson_id,student_id,absence_type) VALUES ('12','63','N');
INSERT INTO "absences" (lesson_id,student_id,absence_type) VALUES ('45','67','N');
INSERT INTO "absences" (lesson_id,student_id,absence_type) VALUES ('22','67','N');
INSERT INTO "absences" (lesson_id,student_id,absence_type) VALUES ('12','67','N');
INSERT INTO "absences" (lesson_id,student_id,absence_type) VALUES ('28','107','N');
INSERT INTO "absences" (lesson_id,student_id,absence_type) VALUES ('25','107','N');
INSERT INTO "absences" (lesson_id,student_id,absence_type) VALUES ('28','113','N');
INSERT INTO "absences" (lesson_id,student_id,absence_type) VALUES ('25','113','N');
INSERT INTO "absences" (lesson_id,student_id,absence_type) VALUES ('28','12','N');
INSERT INTO "absences" (lesson_id,student_id,absence_type) VALUES ('25','12','N');
INSERT INTO "absences" (lesson_id,student_id,absence_type) VALUES ('31','10','N');
INSERT INTO "absences" (lesson_id,student_id,absence_type) VALUES ('10','10','N');
INSERT INTO "absences" (lesson_id,student_id,absence_type) VALUES ('6','10','N');
INSERT INTO "absences" (lesson_id,student_id,absence_type) VALUES ('5','10','N');
INSERT INTO "absences" (lesson_id,student_id,absence_type) VALUES ('1','10','N');
INSERT INTO "absences" (lesson_id,student_id,absence_type) VALUES ('31','53','N');
INSERT INTO "absences" (lesson_id,student_id,absence_type) VALUES ('10','53','N');
INSERT INTO "absences" (lesson_id,student_id,absence_type) VALUES ('6','53','N');
INSERT INTO "absences" (lesson_id,student_id,absence_type) VALUES ('5','53','N');
INSERT INTO "absences" (lesson_id,student_id,absence_type) VALUES ('1','53','N');
INSERT INTO "absences" (lesson_id,student_id,absence_type) VALUES ('31','62','N');
INSERT INTO "absences" (lesson_id,student_id,absence_type) VALUES ('10','62','N');
INSERT INTO "absences" (lesson_id,student_id,absence_type) VALUES ('6','62','N');
INSERT INTO "absences" (lesson_id,student_id,absence_type) VALUES ('5','62','N');
INSERT INTO "absences" (lesson_id,student_id,absence_type) VALUES ('1','62','N');
INSERT INTO "absences" (lesson_id,student_id,absence_type) VALUES ('31','69','N');
INSERT INTO "absences" (lesson_id,student_id,absence_type) VALUES ('10','69','N');
INSERT INTO "absences" (lesson_id,student_id,absence_type) VALUES ('6','69','N');
INSERT INTO "absences" (lesson_id,student_id,absence_type) VALUES ('5','69','N');
INSERT INTO "absences" (lesson_id,student_id,absence_type) VALUES ('1','69','N');
INSERT INTO "absences" (lesson_id,student_id,absence_type) VALUES ('31','71','N');
INSERT INTO "absences" (lesson_id,student_id,absence_type) VALUES ('10','71','N');
INSERT INTO "absences" (lesson_id,student_id,absence_type) VALUES ('6','71','N');
INSERT INTO "absences" (lesson_id,student_id,absence_type) VALUES ('5','71','N');
INSERT INTO "absences" (lesson_id,student_id,absence_type) VALUES ('1','71','N');
INSERT INTO "absences" (lesson_id,student_id,absence_type) VALUES ('31','75','N');
INSERT INTO "absences" (lesson_id,student_id,absence_type) VALUES ('10','75','N');
INSERT INTO "absences" (lesson_id,student_id,absence_type) VALUES ('6','75','N');
INSERT INTO "absences" (lesson_id,student_id,absence_type) VALUES ('5','75','N');
INSERT INTO "absences" (lesson_id,student_id,absence_type) VALUES ('1','75','N');
INSERT INTO "absences" (lesson_id,student_id,absence_type) VALUES ('31','82','N');
INSERT INTO "absences" (lesson_id,student_id,absence_type) VALUES ('10','82','N');
INSERT INTO "absences" (lesson_id,student_id,absence_type) VALUES ('6','82','N');
INSERT INTO "absences" (lesson_id,student_id,absence_type) VALUES ('5','82','N');
INSERT INTO "absences" (lesson_id,student_id,absence_type) VALUES ('1','82','N');
INSERT INTO "absences" (lesson_id,student_id,absence_type) VALUES ('31','87','N');
INSERT INTO "absences" (lesson_id,student_id,absence_type) VALUES ('10','87','N');
INSERT INTO "absences" (lesson_id,student_id,absence_type) VALUES ('6','87','N');
INSERT INTO "absences" (lesson_id,student_id,absence_type) VALUES ('5','87','N');
INSERT INTO "absences" (lesson_id,student_id,absence_type) VALUES ('1','87','N');
INSERT INTO "absences" (lesson_id,student_id,absence_type) VALUES ('31','35','N');
INSERT INTO "absences" (lesson_id,student_id,absence_type) VALUES ('10','35','Z');
INSERT INTO "absences" (lesson_id,student_id,absence_type) VALUES ('6','35','Z');
INSERT INTO "absences" (lesson_id,student_id,absence_type) VALUES ('5','35','Z');
INSERT INTO "absences" (lesson_id,student_id,absence_type) VALUES ('1','35','Z');
INSERT INTO "absences" (lesson_id,student_id,absence_type) VALUES ('24','37','Z');
INSERT INTO "absences" (lesson_id,student_id,absence_type) VALUES ('17','37','Z');
INSERT INTO "absences" (lesson_id,student_id,absence_type) VALUES ('9','37','Z');
INSERT INTO "absences" (lesson_id,student_id,absence_type) VALUES ('24','36','Z');
INSERT INTO "absences" (lesson_id,student_id,absence_type) VALUES ('17','36','Z');
INSERT INTO "absences" (lesson_id,student_id,absence_type) VALUES ('9','36','Z');
INSERT INTO "absences" (lesson_id,student_id,absence_type) VALUES ('24','66','Z');
INSERT INTO "absences" (lesson_id,student_id,absence_type) VALUES ('17','66','Z');
INSERT INTO "absences" (lesson_id,student_id,absence_type) VALUES ('9','66','Z');
INSERT INTO "absences" (lesson_id,student_id,absence_type) VALUES ('24','14','O');
INSERT INTO "absences" (lesson_id,student_id,absence_type) VALUES ('17','14','O');
INSERT INTO "absences" (lesson_id,student_id,absence_type) VALUES ('9','14','O');
INSERT INTO "absences" (lesson_id,student_id,absence_type) VALUES ('42','93','O');
INSERT INTO "absences" (lesson_id,student_id,absence_type) VALUES ('42','11','O');
INSERT INTO "absences" (lesson_id,student_id,absence_type) VALUES ('42','117','O');
INSERT INTO "absences" (lesson_id,student_id,absence_type) VALUES ('42','41','O');
INSERT INTO "absences" (lesson_id,student_id,absence_type) VALUES ('42','118','O');
INSERT INTO "absences" (lesson_id,student_id,absence_type) VALUES ('50','2','O');
INSERT INTO "absences" (lesson_id,student_id,absence_type) VALUES ('50','83','O');
INSERT INTO "absences" (lesson_id,student_id,absence_type) VALUES ('50','30','O');
INSERT INTO "absences" (lesson_id,student_id,absence_type) VALUES ('50','94','O');
INSERT INTO "absences" (lesson_id,student_id,absence_type) VALUES ('50','79','O');
INSERT INTO "absences" (lesson_id,student_id,absence_type) VALUES ('49','101','O');
INSERT INTO "absences" (lesson_id,student_id,absence_type) VALUES ('18','101','O');
INSERT INTO "absences" (lesson_id,student_id,absence_type) VALUES ('16','101','O');
INSERT INTO "absences" (lesson_id,student_id,absence_type) VALUES ('2','101','O');
INSERT INTO "absences" (lesson_id,student_id,absence_type) VALUES ('49','103','O');
INSERT INTO "absences" (lesson_id,student_id,absence_type) VALUES ('18','103','O');
INSERT INTO "absences" (lesson_id,student_id,absence_type) VALUES ('16','103','O');
INSERT INTO "absences" (lesson_id,student_id,absence_type) VALUES ('2','103','O');
INSERT INTO "absences" (lesson_id,student_id,absence_type) VALUES ('49','8','O');
INSERT INTO "absences" (lesson_id,student_id,absence_type) VALUES ('18','8','O');
INSERT INTO "absences" (lesson_id,student_id,absence_type) VALUES ('16','8','O');
INSERT INTO "absences" (lesson_id,student_id,absence_type) VALUES ('2','8','O');
INSERT INTO "absences" (lesson_id,student_id,absence_type) VALUES ('49','65','O');
INSERT INTO "absences" (lesson_id,student_id,absence_type) VALUES ('18','65','O');
INSERT INTO "absences" (lesson_id,student_id,absence_type) VALUES ('16','65','O');
INSERT INTO "absences" (lesson_id,student_id,absence_type) VALUES ('2','65','O');
INSERT INTO "absences" (lesson_id,student_id,absence_type) VALUES ('49','90','O');
INSERT INTO "absences" (lesson_id,student_id,absence_type) VALUES ('18','90','O');
INSERT INTO "absences" (lesson_id,student_id,absence_type) VALUES ('16','90','O');
INSERT INTO "absences" (lesson_id,student_id,absence_type) VALUES ('2','90','O');
INSERT INTO "absences" (lesson_id,student_id,absence_type) VALUES ('49','74','O');
INSERT INTO "absences" (lesson_id,student_id,absence_type) VALUES ('18','74','O');
INSERT INTO "absences" (lesson_id,student_id,absence_type) VALUES ('16','74','O');
INSERT INTO "absences" (lesson_id,student_id,absence_type) VALUES ('2','74','O');
INSERT INTO "absences" (lesson_id,student_id,absence_type) VALUES ('49','46','O');
INSERT INTO "absences" (lesson_id,student_id,absence_type) VALUES ('18','46','O');
INSERT INTO "absences" (lesson_id,student_id,absence_type) VALUES ('16','46','O');
INSERT INTO "absences" (lesson_id,student_id,absence_type) VALUES ('2','46','O');
INSERT INTO "absences" (lesson_id,student_id,absence_type) VALUES ('49','60','O');
INSERT INTO "absences" (lesson_id,student_id,absence_type) VALUES ('18','60','O');
INSERT INTO "absences" (lesson_id,student_id,absence_type) VALUES ('16','60','O');
INSERT INTO "absences" (lesson_id,student_id,absence_type) VALUES ('2','60','O');
INSERT INTO "absences" (lesson_id,student_id,absence_type) VALUES ('27','40','O');
INSERT INTO "absences" (lesson_id,student_id,absence_type) VALUES ('15','40','O');
INSERT INTO "absences" (lesson_id,student_id,absence_type) VALUES ('27','25','O');
INSERT INTO "absences" (lesson_id,student_id,absence_type) VALUES ('15','25','O');
INSERT INTO "absences" (lesson_id,student_id,absence_type) VALUES ('27','20','O');
INSERT INTO "absences" (lesson_id,student_id,absence_type) VALUES ('15','20','O');

insert into exams(teacher_id, subject_id, group_id, date, description) VALUES (1, 1, 3, '20200618 10:34:09 AM', 'THINKING');
insert into exams(teacher_id, subject_id, group_id, date, description) values (36, 4, 5, '20200619 12:34:05 AM', 'Punishment for bad behaviour');
insert into exams(teacher_id, subject_id, group_id, date, description) values(40, 10, 10, '20200513 08:30:00 AM', 'Createing database for school');