INSERT INTO subjects VALUES
(1,'matematyka'),
(2,'łacina'),
(3,'geografia'),
(4,'język angielski'),
(5,'język niemiecki'),
(6,'wf'),
(7,'język polski'),
(8,'edukacja dla bezpieczeństwa'),
(9,'język rosyjski'),
(10,'chemia'),
(11,'przedsiębiorczość'),
(12,'historia'),
(13,'historia i społeczeństwo'),
(14,'biologia'),
(15,'fizyka'),
(16,'język hiszpański'),
(17,'przyroda'),
(18,'informatyka'),
(19,'religia'),
(20,'język francuski'),
(21,'kultura'),
(22,'wos'),
(23,'programowanie'),
(24,'ekonomia w praktyce');

INSERT INTO slots(slot,start_time) VALUES(1,'8:00'), (2,'8:50'), (3,'9:40'), (4,'10:30'), (5,'11:25'),(6,'12:25'),(7,'13:10'),(8,'14:00'),(9,'14:50');

INSERT INTO teachers (PESEL, name, surname, street, city, postalCode, email, phone) VALUES 
 ('00232718892','Jan','Rybson','11 Proctor Circle','Peabody','01960','Alysson_Adams@carroll.info','448512982'),
 ('00233161224','Milena','Ważniak','1123 Ardee Avenue','Nashville','37216','Anahi_Treutel@triston.us','765221251'),
 ('44092782976','Tadeusz','Łabędź','1124 Bluewillow Court','Nashville','37013','Antonina_Grady@maybelle.ca','125823879'),
 ('46020462268','Małgorzata','Baran','1216 West Hill Street','Louisville','40210','Bette@arden.io','771929965'),
 ('46120143494','Andrew','Bucket','1223 Delaware Avenue','Deale','20733','Blaise.Beer@twila.info','225778316'),
 ('47103156515','Feliks','Chwast','1515 Chandlee Avenue','Panama City','32405','Brandyn@yolanda.co.uk','444693739'),
 ('47111527174','Agnieszka','Czajnik','1612 Beech Street','Louisville','40211','Branson@stefanie.biz','519574359'),
 ('48012836927','Grzegorz','Dziupla','1623 Mines Road','Lowell','05847','Cullen_Kuvalis@lavinia.info','971526196'),
 ('49010336518','Agata','Furman','172 Alburg Springs Road','Alburgh','05440','Daisha@willa.co.uk','237633943'),
 ('49040819131','Maria','Gawron','1810 Orchard Place','Anchorage','99502','Donna.Flatley@mozelle.info','398462945'),
 ('50121395866','Małgorzata','Gniadek','18330 North 79th Avenue','Glendale','85308','Emely@brando.ca','943285699'),
 ('51020826484','Krzysztow','Galon','2036 Gorgas Street','Montgomery','36106','Evan.Abbott@kiana.ca','719822943'),
 ('53051362995','Monika','Horn','2068 Happy Lane','Crofton','21114','Evert.Schultz@verona.net','486926256'),
 ('53121659648','Błażej','Janusz','218 Middle Street','Brighton','05846','Felicia@dave.tv','787539473'),
 ('55031825719','Łukasz','Jemioła','22649 McManus Drive','Anchorage','99567','Gianni@cali.com','518642681'),
 ('57072476615','Dominika','Jurand','236 Alden Road','Hayward','94541','Gladyce@zackery.us','774774893'),
 ('58032061353','Alicja','Jaśko','2406 Brighton Drive','Louisville','40205','Hyman_Olson@roxane.org','431849988'),
 ('58051082568','Bożena','Kajman','249 Yellow Leaf Circle','Anchorage','99504','Jalon@caroline.info','628943649'),
 ('60042585383','Jan','Kobyła','2543 The Meadows','Montgomery','36116','Jessy_Hessel@demario.name','739193456'),
 ('62021768899','Krzysztof','Kocioł','2728 Hale Avenue','Louisville','40211','Karina.Hills@hugh.biz','546247345'),
 ('62022126342','Marzena','Kocioł','2747 68th Avenue','Oakland','94605','Karli_Anderson@merl.io','275132377'),
 ('64062198459','Agata','Kobol','33 South Hill Avenue','Fayetteville','72701','Lavina@annabelle.info','322498462'),
 ('64070267244','Maria','Trybunał','3538 Mendenhall Court','Pleasanton','94588','Liliana@nelle.info','884916494'),
 ('65021576361','Jowita','Babińska','3555 Alamosa Drive','Anchorage','99502','Lilyan.Stiedemann@soledad.ca','415879655'),
 ('66011952655','Ann','Ladder','3579 2nd Avenue','Edgewater','21037','Marlen_Nolan@toney.me','154473815'),
 ('66040578967','Adama','Laskova','3811 W Street Southeast','Washington','20020','Michael@addison.co.uk','861255679'),
 ('70102547138','Dorota','Las','38676 Greenwich Circle','Fremont','94536','Morris_Gorczany@lindsey.me','991419468'),
 ('72021373522','Marianna','Łobuz','4132 Northwest 57th Street','Oklahoma City','73112','Olaf@giovanni.ca','566781376'),
 ('73081675863','Justyna','Moś','415 Lullwater Drive','Panama City Beach','32413','Pete_Carroll@leland.name','412885493'),
 ('74060767124','Monika','Mikos','4600 East Huntsville Road','Fayetteville','72701','Roslyn@derrick.org','355726853'),
 ('77020267638','Bronisława','Maź','5 Meadow Lane','Rutland','05701','Sadye@niko.biz','868873237'),
 ('73080881263','Dorota','Morris','1546 Deans Lane','New York','10570','morris@quitelongemaildomaincomcomcomcom.com','265456322'),
 ('77102187797','Eleonora','Nowak','5615 West Villa Maria Drive','Glendale','85308','Sandrine_Von@elyse.org','532627886'),
 ('81061563178','Elżbieta','Nikiel','5688 Johnson Court','Arvada','80002','Selmer@nickolas.io','649441726'),
 ('81071424195','John','Panhter','570 Broadway','Lynnfield','01940','Steve.Cummerata@aubree.org','546559212'),
 ('83010681223','Julia','Partyk','6080 Frontier Lane','Nashville','37211','Syble.Adams@kevin.tv','834147356'),
 ('84071528241','Lidia','Plebania','632 North Pine Street','Anchorage','99508','Terence_Kling@lera.co.uk','189748753'),
 ('85032417952','Krzysztof','Płomyk','637 Britannia Drive','Vallejo','94591','Tressie@shad.co.uk','878287539'),
 ('88011056429','Joanna','Panda','6420 Via Baron','Rancho Palos Verdes','90275','Trudie_Barton@lloyd.us','418979479'),
 ('90031117949','Mariusz','Radwan','6444 North 67th Avenue','Glendale','85301','Uriah.Marquardt@hershel.me','183116246'),
 ('95012696147','Beatrice','Rain','6518 Dolphin Court','Glen Burnie','21061','Vallie_Boyer@benny.name','868625881'),
 ('96102733883','Bartosz','Słomek','8505 Waters Avenue','Savannah','31406','Vivianne.Pfannerstill@ollie.tv','928865548'),
 ('97072336247','Thomas','Saw-Chuck','86 Russell Street','Manchester','06040','egestas.nunc@metussit.org','275782653'),
 ('99010215915','Jerzy','Śląski','926 Mill Court','Savannah','31419','id.blandit@rutrumnonhendrerit.co.uk','457429544'),
 ('99022051956','Anna','Tarnina','9457 Winfield Place','Montgomery','36117','id.erat@consequat.co.uk','171191967'),
 ('99052719527','Beata','Szwedzka','98 Lincoln Street','Revere','02151','lacus.vestibulum@interdumfeugiat.ca','213875382'),
 ('00322286676','Dorota','Uchwyt','704 Oakdale Avenue ','Kraków','34050','dorota.uchwyt@mail.com','465839021'),
 ('00322286676','Ewa','Włoszek','13 Tower Bridge Street ','Kraków','34050','dorota.uchwyt@mail.com','265475312'),
 ('69092665146','Kazimiera','Walczyk','4372 Williams Avenue ','Kraków','34050','dorota.uchwyt@mail.com','265475312'),
 ('75100292974','Maria','Widmowska','Słowackiego 34a','Hanover','21076','vidomina@gmail.com','437622387'),
 ('87120831729','Jolanta','Wójcik','Długa 5','Kraków','33100','wojcik@mail.com','592220909'),
 ('99082639161','Marcin','Wójt','Powstańców Śląskich 45/13','Kraków','33100','marcin123@gmail.com','141556321'),
 ('57043086531','Marzena','Woziziemia','Sienna 41','Kraków','33100','ziemniak15@outlookk.com','676794192'),
 ('72012035239','Natalia','Woźny','Warzywna 81','Kraków','33100','natwoz@gmail.com','012451456'),
 ('02211024185','Hanna','Wrona','Podkarpacka 1a','Sandomierz','33100','hwrona14@gmail.com','219899994'),
 ('78040383827','Ryszard','Ziel','Złota 12','Kraków','33100','ryszard@ziel.com','135684842'),
 ('76092352574','Kazimierz','Żeromski','Mickiewicza 34/12','Kraków','33100','kazik123@op.pl','459583001'),
 ('97041187513','Janina','Żółty','Krakowska 24/6','Kraków','33100','janina-zolty@hotmail.com','105324523'),
 ('88072844272','Kinga','Żuczek','Armii Krajowej 14/5','Kraków','12343','kinga.zuczek@yahoo.com','223663721'),
 ('98031661994','Wissam','Math','Łojasiewicza 15/7','Kraków','33100','math@noreply.com','348564831');


INSERT INTO teacher_subjects VALUES
(1,1),
(2,2),
(3,3),
(4,4),
(5,5),
(6,6),
(7,7),
(8,8),
(9,1),
(10,9),
(10,4),
(11,1),
(12,10),
(13,11),
(13,24),
(14,7),
(15,12),
(15,13),
(16,14),
(17,5),
(18,15),
(19,5),
(20,6),
(21,5),
(22,4),
(23,12),
(23,13),
(24,16),
(25,10),
(26,15),
(27,6),
(28,3),
(28,17),
(29,7),
(30,7),
(31,1),
(33,4),
(34,4),
(35,15),
(36,10),
(37,1),
(37,18),
(38,12),
(38,13),
(39,4),
(40,1),
(41,4),
(42,14),
(43,18),
(43,23),
(44,7),
(45,19),
(46,6),
(47,4),
(48,6),
(49,4),
(49,21),
(50,20),
(50,21),
(51,14),
(52,19),
(53,22),
(53,17),
(54,1),
(55,4),
(56,18),
(56,19),
(57,6),
(58,6),
(59,19),
(60,1),
--additional
(49,1),
(1,3),
(15,4),
(54,6),
(54,7),
(40,2),
(40,7),
(5,6),
(32,20),
(17,3),
(22,14),
(45,4);



 INSERT INTO groups (group_id, name) VALUES
 ('1','1a'),
 ('2','1b'),
 ('3','1c'),
 ('4','1d'),
 ('5','1e'),
 ('6','1f'),
 ('7','1g'),
 ('8','1h'),
 ('9','2a'),
 ('10','2b'),
 ('11','2c'),
 ('12','2d'),
 ('13','2e'),
 ('14','2f'),
 ('15','2g'),
 ('16','2h'),

 ('17','1a,c,e,g rosyjski'),
 ('18','1b,d,f,h rosyjski'),
 ('19','2c,d,e,g,h rosyjski'),
 ('20','2a,b,f rosyjski'),

 ('21','1* francuski A2'),
 ('22','1\a,e francuski B1'),
 ('23','2* francuski'),

 ('24','1a,e hiszpański'),
 ('25','1b,d hiszpański'),
 ('26','1c,g hiszpański'),
 ('27','1f,h hiszpański'),
 ('28','2a,b,f hiszpański'),
 ('29','2c hiszpański'),
 ('30','2d,e hiszpański'),
 ('31','2g,h hiszpański'),

 ('32','1a niemiecki'),
 ('33','1b niemiecki'),
 ('34','1c niemiecki'),
 ('35','1d niemiecki'),
 ('36','1e niemiecki'),
 ('37','1f niemiecki'),
 ('38','1g,h niemiecki'),

 ('39','2a niemiecki'),
 ('40','2b niemiecki'),
 ('41','2c,e niemiecki'),
 ('42','2d niemiecki'),
 ('43','2f niemiecki'),
 ('44','2g niemiecki'),
 ('45','2h niemiecki'),
 ('46','2* niemiecki B2'),


 ('47','2c,d 7/7 WF'),
 ('48','1c,d 4/7 WF'),
 ('49','1a 1/2 WF'),
 ('50','1e,f 1/8 WF'),
 ('51','2f 2/8 WF'),

 ('52','1b 1/2 WF'),
 ('53','1g,h 1/2 WF'),
 ('54','1f 2/8 WF'),
 ('55','2e,f 1/8 WF'),

 ('56','2c,d 3/7 WF'),
 ('57','1d 3/7 WF'),
 ('58','1g 2/2 WF'),
 ('59','1e,f 8/8 WF'),
 ('60','2e,f 8/8 WF'),

 ('61','2c 4/7 WF'),
 ('62','1b 2/2 WF'),
 ('63','2b 4/7 WF'),
 ('64','2h 2/2 WF'),
 ('65','1h 2/2 WF'),

 ('66','2d 4/7 WF'),
 ('67','1c 3/7 WF'),
 ('68','1a 2/2 WF'),
 ('69','2g 2/2 WF'),

 ('70','1c,d 7/7 WF'),
 ('71','2a,b 7/7,8 WF'),
 ('72','2g,h 1/2 WF'),
 ('73','2e 2/8 WF'),
 ('107','1e 2/8 WF'),

 ('74','2a,b 8,3/8,7 WF'),



 ('75','2b 1/2 ang'),
 ('76','1g 1/2 ang'),
 ('77','1b 1/2 ang'),

 ('78','2h 1/2 ang'),
 ('106','2h 2/2 ang'),
 ('79','1d 1/2 ang'),

 ('80','2d 1/2 ang'),
 ('81','1a 1/2 ang'),
 ('82','1h 2/2 ang'),

 ('83','2e 2/2 ang'),
 ('84','1d 2/2 ang'),
 ('85','2g 1/2 ang'),

 ('86','2e 1/2 ang'),
 ('87','2a 1/2 ang'),
 ('88','2c 1/2 ang'),
 ('89','2c 2/2 ang'),

 ('90','2f 1/2 ang'),
 ('91','2f 2/2 ang'),
 ('92','1e 1/2 ang'),
 ('93','1a 2/2 ang'),

 ('94','2b 2/2 ang'),
 ('95','1f 1/2 ang'),
 ('96','1c 2/2 ang'),
 ('97','2g 2/2 ang'),

 ('98','1b 2/2 ang'),
 ('99','1g 2/2 ang'),
 ('100','1e 2/2 ang'),

 ('101','2d 2/2 ang'),
 ('102','1f 2/2 ang'),
 ('103','1h 1/2 ang'),
 ('104','2a 2/2 ang'),

 ('105','1c 1/2 ang');






INSERT INTO teachers_groups_subjects (teacher_id, subject_id, group_id,day_id,slot) VALUES 
(1,1,2,2,7),
(1,1,2,2,8),
(1,1,2,4,7),
(1,1,2,4,8),
(1,1,2,5,8),

(2,2,10,5,7),
(2,2,11,4,6),
(2,2,12,5,6),
(2,2,16,4,8),

(3,3,1,1,5),
(3,3,2,4,4),
(3,3,3,4,6),
(3,3,4,1,6),
(3,3,5,2,6),
(3,3,6,2,3),
(3,3,8,2,5),


(4,4,75,1,4),
(4,4,75,3,6),
(4,4,75,5,4),
(4,4,75,5,5),

(4,4,76,1,5),
(4,4,76,1,6),
(4,4,76,2,8),
(4,4,76,4,4),

(4,4,77,2,6),
(4,4,77,3,5),
(4,4,77,4,5),


(5,5,33,3,1),
(5,5,33,3,2),
(5,5,34,5,1),
(5,5,34,5,2),
(5,5,36,1,9),
(5,5,36,4,1),
(5,5,38,1,7),
(5,5,38,1,8),
(5,5,39,3,3),
(5,5,39,3,4),
(5,5,41,2,7),
(5,5,41,2,8),


(6,6,47,1,3),
(6,6,47,1,4),
(6,6,47,4,5),

(6,6,48,1,5),
(6,6,48,2,6),
(6,6,48,2,7),

(6,6,49,1,6),
(6,6,49,1,7),
(6,6,49,4,6),

(6,6,50,3,6),
(6,6,50,3,7),
(6,6,50,5,4),

(6,6,51,3,8),
(6,6,51,5,5),
(6,6,51,5,6),


(7,7,1,1,2),
(7,7,1,2,5),
(7,7,1,4,3),
(7,7,1,4,4),
(7,7,6,2,6),
(7,7,6,2,7),
(7,7,6,4,5),
(7,7,6,4,6),

(8,8,95,1,3),
(8,8,77,1,4),
(8,8,82,1,5),
(8,8,105,2,1),
(8,8,96,2,2),
(8,8,99,2,3),
(8,8,76,2,4),
(8,8,98,3,3),
(8,8,102,3,5),
(8,8,84,3,8),
(8,8,79,4,3),
(8,8,92,4,4),
(8,8,93,4,5),
(8,8,100,4,6),
(8,8,103,5,3),
(8,8,81,5,4),

(9,1,8,1,2),
(9,1,8,1,3),
(9,1,8,2,2),
(9,1,8,4,4),
(9,1,7,2,1),
(9,1,7,3,2),
(9,1,7,4,2),
(9,1,7,4,3),
(9,1,7,5,3),

(10,9,17,1,1),
(10,9,17,4,1),
(10,9,18,3,1),
(10,9,18,3,2),
(10,9,19,2,7),
(10,9,19,2,8),
(10,9,20,3,3),
(10,9,20,3,4),
(10,4,105,2,4),
(10,4,105,2,5),


(11,1,11,1,2),
(11,1,11,2,5),
(11,1,11,2,6),
(11,1,11,3,7),
(11,1,11,4,2),
(11,1,11,5,5),
(11,1,11,5,6),

(11,1,1,1,3),
(11,1,1,1,4),
(11,1,1,2,3),
(11,1,1,2,4),
(11,1,1,3,5),

(11,1,15,1,5),
(11,1,15,1,6),
(11,1,15,3,6),
(11,1,15,4,3),
(11,1,15,4,4),
(11,1,15,5,3),
(11,1,15,5,4),


(12,10,11,1,1),
(12,10,11,3,1),
(12,10,88,2,3),
(12,10,88,2,4),
(12,10,89,2,1),
(12,10,89,2,2),
(12,10,3,1,2),
(12,10,3,3,2),

(13,11,1,5,2),
(13,11,1,5,3),
(13,11,2,5,4),
(13,11,2,5,5),
(13,11,3,3,3),
(13,11,3,3,4),
(13,11,4,4,6),
(13,11,4,4,7),
(13,11,5,1,5),
(13,11,5,1,6),
(13,11,6,1,7),
(13,11,6,1,8),
(13,11,7,2,6),
(13,11,7,2,7),
(13,11,8,5,7),
(13,11,8,5,8),
(13,11,15,4,8),


(14,7,4,1,7),
(14,7,4,1,8),
(14,7,4,3,3),
(14,7,4,3,4),

(14,7,12,3,5),
(14,7,12,3,6),
(14,7,12,5,3),
(14,7,12,5,4),

(14,7,2,3,7),
(14,7,2,3,8),
(14,7,2,4,2),
(14,7,2,4,3),


(15,12,5,1,2),
(15,12,5,1,7),
(15,12,6,2,4),
(15,12,6,5,7),
(15,12,7,2,2),
(15,12,7,5,6),
(15,12,16,1,3),
(15,12,16,2,3),
(15,12,16,5,5),
(15,12,16,5,8),
(15,13,9,1,4),
(15,13,9,1,5),
(15,13,9,2,1),

(16,14,2,1,5),
(16,14,2,2,3),
(16,14,10,1,6),
(16,14,10,2,4),
(16,14,4,2,1),
(16,14,4,2,2),
(16,14,75,4,4),
(16,14,75,4,5),
(16,14,94,4,6),
(16,14,94,4,7),

(17,5,46,2,7),
(17,5,46,2,8),

(18,15,2,1,3),
(18,15,3,1,4),

(19,5,37,3,1),
(19,5,37,3,2),
(19,5,43,3,3),
(19,5,43,3,4),


(20,6,52,1,6),
(20,6,52,1,7),
(20,6,52,5,3),

(20,6,53,3,5),
(20,6,53,4,6),
(20,6,53,4,7),

(20,6,54,3,6),
(20,6,54,3,7),
(20,6,54,5,4),

(20,6,55,3,8),
(20,6,55,5,5),
(20,6,55,5,6),


(21,5,42,1,7),
(21,5,42,1,8),
(21,5,45,2,7),
(21,5,45,2,8),
(21,5,44,3,1),
(21,5,44,3,2),
(21,5,40,3,3),
(21,5,40,3,4),
(21,5,32,3,7),
(21,5,32,3,8),
(21,5,35,5,1),
(21,5,35,5,2),


(22,4,101,1,1),
(22,4,101,1,2),
(22,4,101,4,1),
(22,4,101,4,2),
(22,4,101,5,1),
(22,4,101,5,2),

(22,4,102,1,3),
(22,4,102,5,5),
(22,4,102,5,6),

(22,4,103,1,4),
(22,4,103,1,5),
(22,4,103,4,3),

(22,4,104,1,6),
(22,4,104,1,7),
(22,4,104,4,4),
(22,4,104,4,5),
(22,4,104,5,3),
(22,4,104,5,4),


(23,12,1,2,1),
(23,12,1,2,2),
(23,12,2,3,6),
(23,12,2,4,6),
(23,12,3,2,3),
(23,12,3,4,5),
(23,13,11,1,6),
(23,13,11,1,7),
(23,13,11,4,7),
(23,13,12,2,5),
(23,13,12,3,4),
(23,13,12,4,4),
(23,13,10,1,9),
(23,13,10,3,5),
(23,13,10,4,8),

(24,16,24,4,7),
(24,16,24,4,8),
(24,16,25,5,1),
(24,16,25,5,2),
(24,16,26,1,7),
(24,16,26,1,8),
(24,16,27,3,1),
(24,16,27,3,2),
(24,16,28,3,3),
(24,16,28,3,4),
(24,16,29,5,3),
(24,16,29,5,4),
(24,16,30,2,7),
(24,16,30,2,8),
(24,16,31,3,7),
(24,16,31,3,8),

(25,10,10,2,1),
(25,10,10,5,6),
(25,10,2,2,2),
(25,10,2,5,7),
(25,10,75,4,6),
(25,10,75,4,7),
(25,10,94,4,4),
(25,10,94,4,5),

(26,15,5,2,4),
(26,15,6,2,5),
(26,15,6,4,7),
(26,15,1,2,6),
(26,15,1,2,7),
(26,15,7,3,6),
(26,15,4,5,3),
(26,15,8,3,8),
(26,15,14,3,7),
(26,15,14,4,6),
(26,15,90,5,1),
(26,15,90,5,2),
(26,15,91,1,1),
(26,15,91,1,2),


(27,6,56,1,3),
(27,6,56,1,4),
(27,6,56,4,5),

(27,6,57,1,5),
(27,6,57,2,6),
(27,6,57,2,7),

(27,6,58,3,5),
(27,6,58,4,6),
(27,6,58,4,7),

(27,6,59,3,6),
(27,6,59,3,7),
(27,6,59,5,4),

(27,6,60,3,8),
(27,6,60,5,5),
(27,6,60,5,6),


(28,3,15,1,1),
(28,3,15,1,2),
(28,3,15,2,1),
(28,3,15,4,1),
(28,3,15,4,2),
(28,3,7,1,3),
(28,3,7,3,1),
(28,17,13,2,2),
(28,17,13,3,2),


(29,7,13,1,7),
(29,7,13,1,8),
(29,7,13,3,5),
(29,7,13,4,1),
(29,7,13,4,2),

(29,7,3,3,6),
(29,7,3,3,7),
(29,7,3,5,5),
(29,7,3,5,6),

(29,7,5,3,3),
(29,7,5,4,3),
(29,7,5,5,7),
(29,7,5,5,8),


(30,7,7,1,2),
(30,7,7,3,3),
(30,7,7,3,4),
(30,7,7,5,4),

(30,7,15,1,3),
(30,7,15,1,4),
(30,7,15,2,5),
(30,7,15,2,6),
(30,7,15,3,5),

(30,7,11,1,5),
(30,7,11,3,6),
(30,7,11,5,7),
(30,7,11,5,8),

(30,7,9,3,7),
(30,7,9,3,8),
(30,7,9,4,2),
(30,7,9,5,5),
(30,7,9,5,6),


(31,1,4,2,3),
(31,1,4,2,4),
(31,1,4,5,4),
(31,1,4,5,5),
(31,1,10,2,5),
(31,1,10,2,6),
(31,1,10,3,7),
(31,1,10,3,8),
(31,1,10,4,2),
(31,1,10,4,3),
(31,1,10,5,3),


(33,4,78,1,1),
(33,4,78,1,2),
(33,4,78,4,1),
(33,4,78,4,2),

(33,4,106,1,8),
(33,4,106,1,9),
(33,4,106,5,1),
(33,4,106,5,2),

(33,4,79,1,3),
(33,4,79,1,4),
(33,4,79,3,7),
(33,4,79,3,8),


(34,4,80,1,1),
(34,4,80,1,2),
(34,4,80,4,1),
(34,4,80,4,2),
(34,4,80,5,1),
(34,4,80,5,2),

(34,4,81,3,2),
(34,4,81,3,3),
(34,4,81,4,5),
(34,4,81,5,5),

(34,4,82,4,3),
(34,4,82,5,3),
(34,4,82,5,6),


(35,15,9,1,3),
(35,15,9,4,7),
(35,15,9,4,8),
(35,15,9,5,1),
(35,15,9,5,2),

(36,10,7,2,5),
(36,10,1,3,1),
(36,10,5,3,4),
(36,10,4,3,5),
(36,10,4,4,4),
(36,10,6,4,2),
(36,10,8,4,5),
(36,10,12,3,2),
(36,10,12,4,3),
(36,10,80,2,1),
(36,10,80,2,2),
(36,10,101,2,3),
(36,10,101,2,4),


(37,18,82,1,4),
(37,18,103,5,6),

(37,1,16,2,5),
(37,1,16,3,5),
(37,1,16,3,6),
(37,1,16,4,5),
(37,1,16,5,7),

(37,1,12,2,6),
(37,1,12,3,7),
(37,1,12,3,8),
(37,1,12,4,6),
(37,1,12,4,7),


(38,12,4,1,2),
(38,12,4,2,5),

(38,12,8,2,1),
(38,12,8,2,3),

(38,13,14,1,4),
(38,13,14,1,5),
(38,13,14,5,7),

(38,13,13,2,4),
(38,13,13,2,6),
(38,13,13,3,6),

(38,13,15,4,7),
(38,13,15,5,6),
(38,13,15,5,8),


(39,4,83,1,1),
(39,4,83,1,2),
(39,4,83,2,5),
(39,4,83,4,3),
(39,4,83,5,3),
(39,4,83,5,4),

(39,4,84,1,3),
(39,4,84,1,4),
(39,4,84,3,6),
(39,4,84,3,7),

(39,4,85,2,2),
(39,4,85,2,3),
(39,4,85,4,5),
(39,4,85,4,6),
(39,4,85,5,1),
(39,4,85,5,2),


(40,1,6,1,2),
(40,1,6,2,1),
(40,1,6,2,2),
(40,1,6,4,3),
(40,1,6,4,4),

(40,1,14,1,3),
(40,1,14,3,5),
(40,1,14,3,6),
(40,1,14,4,7),
(40,1,14,4,8),
(40,1,14,5,3),
(40,1,14,5,4),

(40,1,13,1,5),
(40,1,13,1,6),
(40,1,13,2,3),
(40,1,13,3,3),
(40,1,13,3,4),
(40,1,13,4,5),
(40,1,13,4,6),


(41,4,86,1,3),
(41,4,86,1,4),
(41,4,86,2,5),
(41,4,86,4,3),
(41,4,86,5,1),
(41,4,86,5,2),

(41,4,87,1,6),
(41,4,87,1,7),
(41,4,87,2,6),
(41,4,87,4,4),
(41,4,87,5,3),
(41,4,87,5,4),

(41,4,88,2,1),
(41,4,88,2,2),
(41,4,88,3,2),
(41,4,88,3,3),

(41,4,89,2,3),
(41,4,89,2,4),
(41,4,89,3,4),
(41,4,89,3,5),


(42,14,5,3,5),
(42,14,8,3,6),
(42,14,7,3,7),

(43,18,100,2,1),
(43,18,100,4,4),
(43,18,105,2,2),
(43,18,76,2,3),
(43,18,99,2,4),
(43,18,96,2,5),
(43,23,104,2,6),
(43,23,87,4,5),
(43,18,92,2,7),
(43,18,92,2,8),
(43,18,93,3,2),
(43,18,77,3,3),
(43,18,81,3,4),
(43,18,98,3,5),
(43,18,79,3,6),
(43,18,84,4,3),


(44,7,10,1,5),
(44,7,10,4,1),
(44,7,10,5,1),
(44,7,10,5,2),

(44,7,14,1,6),
(44,7,14,1,7),
(44,7,14,2,5),
(44,7,14,2,6),

(44,7,16,2,1),
(44,7,16,2,2),
(44,7,16,3,1),
(44,7,16,3,2),
(44,7,16,4,3),
(44,7,16,4,4),
(44,7,16,5,3),

(44,7,8,2,4),
(44,7,8,3,3),
(44,7,8,3,4),
(44,7,8,4,2),
(44,7,8,5,4),
(44,7,8,5,5),


(45,19,1,2,8),
(45,19,1,5,8),
(45,19,2,3,4),
(45,19,2,5,6),
(45,19,3,3,5),
(45,19,3,5,3),
(45,19,11,3,8),
(45,19,11,5,9),
(45,19,12,3,9),
(45,19,12,5,5),
(45,19,13,3,7),
(45,19,13,5,7),


(46,6,61,1,3),
(46,6,61,1,4),
(46,6,61,4,5),

(46,6,62,1,6),
(46,6,62,1,7),
(46,6,62,5,3),

(46,6,63,1,8),
(46,6,63,2,2),
(46,6,63,2,3),

(46,6,64,2,4),
(46,6,64,3,3),
(46,6,64,3,4),

(46,6,65,3,5),
(46,6,65,4,6),
(46,6,65,4,7),


(47,4,90,1,2),
(47,4,90,2,3),
(47,4,90,2,4),
(47,4,90,4,1),
(47,4,90,4,2),

(47,4,91,2,1),
(47,4,91,2,2),
(47,4,91,4,3),
(47,4,91,4,4),
(47,4,91,5,2),

(47,4,92,3,1),
(47,4,92,3,2),
(47,4,92,4,8),
(47,4,92,5,3),

(47,4,93,3,3),
(47,4,93,3,4),
(47,4,93,5,4),
(47,4,93,5,5),


(48,6,66,1,3),
(48,6,66,1,4),
(48,6,66,4,5),

(48,6,67,1,5),
(48,6,67,2,6),
(48,6,67,2,7),

(48,6,68,1,6),
(48,6,68,1,7),
(48,6,68,4,6),

(48,6,69,2,4),
(48,6,69,3,3),
(48,6,69,3,4),


(49,4,94,1,4),
(49,4,94,3,6),
(49,4,94,5,4),
(49,4,94,5,5),

(49,4,95,1,5),
(49,4,95,1,6),
(49,4,95,3,5),

(49,4,96,2,1),
(49,4,96,2,4),
(49,4,96,4,3),

(49,4,97,2,2),
(49,4,97,2,3),
(49,4,97,4,5),
(49,4,97,4,6),
(49,4,97,5,1),
(49,4,97,5,2),


(50,20,21,1,1),
(50,20,21,4,1),
(50,20,22,5,1),
(50,20,22,5,2),
(50,20,23,2,7),
(50,20,23,2,8),
(50,21,1,5,6),
(50,21,2,1,2),
(50,21,3,5,4),
(50,21,4,4,2),
(50,21,5,5,5),
(50,21,6,5,8),
(50,21,7,5,7),
(50,21,8,2,6),

(51,14,3,1,3),
(51,14,3,4,2),
(51,14,1,3,6),
(51,14,6,1,4),
(51,14,11,4,3),
(51,14,11,4,4),
(51,14,12,1,5),
(51,14,12,1,6),
(51,14,80,2,3),
(51,14,80,2,4),
(51,14,101,2,1),
(51,14,101,2,2),
(51,14,88,3,4),
(51,14,89,3,2),
(51,14,89,3,3),

(52,19,10,1,7),
(52,19,10,3,9),
(52,19,5,1,8),
(52,19,5,5,6),
(52,19,6,3,3),
(52,19,6,3,4),
(52,19,8,3,7),
(52,19,8,5,9),
(52,19,7,3,8),
(52,19,7,4,5),
(52,19,9,4,6),
(52,19,9,5,7),


(53,22,16,1,4),
(53,22,16,1,5),
(53,22,16,4,7),

(53,22,8,1,6),
(53,22,8,2,8),

(53,22,1,5,7),
(53,22,2,2,4),
(53,22,3,4,4),
(53,22,4,4,5),
(53,22,5,2,5),
(53,22,6,4,8),
(53,22,7,5,5),

(53,17,16,2,6),
(53,17,16,4,6),
(53,17,16,5,6),


(54,1,9,1,1),
(54,1,9,1,2),
(54,1,9,2,4),
(54,1,9,2,5),
(54,1,9,3,5),
(54,1,9,3,6),
(54,1,9,4,1),

(54,1,5,1,3),
(54,1,5,1,4),
(54,1,5,2,2),
(54,1,5,2,3),
(54,1,5,4,2),


(55,4,98,1,4),
(55,4,98,2,6),
(55,4,98,4,5),

(55,4,99,1,5),
(55,4,99,1,6),
(55,4,99,2,8),
(55,4,99,4,4),

(55,4,100,2,7),
(55,4,100,3,1),
(55,4,100,3,2),
(55,4,100,5,3),


(56,18,86,1,1),
(56,18,86,1,2),
(56,18,86,5,3),
(56,18,86,5,4),

(56,18,83,1,3),
(56,18,83,1,4),
(56,18,83,5,1),
(56,18,83,5,2),

(56,18,90,2,1),
(56,18,90,2,2),
(56,18,90,4,3),
(56,18,90,4,5),

(56,18,91,2,3),
(56,18,91,2,4),
(56,18,91,4,1),
(56,18,91,4,2),

(56,18,102,1,5),
(56,18,102,1,6),

(56,18,95,5,5),
(56,18,95,5,6),


(57,6,70,1,5),
(57,6,70,2,6),
(57,6,70,2,7),

(57,6,71,1,8),
(57,6,71,2,2),
(57,6,71,2,3),

(57,6,72,2,4),
(57,6,72,3,3),
(57,6,72,3,4),

(57,6,73,3,1),
(57,6,73,5,5),
(57,6,73,5,6),

(57,6,107,3,6),
(57,6,107,3,7),
(57,6,107,5,4),


(58,6,74,1,8),
(58,6,74,2,2),
(58,6,74,2,3),

(59,19,16,1,6),
(59,19,16,5,4),
(59,19,15,1,7),
(59,19,15,5,5),
(59,19,14,1,8),
(59,19,14,5,8),
(59,19,4,5,6),
(59,19,4,5,7),

(60,1,3,3,1),
(60,1,3,4,7),
(60,1,3,4,8),
(60,1,3,5,7),
(60,1,3,5,8);




 INSERT INTO students (student_id, PESEL, name, surname, street, city, postalCode, email, phone) VALUES
 ('1','00262462237','Travis','Snow','10 Erick Road','Mansfield','02048','Abner@juwan.biz','128393192'),
 ('2','00302285451','Ronan','Riley','10001 Pheasant Lane','Oklahoma City','73162','Adaline@jan.us','376193597'),
 ('3','01260594241','Levi','Hays','1011 Devon Drive','Hayward','94542','Adrain@nella.name','131131626'),
 ('4','01272019383','Kaseem','Summers','10129 Spring Gate Drive','Louisville','40241','Albertha@opal.org','423598275'),
 ('5','01320226745','Paul','Gamble','107 Laurel Green Court','Savannah','31419','Alena.Zieme@hillard.ca','819594898'),
 ('6','02250285923','Cameron','Chase','109 Summit Street','Burlington','05401','Alexandro_Deckow@celestine.org','122295188'),
 ('7','02281043255','Lucius','Faulkner','1156 Greenhill Road','Arnold','21012','Alf@peter.biz','148293347'),
 ('8','02311069567','Abdul','Caldwell','1160 North College Avenue','Fayetteville','72703','Alison@carlo.com','799341585'),
 ('9','03271277753','Armando','Ramirez','12 Kane Road','Manchester','06040','Alysa.Hilpert@jacinthe.biz','923236848'),
 ('10','44070959657','Kenyon','Wade','122 East Hayes Street','Norman','73069','Anahi_Treutel@triston.us','191296964'),
 ('11','44092463451','Prescott','Gardner','122 Summer Street','Medford','02155','Annalise_Bradtke@dannie.ca','886379379'),
 ('12','44093075426','Connor','Mendez','12371 Atlanta Highway','Montgomery','36117','Annamae@madeline.us','362724858'),
 ('13','45030333779','Damon','Schmidt','127 Grand Heron Drive','Panama City','32407','Antonina_Reinger@santiago.io','786448421'),
 ('14','46021187892','Prescott','Riley','12816 West 65th Way','Arvada','80004','Anya_Schoen@teagan.ca','252215374'),
 ('15','46071549451','Raymond','Skinner','1309 Columbia Road Northwest','Washington','20009','Austin@assunta.biz','814835219'),
 ('16','46123036227','Vance','Mosley','1314 89th Avenue','Oakland','94621','Austyn.Jast@billy.us','374557716'),
 ('17','47061959984','Daquan','David','1334 East 14th Avenue','Anchorage','99501','Boris@juanita.biz','433325456'),
 ('18','47082432888','Brady','Ramirez','140 South Hill Avenue','Fayetteville','72701','Brad.Gulgowski@rebeka.biz','826932893'),
 ('19','49010336518','Brock','Mosley','1404 James Way','Edgewater','21037','Braulio@anjali.com','136591385'),
 ('20','49040819131','Nathaniel','Greer','1405 Monroe Street Northeast','Washington','20017','Caden_Bashirian@jerod.biz','768973329'),
 ('21','49051871339','Grady','Tran','1431 King George Boulevard','Savannah','31419','Carolyne@lane.name','859663232'),
 ('22','49052293136','Cameron','Baldwin','14358 West 88th Place','Arvada','80005','Cecelia_Wolff@zackary.net','559223838'),
 ('23','49100121167','Emerson','Cohen','1452 55th Avenue','Oakland','94621','Charley@finn.us','865213231'),
 ('24','50012437848','Ezra','Mosley','1520 H Street Northwest','Washington','20006','Chelsey_Koch@tianna.co.uk','184282741'),
 ('25','50111023199','Lionel','Elliott','1522 South 36th Street','Louisville','40211','Christa@alba.co.uk','122311692'),
 ('26','50120432795','Kelly','Riley','1528 Stafford Avenue','Hayward','94541','Chyna@sage.net','359611423'),
 ('27','51072949452','Ferris','Coffey','15847 West 74th Place','Arvada','80007','Clara_Purdy@alexandro.com','687571317'),
 ('28','51083062953','Travis','Michael','1630 Eton Way','Crofton','21114','Cleora_Dooley@nico.biz','918438197'),
 ('29','51102941337','Cadman','Sharp','1632 North Lunsford Avenue','Fayetteville','72701','Clifford.Hamill@randi.com','818568493'),
 ('30','51111371558','Tyler','Brock','1635 Generals Highway','Annapolis','21401','Cynthia@floyd.info','933419364'),
 ('31','52051578748','Abbot','Norris','1636 Briarview Court','Severn','21144','Darrion@ona.ca','852248169'),
 ('32','52080784172','Clinton','Cleveland','1711 Lore Road','Anchorage','99507','Delilah_Skiles@marlon.us','445349378'),
 ('33','53051362995','Octavius','Christensen','1713 Arrow Cove Lane','Annapolis','21401','Delpha@gabrielle.us','721489493'),
 ('34','54092691635','Connor','Stevenson','1738 Annabellas Drive','Panama City Beach','32407','Dessie@lou.co.uk','532928145'),
 ('35','54110332986','Rooney','Thomas','1771 Daisey Court','Millersville','21108','Dolores_Pfeffer@mattie.biz','912413437'),
 ('36','55032338368','Travis','Wade','1809 Cedar Drive','Severn','21144','Domingo.Quigley@mara.net','195233181'),
 ('37','55061985458','Prescott','Cohen','1900 West Virginia Avenue Northeast','Washington','20002','Donec.luctus.aliquet@dis.co.uk','667225547'),
 ('38','55090649187','Levi','Weaver','1901 North Midwest Boulevard','Edmond','73034','Donec@turpisnon.co.uk','578744133'),
 ('39','56020931286','Vance','Horn','1903 Bashford Manor Lane','Louisville','40218','Douglas.Effertz@dorothea.io','634611928'),
 ('40','56101473278','Connor','Brooks','19416 Barclay Road','Castro Valley','94546','Easter.Pollich@hallie.name','992846575'),
 ('41','57040646299','Carlos','Sharp','19590 East Batavia Drive','Aurora','80011','Edison@shaniya.net','886638361'),
 ('42','57062088369','Brandon','Chase','1960 Sigfrid Court','Annapolis','21401','Edwardo.Renner@lucas.com','462764363'),
 ('43','57072476615','Octavius','Eaton','2027 North Shannon Drive','Fayetteville','72703','Elouise.Smitham@magnolia.io','346962373'),
 ('44','57083162853','Cameron','Walton','2036 Gorgas Street','Montgomery','36106','Elroy@shany.biz','827657911'),
 ('45','57113046218','Hall','Weaver','2057 Lucas Street','Montgomery','36107','Emil_Spinka@horacio.co.uk','573266719'),
 ('46','58031258321','Garrett','Morse','208 Towne Lake Way','Pooler','31322','Fausto_Abernathy@deshawn.tv','638351572'),
 ('47','58042849833','Stewart','Santiago','2106 Standard Avenue','Louisville','40210','Florida_Abbott@rubie.biz','812156925'),
 ('48','59042373562','Curran','Kinney','212 Holiday Circle','Savannah','31419','Florida_Simonis@frederique.us','336284483'),
 ('49','59121331799','Kenyon','Carroll','2204 7th Street Road','Louisville','40208','Francisco.Price@amelia.us','869421172'),
 ('50','59121877297','Paul','Cohen','222 Plymouth Street','Middleborough','02346','Godfrey@nina.co.uk','618362827'),
 ('51','60022025685','Tyler','Michael','2248 South Sutherland Drive','Montgomery','36116','Golden@rocio.tv','598337392'),
 ('52','60042585383','Dean','Lloyd','22825 North 74th Lane','Glendale','85310','Haylee.Cruickshank@paula.me','193695971'),
 ('53','60051519159','Troy','Carroll','2285 Wold Run Drive','Fayetteville','72704','Haylee_Osinski@denis.org','442767244'),
 ('54','60090881813','Cedric','Fischer','23 Whitcomb Street','Springfield','05156','Houston@adolph.org','323493663'),
 ('55','61022237513','Demetrius','Baldwin','236 Alden Road','Hayward','94541','Houston@emmalee.ca','413487244'),
 ('56','62021768899','Kareem','Sharp','238 West Rock Street','Fayetteville','72701','Isabel.Macejkovic@maddison.me','633759343'),
 ('57','62062931128','Octavius','Hines','2406 Lindbergh Drive','Louisville','40208','Iva@khalil.com','863128479'),
 ('58','62083177589','Ian','Valenzuela','2441 Chase Park Drive','Montgomery','36110','Jace@braulio.com','523264758'),
 ('59','63031977732','Kenyon','Baldwin','2505 Walker Lane','Nashville','37207','Jany.Toy@blair.name','834892446'),
 ('60','64020737665','Kermit','Thomas','2622 Martin Luther King Junior Boulevard','Fayetteville','72704','Jany@hester.net','911249281'),
 ('61','64070267244','Garrett','Gamble','28 Wilfred Road','Manchester','06040','Jaunita.McClure@marvin.info','565932841'),
 ('62','65062344215','Raja','Stevenson','2902 Flint Street','Union City','94587','Jaylan@gerhard.io','433913821'),
 ('63','66032064474','Sylvester','Hays','310 Timrod Road','Manchester','06040','Jessika@gardner.co.uk','724881446'),
 ('64','67030932826','Eric','Justice','3104 Southwest 46th Street','Oklahoma City','73119','Joaquin@juanita.ca','566233339'),
 ('65','68080298977','Brady','Summers','3118 Sora Avenue','Louisville','40213','Julian@trever.net','219847939'),
 ('66','69010651532','Ferris','Romero','3138 P Street Northwest','Washington','20007','Kara@osbaldo.biz','925824116'),
 ('67','69031176713','Plato','Cohen','3140 Commander Drive','Louisville','40220','Kay@abby.org','228667996'),
 ('68','69082981254','Herrod','Pace','3194 Bladensburg Road Northeast','Washington','20018','Keanu@garland.tv','642654386'),
 ('69','70031772373','Rafael','Velasquez','3301 Nora Lane','Louisville','40220','Keyshawn@jaron.net','811215844'),
 ('70','70061462624','Cadman','Greer','3301 Old Muldoon Road','Anchorage','99504','Kristian_Runolfsson@gage.biz','765425299'),
 ('71','70062147584','Armando','Coffey','34 Holyoke Road','Manchester','06040','Kyler_Abshire@adah.io','696343231'),
 ('72','70102547138','Kermit','Mosley','3466 Southview Avenue','Montgomery','36111','Laurie@jordan.name','592727592'),
 ('73','71032542369','Malachi','Snow','347 Brewer Drive','Nashville','37211','Lenna.Kessler@linnea.co.uk','478138742'),
 ('74','71090239858','Cullen','Cleveland','3517 S Street Northwest','Washington','20007','Lera.Jaskolski@jamaal.info','393746552'),
 ('75','71091638281','Raja','Jacobs','361 Parmley Lane','Nashville','37207','Lula_Price@hilbert.name','521445798'),
 ('76','72090326542','Octavius','Cleveland','37 Fieldside Drive','Groton','06340','Manuel@joanny.co.uk','312618163'),
 ('77','74060767124','Connor','Fitzgerald','3701 Lake Towne Drive','Nashville','37013','Mark@jace.ca','441938151'),
 ('78','74112552692','Abbot','Grimes','4 Old Colony Way','Yarmouth','02664','Maynard@melissa.org','583161313'),
 ('79','75062474999','Kareem','Cohen','4 Orchard Street','Manchester','06040','Meagan@ferne.biz','231926496'),
 ('80','75072814457','Anthony','Mendez','4113 Holiday Drive','Panama City','32408','Michelle.Schaden@marisa.co.uk','565966861'),
 ('81','75122586914','Cameron','Maxwell','416 McIver Street','Nashville','37211','Modesta_Kassulke@nayeli.me','728144941'),
 ('82','76030172459','Demetrius','Chase','4221 East Mission Boulevard','Fayetteville','72703','Nat_Armstrong@marjolaine.us','674437546'),
 ('83','76120458681','Anthony','Weaver','4231 Miramonte Way','Union City','94587','Newton.Schinner@loma.net','369476936'),
 ('84','76121134665','Geoffrey','Henderson','457 Mountain Village Boulevard','Mountain Village','81435','Nicolette.Hackett@catharine.us','963881913'),
 ('85','78090572846','Orlando','Grimes','4600 East Huntsville Road','Fayetteville','72701','Nikita_Hegmann@ericka.biz','422236541'),
 ('86','79031187914','Travis','Schmidt','4600 Ritchie Highway','Baltimore','21225','Noelia.Hammes@josephine.com','371515456'),
 ('87','79062635624','Herrod','Clements','4604 Virginia Loop Road','Montgomery','36116','Otilia@marlon.name','977524361'),
 ('88','80052784552','Kareem','Hays','4617 East 3rd Street','Panama City','32404','Ottis@forest.io','246399851'),
 ('89','81022428735','Vincent','Price','5108 Franklin Street','Savannah','31405','Percy@reece.ca','813281619'),
 ('90','82013146818','Raymond','Ellis','5114 Greentree Drive','Nashville','37211','Petra_Huel@prudence.com','284528633'),
 ('91','82072164499','Herrod','Maxwell','52 Oleary Drive','Manchester','06040','Rae_Rath@libbie.biz','387355327'),
 ('92','82102479616','Blaze','Horn','5329 A Street','Greeley','80634','Rahul@coby.us','295522771'),
 ('93','82112892263','Colorado','Jackson','5385 Iris Street','Arvada','80002','Richard_King@frederick.biz','281246348'),
 ('94','83010681223','Connor','Silva','5396 North Reese Avenue','Fresno','93722','River@yolanda.ca','977995267'),
 ('95','84072111792','Bradley','Wise','545 Tracey Drive','Panama City','32404','Robin@tia.ca','121935599'),
 ('96','85032417952','Ian','Snow','553 South Arlington Road','Orange','92869','Rodrick_Shanahan@keith.com','589988835'),
 ('97','85033197541','Brady','Blanchard','5615 West Villa Maria Drive','Glendale','85308','Samanta_Brekke@era.com','496327175'),
 ('98','86021313569','Travis','Love','5811 Crossings Boulevard','Nashville','37013','Serena@pat.ca','229413916'),
 ('99','87112172386','Burton','Brooks','5928 West Mauna Loa Lane','Glendale','85306','Shad.Bechtelar@damion.ca','512398584'),
 ('100','88011056429','Octavius','Elliott','600 West 19th Avenue','Anchorage','99503','Shad@eric.io','151979717'),
 ('101','88101579463','Burton','Delacruz','6231 North 59th Avenue','Glendale','85301','Stefanie@johnpaul.biz','361699514'),
 ('102','89060782372','Plato','Coffey','642 South 2nd Street','Louisville','40202','Suspendisse.dui.Fusce@Nuncacsem.org','139939964'),
 ('103','89110861776','Orlando','Sutton','6431 Shattuck Avenue','Oakland','94609','Thora@jeremie.net','792584338'),
 ('104','89122065612','Stone','Lloyd','65 Arcellia Drive','Manchester','06042','Trycia_Boyer@abigale.biz','971471338'),
 ('105','90030371472','Vincent','Flores','6748 West San Juan Avenue','Glendale','85303','Viviane@macie.biz','168866954'),
 ('106','91092018273','Ezra','Vaughn','7 Underwood Place Northwest','Washington','20012','Viviane@wilford.info','992988749'),
 ('107','93022189354','Ray','Horn','7024 Johnny Mercer Boulevard','Savannah','31410','Vivianne.Pfannerstill@ollie.tv','326361126'),
 ('108','93041318953','Nathaniel','Gamble','7047 Vinson Road','Panama City','32413','Walker.Grant@kyla.net','925836676'),
 ('109','93042792767','Devin','Oneal','74 Heard Street','Chelsea','02150','Walker_Murray@curtis.io','357936534'),
 ('110','93060998983','Nero','Fitzpatrick','7431 Candace Way','Louisville','40214','Webster_Ankunding@karl.org','991195692'),
 ('111','93082315939','Tyrone','Garner','7529 West 72nd Avenue','Arvada','80003','Wilburn_McClure@kamryn.biz','436755934'),
 ('112','95012696147','Thomas','Deleon','8010 Holland Court','Arvada','80005','Wiley@colleen.org','471545118'),
 ('113','95101398295','Herrod','Luna','81 Seaton Place Northwest','Washington','20001','augue.scelerisque.mollis@ut.org','894336898'),
 ('114','96061728964','Ray','Justice','8202 4 Winds Drive','Lyndon','40222','egestas.nunc@metussit.org','569482984'),
 ('115','96111183321','Grady','Ellis','822 Bowden Street','Savannah','31415','facilisis@convalliserat.org','866372798'),
 ('116','97121371281','Troy','Blanchard','829 Dunbarton Road','Montgomery','36117','massa.non.ante@sempertellus.ca','256831764'),
 ('117','98041219945','Levi','Joyce','88 Shute Street','Everett','02149','netus@nequeIn.com','881593238'),
 ('118','98090418951','Kareem','Lloyd','9036 Calico Court','Hesperia','92344','nisi.Mauris.nulla@acmattis.co.uk','916937626'),
 ('119','98112638817','Abbot','Carter','9101 Vanguard Drive','Anchorage','99507','sed.turpis.nec@rutrumFusce.com','272847689'),
 ('120','99051259679','Tyrone','Nielsen','912 Countryside Lane','Montgomery','36117','urna.Ut@a.org','946518499');


INSERT INTO groups_students (group_id, student_id) VALUES 
--1a
('1','1'),
('1','2'),
('1','3'),
('1','4'),
('1','5'),
('1','6'),
('1','7'),
--Języki
('17','1'),
('21','2'),
('32','3'),
('24','4'),
('32','5'),
('21','6'),
('32','7'),
--WF
('49','1'),
('49','2'),
('68','3'),
('49','4'),
('68','5'),
('68','6'),
('68','7'),
--Angielski
('93','1'),
('81','2'),
('93','3'),
('81','4'),
('93','5'),
('81','6'),
('81','7'),

--1b
('2','8'),
('2','9'),
('2','10'),
('2','11'),
('2','12'),
('2','13'),
('2','14'),
('2','15'),
--Języki
('22','8'),
('18','9'),
('33','10'),
('18','11'),
('33','12'),
('33','13'),
('25','14'),
('25','15'),
--WF
('52','8'),
('62','9'),
('52','10'),
('62','11'),
('52','12'),
('52','13'),
('62','14'),
('62','15'),
--Angielski
('77','8'),
('77','9'),
('98','10'),
('77','11'),
('98','12'),
('77','13'),
('77','14'),
('98','15'),

--1c
('3','16'),
('3','17'),
('3','18'),
('3','19'),
('3','20'),
('3','21'),
('3','22'),
('3','23'),
('3','24'),
--Języki
('26','16'),
('34','17'),
('34','18'),
('22','19'),
('17','20'),
('26','21'),
('34','22'),
('26','23'),
('34','24'),
--WF
('48','16'),
('70','17'),
('48','18'),
('48','19'),
('70','20'),
('70','21'),
('70','22'),
('48','23'),
('70','24'),
--Angielski
('105','16'),
('96','17'),
('105','18'),
('105','19'),
('96','20'),
('105','21'),
('96','22'),
('105','23'),
('96','24'),

--1d
('4','25'),
('4','26'),
('4','27'),
('4','28'),
('4','29'),
('4','30'),
('4','31'),
('4','32'),
--Języki
('18','25'),
('18','26'),
('21','27'),
('35','28'),
('25','29'),
('35','30'),
('35','31'),
('25','32'),
--WF
('57','25'),
('48','26'),
('57','27'),
('48','28'),
('57','29'),
('57','30'),
('48','31'),
('57','32'),
--Angielski
('79','25'),
('84','26'),
('79','27'),
('79','28'),
('79','29'),
('84','30'),
('84','31'),
('79','32'),

--1e
('5','33'),
('5','34'),
('5','35'),
('5','36'),
('5','37'),
('5','38'),
('5','39'),
--Języki
('36','33'),
('36','34'),
('17','35'),
('36','36'),
('24','37'),
('21','38'),
('36','39'),
--WF
('107','33'),
('107','34'),
('107','35'),
('50','36'),
('107','37'),
('107','38'),
('50','39'),
--Angielski
('100','33'),
('92','34'),
('100','35'),
('92','36'),
('100','37'),
('100','38'),
('92','39'),

--1f
('6','40'),
('6','41'),
('6','42'),
('6','43'),
('6','44'),
('6','45'),
--Języki
('37','40'),
('18','41'),
('37','42'),
('27','43'),
('37','44'),
('37','45'),
--WF
('54','40'),
('59','41'),
('54','42'),
('54','43'),
('59','44'),
('54','45'),
--Angielski
('95','40'),
('95','41'),
('95','42'),
('102','43'),
('102','44'),
('102','45'),

--1g
('7','46'),
('7','47'),
('7','48'),
('7','49'),
('7','50'),
('7','51'),
('7','52'),
('7','53'),
('7','54'),
('7','55'),
('7','56'),
--Języki
('26','46'),
('22','47'),
('38','48'),
('26','49'),
('21','50'),
('17','51'),
('38','52'),
('38','53'),
('17','54'),
('38','55'),
('38','56'),
--WF
('58','46'),
('53','47'),
('58','48'),
('58','49'),
('58','50'),
('53','51'),
('58','52'),
('58','53'),
('58','54'),
('53','55'),
('58','56'),
--Angielski
('76','46'),
('99','47'),
('76','48'),
('76','49'),
('99','50'),
('99','51'),
('76','52'),
('76','53'),
('76','54'),
('99','55'),
('76','56'),

--1h
('8','57'),
('8','58'),
('8','59'),
('8','60'),
('8','61'),
('8','62'),
('8','63'),
--Języki
('18','57'),
('21','58'),
('18','59'),
('38','60'),
('27','61'),
('27','62'),
('38','63'),
--WF
('65','57'),
('53','58'),
('65','59'),
('53','60'),
('65','61'),
('65','62'),
('65','63'),
--Angielski
('103','57'),
('82','58'),
('82','59'),
('103','60'),
('82','61'),
('103','62'),
('82','63'),


--2a
('9','64'),
('9','65'),
('9','66'),
('9','67'),
('9','68'),
('9','69'),
('9','70'),
('9','71'),
('9','72'),
--Języki
('39','64'),
('39','65'),
('28','66'),
('39','67'),
('20','68'),
('23','69'),
('28','70'),
('28','71'),
('39','72'),
--WF
('71','64'),
('74','65'),
('74','66'),
('71','67'),
('74','68'),
('71','69'),
('71','70'),
('74','71'),
('71','72'),
--Angielski
('87','64'),
('104','65'),
('87','66'),
('104','67'),
('104','68'),
('104','69'),
('104','70'),
('87','71'),
('87','72'),

--2b
('10','73'),
('10','74'),
('10','75'),
('10','76'),
('10','77'),
('10','78'),
--Języki
('40','73'),
('28','74'),
('40','75'),
('40','76'),
('40','77'),
('20','78'),
--WF
('63','73'),
('71','74'),
('63','75'),
('63','76'),
('71','77'),
('63','78'),
--Angielski
('75','73'),
('75','74'),
('94','75'),
('75','76'),
('94','77'),
('75','78'),

--2c
('11','79'),
('11','80'),
('11','81'),
('11','82'),
('11','83'),
('11','84'),
('11','85'),
--Języki
('29','79'),
('23','80'),
('29','81'),
('41','82'),
('29','83'),
('23','84'),
('29','85'),
--WF
('61','79'),
('61','80'),
('56','81'),
('61','82'),
('56','83'),
('61','84'),
('56','85'),
--Angielski
('88','79'),
('89','80'),
('88','81'),
('89','82'),
('88','83'),
('89','84'),
('88','85'),

--2d
('12','86'),
('12','87'),
('12','88'),
('12','89'),
('12','90'),
('12','91'),
('12','92'),
--Języki
('46','86'),
('42','87'),
('30','88'),
('30','89'),
('42','90'),
('19','91'),
('42','92'),
--WF
('66','86'),
('66','87'),
('47','88'),
('66','89'),
('47','90'),
('47','91'),
('66','92'),
--Angielski
('101','86'),
('80','87'),
('101','88'),
('80','89'),
('101','90'),
('101','91'),
('80','92'),

--2e
('13','93'),
('13','94'),
('13','95'),
('13','96'),
('13','97'),
('13','98'),
--Języki
('19','93'),
('46','94'),
('41','95'),
('30','96'),
('41','97'),
('30','98'),
--WF
('60','93'),
('73','94'),
('60','95'),
('73','96'),
('73','97'),
('73','98'),
--Angielski
('86','93'),
('83','94'),
('83','95'),
('86','96'),
('83','97'),
('86','98'),

--2f
('14','99'),
('14','100'),
('14','101'),
('14','102'),
('14','103'),
('14','104'),
('14','105'),
--Języki
('43','99'),
('46','100'),
('23','101'),
('28','102'),
('20','103'),
('46','104'),
('20','105'),
--WF
('60','99'),
('51','100'),
('60','101'),
('51','102'),
('51','103'),
('51','104'),
('60','105'),
--Angielski
('90','99'),
('90','100'),
('91','101'),
('91','102'),
('90','103'),
('91','104'),
('90','105'),

--2g
('15','106'),
('15','107'),
('15','108'),
('15','109'),
('15','110'),
('15','111'),
('15','112'),
--Języki
('19','106'),
('44','107'),
('31','108'),
('19','109'),
('44','110'),
('23','111'),
('19','112'),
--WF
('69','106'),
('72','107'),
('69','108'),
('72','109'),
('69','110'),
('69','111'),
('72','112'),
--Angielski
('85','106'),
('97','107'),
('85','108'),
('85','109'),
('97','110'),
('85','111'),
('85','112'),

--2h
('16','113'),
('16','114'),
('16','115'),
('16','116'),
('16','117'),
('16','118'),
('16','119'),
('16','120'),
--Języki
('23','113'),
('31','114'),
('45','115'),
('45','116'),
('31','117'),
('45','118'),
('19','119'),
('19','120'),
--WF
('72','113'),
('64','114'),
('72','115'),
('64','116'),
('72','117'),
('64','118'),
('64','119'),
('64','120'),
--Angielski
('78','113'),
('106','114'),
('78','115'),
('78','116'),
('106','117'),
('78','118'),
('106','119'),
('78','120');



 INSERT INTO legal_guardians (guardian_id, PESEL, name, surname, street, city, postalCode, email, phone) VALUES
 ('1','00210717433','Nathaniel','Reeves','10 Dalry Lane','Savannah','31419','Abbigail@paolo.ca','893412115'),
 ('2','00231383174','Abraham','Maxwell','10124 Watsonville Road','Louisville','40272','Abner.Orn@ila.name','656611963'),
 ('3','00252518593','Tyrone','Silva','102 East Cydnee Street','Fayetteville','72703','Abner@juwan.biz','452569341'),
 ('4','00320547852','Hall','Baldwin','10304 North 179th Drive','Waddell','85355','Adaline_McClure@hailee.com','232664398'),
 ('5','02260326726','Abraham','Caldwell','1040 West 27th Avenue','Anchorage','99503','Adrain@nella.name','216416138'),
 ('6','02301121884','Galvin','Morse','107 Laurel Green Court','Savannah','31419','Adrianna@mossie.ca','615454487'),
 ('7','03321999383','Caldwell','Brooks','10881 Northforde Drive','Cupertino','95014','Albina@jarrod.ca','184721968'),
 ('8','44022619343','Wesley','Robles','109 Cambridge Station Road','Louisville','40223','Alec.Kshlerin@gunner.us','588288818'),
 ('9','44050434475','Micah','Faulkner','110 Castle Hill','Manchester','06040','Alexzander@herminio.co.uk','332489457'),
 ('10','44082783389','Octavius','Tran','110 Seaton Place Northwest','Washington','20001','Aliquam.nec.enim@mattisvelitjusto.com','976736462'),
 ('11','44093075426','Keith','Delacruz','1106 Homer Avenue','Savannah','31405','Amos_Abshire@leif.tv','959414165'),
 ('12','45051442953','Herrod','Caldwell','11843 North 60th Avenue','Glendale','85304','Annabel@oda.biz','621376312'),
 ('13','46071549451','Len','Maxwell','12 Kane Road','Manchester','06040','Annamae@madeline.us','633582183'),
 ('14','46120143494','Nero','Velasquez','1216 West Hill Street','Louisville','40210','Antonina_Grady@maybelle.ca','985782918'),
 ('15','47082432888','Tyler','Harding','1223 Delaware Avenue','Deale','20733','Armani.Greenfelder@ida.me','526852333'),
 ('16','49010336518','Orlando','Eaton','1234 Carmel Street','Madera','93638','Austin@assunta.biz','947418437'),
 ('17','49031591394','Cedric','Caldwell','12460 West Solano Drive','Litchfield Park','85340','Beau@edgar.us','237616585'),
 ('18','49051871339','Anthony','Mendez','126 Marjorie Lane','Manchester','06042','Bennett.Cassin@noemie.ca','549891159'),
 ('19','49070863843','Judah','Ellis','140 South Hill Avenue','Fayetteville','72701','Bernice@kaya.org','943689376'),
 ('20','50012437848','Damon','Carroll','1403 Lincoln Street','Savannah','31401','Bert.Williamson@timmy.me','939515915'),
 ('21','50120432795','Brady','Summers','1516 Ringe Drive','Severn','21144','Brad@luna.io','757659994'),
 ('22','50121395866','Nathaniel','Mendez','15847 West 74th Place','Arvada','80007','Brandyn@yolanda.co.uk','171258693'),
 ('23','51010862375','Orlando','Sharp','1622 Edgar D Nixon Avenue','Montgomery','36104','Brett@lourdes.us','936178127'),
 ('24','52102425634','Stone','Coffey','171 Brickhill Circle','Pooler','31322','Brielle@george.tv','821325352'),
 ('25','53022273417','Aquila','Snow','1732 27th Avenue','Oakland','94601','Callie.Ruecker@horace.io','626433122'),
 ('26','53031491837','Burton','Lloyd','1745 T Street Southeast','Washington','20020','Camille@yadira.com','974487612'),
 ('27','53032852857','Vance','Skinner','1753 Zion Road','Fayetteville','72703','Candace.Schmidt@dora.tv','131487717'),
 ('28','54082297748','Cadman','Mosley','1771 Daisey Court','Millersville','21108','Carli.Ryan@lenny.us','427798931'),
 ('29','55061985458','Isaiah','Justice','1831 Frankford Avenue','Panama City','32405','Carole_Stroman@amari.us','667921542'),
 ('30','55112833116','Donovan','Ramirez','1838 Crofton Parkway','Crofton','21114','Carolina_Bailey@marianna.info','211552546'),
 ('31','57062088369','Cedric','Blanchard','188 River Road','Essex','05452','Casper.Botsford@janelle.biz','853518815'),
 ('32','57072476615','Cullen','Elliott','1915 Southeast 29th Street','Oklahoma City','73129','Cedrick.Gerhold@claudie.org','656817715'),
 ('33','57083162853','Stone','Morrow','19404 North 77th Avenue','Glendale','85308','Chadd@lamar.info','977172949'),
 ('34','57090281118','Brady','Mosley','195 Nursery Street','Springfield','01104','Cynthia@floyd.info','659657767'),
 ('35','57092814615','Kermit','Ramirez','2027 North Shannon Drive','Fayetteville','72703','Damien@art.name','565651823'),
 ('36','58032061353','Kareem','Robles','207 Spruce Street','Manchester','06040','Dax@jason.info','198394485'),
 ('37','58042849833','Herrod','Lloyd','210 Lacross Lane','Westmore','05860','Devon.Glover@jennyfer.net','997322724'),
 ('38','59010931941','Sylvester','Garner','2100 Sandy Creek Trail','Edmond','73013','Diana@kaleigh.name','857644793'),
 ('39','59040291691','Aquila','Harding','22 Gallatin Street Northeast','Washington','20011','Douglas@anastacio.info','844573371'),
 ('40','59121331799','Lane','Luna','2203 7th Street Road','Louisville','40208','Drew@jayda.tv','447123862'),
 ('41','60042074421','Chadwick','Eaton','2212 Greenville Street','Montgomery','36107','Duis.risus.odio@dolor.co.uk','858739238'),
 ('42','61031083864','Chadwick','Sampson','2276 West Woodley Square','Montgomery','36116','Edgardo@haylee.org','557789576'),
 ('43','62062931128','Xanthus','Kinney','232 Maine Avenue','Panama City','32401','Edison@shaniya.net','495244571'),
 ('44','62072825581','Cameron','Faulkner','2414 Parker Street','Berkeley','94704','Eladio@florence.com','252532416'),
 ('45','62083177589','Lionel','Sharp','24147 Clinton Court','Hayward','94545','Elmira@melody.co.uk','375711198'),
 ('46','63060298369','Clinton','Thomas','25 Morton Street','Quincy','02169','Elvera_Wolff@chris.ca','771135345'),
 ('47','63102621364','Abbot','Montoya','2500 Snowdoun Chambers Road','Montgomery','36105','Emily@raymundo.tv','177982286'),
 ('48','64020737665','Ira','Cohen','264 Crest Drive','Soldotna','99669','Ernestine_Cormier@armando.biz','443593218'),
 ('49','64062198459','Demetrius','Romero','2755 Country Drive','Fremont','94536','Estelle_Conroy@ray.org','451597341'),
 ('50','64091744333','Tate','Kinney','28 Wilfred Road','Manchester','06040','Esther.Bode@princess.com','497979444'),
 ('51','64100938531','Lionel','Clements','2931 Shady Oaks Drive','Evans','80620','Eulalia@tyreek.net','745853332'),
 ('52','64122237654','Burton','Barnett','311 South Panama Street','Montgomery','36107','Fabian_Harvey@aric.biz','559784978'),
 ('53','65032838584','Abdul','Robles','312 North Cove Boulevard','Panama City','32401','Felicia@dave.tv','146836752'),
 ('54','65051043763','Nero','Hays','317 Windsor Road','Savannah','31419','Fletcher_Legros@aryanna.net','739329214'),
 ('55','65060372214','Grady','Justice','3194 Bladensburg Road Northeast','Washington','20018','Francisco.Price@amelia.us','723164482'),
 ('56','65120259996','Paul','Montoya','3219 Lakeshore Drive','Nashville','37138','Gayle@aletha.tv','331827898'),
 ('57','66040578967','Ahmed','Marquez','3228 Chettenham Drive','Rancho Cordova','95670','Geoffrey@allen.me','651135379'),
 ('58','67010194897','Grady','Fischer','33 Pond Avenue','Brookline','02445','Grady@einar.io','151826524'),
 ('59','67030932826','Jerry','Hays','3301 Old Muldoon Road','Anchorage','99504','Gregory_McDermott@kamren.me','363575938'),
 ('60','67032184498','Harding','Hobbs','3321 Furman Boulevard','Louisville','40220','Gunner.Brekke@courtney.biz','116622113'),
 ('61','67082946468','Jerry','Bonner','34 Holyoke Road','Manchester','06040','Haskell@elissa.biz','468447425'),
 ('62','68031842897','Ira','Vargas','343 Daman Drive','Montgomery','36108','Haylee_Osinski@denis.org','246741556'),
 ('63','68060562889','Connor','Gamble','347 Brewer Drive','Nashville','37211','Idella@florian.tv','491681412'),
 ('64','68080298977','Curran','Marquez','35 Keach Avenue','Worcester','01607','Ivory@darien.biz','746623444'),
 ('65','70061462624','Chaim','Morrow','3620 Colmar Drive','Louisville','40211','Jamey.Harris@sage.tv','491862139'),
 ('66','70062147584','Xanthus','Velasquez','3722 Kisling Loop','Tyndall Air Force Base','32403','Jaquan_Carroll@aric.io','798832698'),
 ('67','71010715749','Tate','Cohen','386 Daniels Road','New Haven','05472','Jaunita.McClure@marvin.info','175487427'),
 ('68','71090749399','Micah','Horn','403 Turkey Creek Road','Mathews','36052','Joel_Marvin@alice.com','692622359'),
 ('69','72080232253','Cedric','Deleon','412 Virginia Avenue','Louisville','40222','Karelle@crystel.biz','187858279'),
 ('70','73081675863','Len','Carter','4136 East Virginia Lane','Montgomery','36116','Karen.Eichmann@tressa.org','492995587'),
 ('71','73091272429','Cameron','Foreman','424 Callan Avenue','San Leandro','94577','Karlie@jarred.biz','121415395'),
 ('72','74051587469','Orlando','Morrow','43 Henderson Avenue','Savannah','31406','Katelyn.Stokes@russ.name','918324932'),
 ('73','75121213682','Chaim','Flores','44 Campfield Road','Manchester','06040','Kathryne_Rau@nels.co.uk','117916524'),
 ('74','75122586914','Kermit','Carter','4438 Maine Avenue','Baldwin Park','91706','Katrina@keith.us','643366785'),
 ('75','78090572846','Chadwick','Williams','4617 East 3rd Street','Panama City','32404','Kay@abby.org','912435527'),
 ('76','79020666516','Raymond','Brock','4709 Blagden Terrace Northwest','Washington','20011','Kellie_Kilback@gavin.ca','361488128'),
 ('77','79031187914','Abraham','Garner','4807 North Grove Avenue','Warr Acres','73122','Laron@aubrey.co.uk','944919744'),
 ('78','80022044558','Eric','Ellis','4924 West 65th Avenue','Arvada','80003','Leif@preston.org','667961553'),
 ('79','80052784552','Rooney','Williams','4981 Shirley Way','Livermore','94550','Levi.Pfannerstill@kitty.tv','712169772'),
 ('80','80082282947','Donovan','Luna','503 Orchard Road','Glen Burnie','21061','Liliana@nelle.info','235217479'),
 ('81','80111252372','Octavius','Deleon','513 Habberton Road','Fayetteville','72703','Lilyan.Stiedemann@soledad.ca','134789713'),
 ('82','81071424195','Orlando','Maxwell','5201 North Miller Avenue','Oklahoma City','73112','Lonie@callie.tv','865433565'),
 ('83','81080968686','Kaseem','Horn','5222 West Laurie Lane','Glendale','85302','Margarette@daija.com','616546852'),
 ('84','81081188753','Cadman','Nielsen','5334 West Northern Avenue','Glendale','85301','Marlen_Nolan@toney.me','534741562'),
 ('85','82010334773','Abbot','Le','5370 Business Park Drive','Montgomery','36116','Maryse@adam.name','422739445'),
 ('86','82013146818','Kareem','Chase','5378 Allison Street','Arvada','80002','Melvina@camila.io','626176451'),
 ('87','82092154719','Octavius','Blanchard','5470 Atlanta Highway','Montgomery','36109','Meredith@therese.name','836578654'),
 ('88','82093064431','Kaseem','Nielsen','555 North Dupont Avenue','Nashville','37115','Mikayla@imogene.info','593662851'),
 ('89','82111983542','Rafael','Fischer','562 South Pierremont Drive','Fayetteville','72701','Minerva@clare.biz','648337762'),
 ('90','82112892263','Raja','Cohen','5628 West Tonopah Drive','Glendale','85308','Miracle@dora.us','126178331'),
 ('91','83033112685','Abraham','Eaton','570 Broadway','Lynnfield','01940','Mohamed@dayna.name','931526533'),
 ('92','84071528241','Ahmed','Lloyd','5792 Owl Hill Avenue','Santa Rosa','95409','Mortimer.Kilback@jacklyn.biz','578657936'),
 ('93','84072111792','Fuller','Chase','6007 Applegate Lane','Louisville','40219','Neil_Murray@alia.ca','843842724'),
 ('94','85031428247','Herrod','Justice','6049 Quail Street','Arvada','80004','Nils@ocie.tv','899384682'),
 ('95','85050978738','Abbot','Henderson','615 Q Street Northwest','Washington','20001','Ole@annabel.name','233841149'),
 ('96','85100431862','Judah','Coffey','6231 North 59th Avenue','Glendale','85301','Opal.Hickle@gaylord.com','383626939'),
 ('97','85121665181','Judah','Jacobs','6244 Sun River Drive','Sacramento','95824','Paul@sally.biz','425511478'),
 ('98','86052016228','Kelly','Jackson','6424 Simms Street','Arvada','80004','Philip@mariano.com','741578845'),
 ('99','87011229178','Wesley','Snow','6460 Vermont 113','Vershire','05079','Quinton@ottilie.com','531349559');

INSERT INTO guardians_students (guardian_id, student_id) VALUES
('1','63'),
('2','7'),
('3','73'),
('4','98'),
('5','101'),
('5','67'),
('6','77'),
('7','113'),
('7','17'),
('8','80'),
('9','112'),
('10','65'),
('11','70'),
('12','62'),
('13','9'),
('14','45'),
('14','120'),
('15','25'),
('16','115'),
('17','35'),
('18','96'),
('18','27'),
('19','57'),
('20','32'),
('21','31'),
('22','53'),
('23','109'),
('23','16'),
('24','84'),
('25','42'),
('26','74'),
('26','105'),
('27','29'),
('28','44'),
('29','88'),
('30','6'),
('30','78'),
('31','46'),
('31','5'),
('32','100'),
('33','23'),
('34','81'),
('35','39'),
('36','40'),
('37','48'),
('37','24'),
('38','72'),
('39','107'),
('40','85'),
('41','8'),
('42','94'),
('43','92'),
('43','30'),
('44','10'),
('44','3'),
('45','26'),
('46','2'),
('47','71'),
('48','114'),
('48','11'),
('49','37'),
('50','18'),
('50','97'),
('51','13'),
('52','12'),
('53','116'),
('54','41'),
('54','103'),
('55','14'),
('55','87'),
('56','55'),
('57','89'),
('58','61'),
('59','102'),
('60','79'),
('61','119'),
('62','68'),
('63','4'),
('63','106'),
('64','58'),
('65','1'),
('66','56'),
('67','15'),
('68','49'),
('69','90'),
('70','86'),
('71','110'),
('72','33'),
('73','20'),
('74','118'),
('74','108'),
('75','99'),
('75','47'),
('76','34'),
('77','75'),
('78','54'),
('79','51'),
('80','69'),
('81','95'),
('82','19'),
('83','76'),
('83','43'),
('84','38'),
('85','104'),
('86','83'),
('86','22'),
('87','64'),
('88','50'),
('89','93'),
('89','28'),
('90','52'),
('91','21'),
('92','117'),
('93','82'),
('94','111'),
('95','91'),
('96','60'),
('97','66'),
('98','36'),
('99','59');

 INSERT INTO lessons (lesson_id, group_id, subject_id,date,slot, topic) VALUES 
 (1, 1, 1, '2019-05-27',3, 'Wzory Viete`a'),
 (2, 2, 14,'2019-05-27',5, 'Budowa układu pokarmowego'),
 (3, 89, 4,'2019-05-28',4, 'Past Perfect Continuous'),
 (4, 100, 18,'2019-05-28',1, 'Gimp'),
 (5, 63, 6,'2019-05-28',3, 'Haratanie w gałę'),
 (6, 16, 17,'2019-05-28',6, 'Zwierzęta'),
 (7, 17, 9,'2019-05-30',1, 'Ну, погоди!'),
 (8, 4, 11,'2019-05-30',7, 'Pieniądze');

INSERT INTO absences(lesson_id, student_id) VALUES
(2,8),
(2,15),
(1,6),
(3,84),
(7,51),
(5,78);



INSERT INTO exams(lesson_id, description) VALUES
(1, 'Funkcja kwadratowa'),
(3, 'Punishment for bad behaviour'),
(8, 'Creating database for school');
