insert into subjects values(1,'mathematics');
insert into subjects values(2,'science');
insert into subjects values(3,'physical education');
insert into subjects values(4,'art');
insert into subjects values(5,'english');
insert into subjects values(6,'spanish');
insert into subjects values(7,'french');
insert into subjects values(8,'polish');
insert into subjects values(9,'german');
insert into subjects values(10,'chinese');
insert into subjects values(11,'russian');
insert into subjects values(12,'geography');
insert into subjects values(13,'physics');
insert into subjects values(14,'chemistry');
insert into subjects values(15,'biology');
insert into subjects values(16,'computer science');
insert into subjects values(17,'religion');
insert into subjects values(18,'history');
insert into subjects values(19,'social studies');
insert into subjects values(20,'safety education');

INSERT INTO "teachers" (email,name,surname) VALUES ('pretium.aliquet.metus@vulputatemaurissagittis.ca','Eagan','Cook');
INSERT INTO "teachers" (email,name,surname) VALUES ('erat@lobortisnisinibh.net','Adam','Harris');
INSERT INTO "teachers" (email,name,surname) VALUES ('molestie@magna.net','Caleb','Powers');
INSERT INTO "teachers" (email,name,surname) VALUES ('massa@Maurisquis.org','Xander','Morton');
INSERT INTO "teachers" (email,name,surname) VALUES ('senectus.et@gravida.co.uk','Brady','Melton');
INSERT INTO "teachers" (email,name,surname) VALUES ('nonummy.ut@et.org','Alan','Barton');
INSERT INTO "teachers" (email,name,surname) VALUES ('nec.imperdiet@Maurismolestie.ca','Basil','Thornton');
INSERT INTO "teachers" (email,name,surname) VALUES ('ridiculus@inceptoshymenaeos.co.uk','Emerson','Campbell');
INSERT INTO "teachers" (email,name,surname) VALUES ('aliquam.enim@acorciUt.org','Benjamin','Douglas');
INSERT INTO "teachers" (email,name,surname) VALUES ('libero.at@Quisquetincidunt.co.uk','Camden','Rich');
INSERT INTO "teachers" (email,name,surname) VALUES ('id.erat@orci.org','Reuben','Heath');
INSERT INTO "teachers" (email,name,surname) VALUES ('ante.iaculis.nec@varius.edu','George','Short');
INSERT INTO "teachers" (email,name,surname) VALUES ('dui@ipsumnuncid.org','Cullen','Kinney');
INSERT INTO "teachers" (email,name,surname) VALUES ('Nam.ligula@sit.edu','Ignatius','Cardenas');
INSERT INTO "teachers" (email,name,surname) VALUES ('auctor@pede.org','Lawrence','Golden');
INSERT INTO "teachers" (email,name,surname) VALUES ('dis.parturient.montes@elit.co.uk','Kaseem','Rice');
INSERT INTO "teachers" (email,name,surname) VALUES ('faucibus.leo.in@consequatnec.edu','Philip','Flowers');
INSERT INTO "teachers" (email,name,surname) VALUES ('inceptos.hymenaeos.Mauris@iaculisodio.com','Berk','Mcdonald');
INSERT INTO "teachers" (email,name,surname) VALUES ('In.ornare.sagittis@vestibulum.net','Grant','Bush');
INSERT INTO "teachers" (email,name,surname) VALUES ('pellentesque.tellus.sem@mipede.co.uk','Clark','Lancaster');

insert into teacher_subjects values(1,1);
insert into teacher_subjects values(1,13);
insert into teacher_subjects values(2,14);
insert into teacher_subjects values(3,20);
insert into teacher_subjects values(3,17);
insert into teacher_subjects values(5,4);
insert into teacher_subjects values(6,1);
insert into teacher_subjects values(7,1);
insert into teacher_subjects values(7,16);
insert into teacher_subjects values(7,6);
insert into teacher_subjects values(7,4);
insert into teacher_subjects values(8,8);
insert into teacher_subjects values(8,11);
insert into teacher_subjects values(9,12);
insert into teacher_subjects values(10,10);
insert into teacher_subjects values(11,14);
insert into teacher_subjects values(11,15);
insert into teacher_subjects values(12,1);
insert into teacher_subjects values(12,2);
insert into teacher_subjects values(13,9);
insert into teacher_subjects values(13,17);
insert into teacher_subjects values(14,19);
insert into teacher_subjects values(14,18);
insert into teacher_subjects values(15,13);
insert into teacher_subjects values(15,14);
insert into teacher_subjects values(15,15);
insert into teacher_subjects values(15,2);
insert into teacher_subjects values(16,8);
insert into teacher_subjects values(16,9);
insert into teacher_subjects values(17,4);
insert into teacher_subjects values(17,17);
insert into teacher_subjects values(18,5);
insert into teacher_subjects values(18,8);
insert into teacher_subjects values(19,5);
insert into teacher_subjects values(19,11);
insert into teacher_subjects values(20,1);
insert into teacher_subjects values(20,3);

INSERT INTO "classes" (class_id, name, educator) VALUES ('1','1a','14');
INSERT INTO "classes" (class_id, name, educator) VALUES ('2','1b','7');
INSERT INTO "classes" (class_id, name, educator) VALUES ('3','1c','10');
INSERT INTO "classes" (class_id, name, educator) VALUES ('4','2a','5');
INSERT INTO "classes" (class_id, name, educator) VALUES ('5','2b','15');
INSERT INTO "classes" (class_id, name, educator) VALUES ('6','2c','12');
INSERT INTO "classes" (class_id, name, educator) VALUES ('7','3a','9');
INSERT INTO "classes" (class_id, name, educator) VALUES ('8','3b','20');
INSERT INTO "classes" (class_id, name, educator) VALUES ('9','3c','16');
INSERT INTO "classes" (class_id, name, educator) VALUES ('10','4a','13');
INSERT INTO "classes" (class_id, name, educator) VALUES ('11','4b','4');
INSERT INTO "classes" (class_id, name, educator) VALUES ('12','4c','1');
INSERT INTO "classes" (class_id, name, educator) VALUES ('13','5a','11');
INSERT INTO "classes" (class_id, name, educator) VALUES ('14','5b','2');
INSERT INTO "classes" (class_id, name, educator) VALUES ('15','5c','18');
INSERT INTO "classes" (class_id, name, educator) VALUES ('16','6a','17');
INSERT INTO "classes" (class_id, name, educator) VALUES ('17','6b','19');
INSERT INTO "classes" (class_id, name, educator) VALUES ('18','6c','8');
INSERT INTO "classes" (class_id, name, educator) VALUES ('19','7a','3');
INSERT INTO "classes" (class_id, name, educator) VALUES ('20','7b','6');

INSERT INTO "students" (student_id, name, surname, class, email) VALUES ('1','Carlos','Brock','6','tempus.lorem@cursusin.net');
INSERT INTO "students" (student_id, name, surname, class, email) VALUES ('2','Xanthus','Blanchard','8','quam.quis@ornareplacerat.co.uk');
INSERT INTO "students" (student_id, name, surname, class, email) VALUES ('3','Rafael','Cohen','19','sociis.natoque@non.ca');
INSERT INTO "students" (student_id, name, surname, class, email) VALUES ('4','Grady','Williams','15','mauris@egetlacus.ca');
INSERT INTO "students" (student_id, name, surname, class, email) VALUES ('5','Len','Marquez','2','vitae@Aenean.com');
INSERT INTO "students" (student_id, name, surname, class, email) VALUES ('6','Fuller','Clements','4','velit.eu@Mauris.org');
INSERT INTO "students" (student_id, name, surname, class, email) VALUES ('7','Ira','Le','2','Donec.at.arcu@lobortisauguescelerisque.co.uk');
INSERT INTO "students" (student_id, name, surname, class, email) VALUES ('8','Aquila','Silva','7','non.egestas.a@facilisisSuspendisse.com');
INSERT INTO "students" (student_id, name, surname, class, email) VALUES ('9','Fuller','Lloyd','15','Duis.risus.odio@dolor.co.uk');
INSERT INTO "students" (student_id, name, surname, class, email) VALUES ('10','Nero','Delacruz','15','mauris@Curabitur.edu');
INSERT INTO "students" (student_id, name, surname, class, email) VALUES ('11','Kareem','Riley','5','blandit.congue.In@Aenean.co.uk');
INSERT INTO "students" (student_id, name, surname, class, email) VALUES ('12','Tate','Fischer','3','Sed.nec.metus@tempor.edu');
INSERT INTO "students" (student_id, name, surname, class, email) VALUES ('13','Alexander','Barnett','15','eu.ligula.Aenean@NullainterdumCurabitur.co.uk');
INSERT INTO "students" (student_id, name, surname, class, email) VALUES ('14','Stone','Foreman','18','mollis.vitae@orci.ca');
INSERT INTO "students" (student_id, name, surname, class, email) VALUES ('15','Sylvester','Vargas','10','egestas@ornarelectusante.co.uk');
INSERT INTO "students" (student_id, name, surname, class, email) VALUES ('16','Demetrius','Schmidt','4','ipsum.Phasellus@non.net');
INSERT INTO "students" (student_id, name, surname, class, email) VALUES ('17','Orlando','Morse','1','lectus.rutrum@sitamet.edu');
INSERT INTO "students" (student_id, name, surname, class, email) VALUES ('18','Rafael','Harding','10','id.blandit.at@molestiedapibusligula.com');
INSERT INTO "students" (student_id, name, surname, class, email) VALUES ('19','Fuller','Caldwell','8','metus.In@luctus.org');
INSERT INTO "students" (student_id, name, surname, class, email) VALUES ('20','Troy','Henderson','2','metus@dolor.com');
INSERT INTO "students" (student_id, name, surname, class, email) VALUES ('21','Lucius','Galloway','13','a@hendrerit.com');
INSERT INTO "students" (student_id, name, surname, class, email) VALUES ('22','Brandon','Mosley','16','nisl.Nulla.eu@viverraMaecenas.org');
INSERT INTO "students" (student_id, name, surname, class, email) VALUES ('23','Lionel','David','19','eu.erat@risus.edu');
INSERT INTO "students" (student_id, name, surname, class, email) VALUES ('24','Dustin','David','18','parturient.montes@tinciduntpede.org');
INSERT INTO "students" (student_id, name, surname, class, email) VALUES ('25','Galvin','Velasquez','3','a@arcuimperdiet.com');
INSERT INTO "students" (student_id, name, surname, class, email) VALUES ('26','Paul','Vargas','8','eu.nulla@enim.net');
INSERT INTO "students" (student_id, name, surname, class, email) VALUES ('27','Curran','Thomas','12','non@enimnislelementum.edu');
INSERT INTO "students" (student_id, name, surname, class, email) VALUES ('28','Stone','Eaton','10','iaculis.lacus@egetlaoreet.com');
INSERT INTO "students" (student_id, name, surname, class, email) VALUES ('29','Troy','Vargas','8','habitant.morbi.tristique@mauris.ca');
INSERT INTO "students" (student_id, name, surname, class, email) VALUES ('30','Donovan','Brooks','7','egestas.nunc@metussit.org');

INSERT INTO "legal_guardians" (guardian_id, name, surname, email) VALUES ('1','Aquila','Fischer','amet@orciquis.org');
INSERT INTO "legal_guardians" (guardian_id, name, surname, email) VALUES ('2','Kermit','Clements','lectus.Cum@orcisem.net');
INSERT INTO "legal_guardians" (guardian_id, name, surname, email) VALUES ('3','Cullen','Case','amet.faucibus@aliquetmagna.com');
INSERT INTO "legal_guardians" (guardian_id, name, surname, email) VALUES ('4','Rooney','Mosley','habitant.morbi.tristique@mauris.ca');
INSERT INTO "legal_guardians" (guardian_id, name, surname, email) VALUES ('5','Tyler','Coffey','inceptos.hymenaeos@Fuscediamnunc.co.uk');
INSERT INTO "legal_guardians" (guardian_id, name, surname, email) VALUES ('6','Garrett','Case','volutpat.ornare@Vestibulumaccumsan.com');
INSERT INTO "legal_guardians" (guardian_id, name, surname, email) VALUES ('7','Abdul','Hobbs','id.blandit.at@molestiedapibusligula.com');
INSERT INTO "legal_guardians" (guardian_id, name, surname, email) VALUES ('8','Colorado','Grimes','Nunc.ullamcorper@vulputate.org');
INSERT INTO "legal_guardians" (guardian_id, name, surname, email) VALUES ('9','Cullen','Wade','elit@ligulaAenean.com');
INSERT INTO "legal_guardians" (guardian_id, name, surname, email) VALUES ('10','Raja','Joyce','nec@risusDonec.ca');
INSERT INTO "legal_guardians" (guardian_id, name, surname, email) VALUES ('11','Abbot','Vargas','quam.quis@ornareplacerat.co.uk');
INSERT INTO "legal_guardians" (guardian_id, name, surname, email) VALUES ('12','Orlando','Clements','a@hendrerit.com');
INSERT INTO "legal_guardians" (guardian_id, name, surname, email) VALUES ('13','Tyler','Atkins','purus.in@risusatfringilla.ca');
INSERT INTO "legal_guardians" (guardian_id, name, surname, email) VALUES ('14','Rudyard','Fitzpatrick','sagittis@est.ca');
INSERT INTO "legal_guardians" (guardian_id, name, surname, email) VALUES ('15','Brady','King','velit.in.aliquet@penatibus.net');
INSERT INTO "legal_guardians" (guardian_id, name, surname, email) VALUES ('16','Judah','Mosley','sed.turpis.nec@rutrumFusce.com');
INSERT INTO "legal_guardians" (guardian_id, name, surname, email) VALUES ('17','Kaseem','Gardner','mollis.vitae@orci.ca');
INSERT INTO "legal_guardians" (guardian_id, name, surname, email) VALUES ('18','Chaim','David','metus@dolor.com');
INSERT INTO "legal_guardians" (guardian_id, name, surname, email) VALUES ('19','Amery','Foreman','eu.erat@risus.edu');
INSERT INTO "legal_guardians" (guardian_id, name, surname, email) VALUES ('20','Prescott','Caldwell','egestas@ornarelectusante.co.uk');
INSERT INTO "legal_guardians" (guardian_id, name, surname, email) VALUES ('21','Levi','Clements','non@enimnislelementum.edu');
INSERT INTO "legal_guardians" (guardian_id, name, surname, email) VALUES ('22','Daquan','Schmidt','ultricies.adipiscing.enim@mifringillami.com');
INSERT INTO "legal_guardians" (guardian_id, name, surname, email) VALUES ('23','Herrod','Morales','velit.eu@Mauris.org');
INSERT INTO "legal_guardians" (guardian_id, name, surname, email) VALUES ('24','Ahmed','Skinner','Donec.nibh.Quisque@arcu.ca');
INSERT INTO "legal_guardians" (guardian_id, name, surname, email) VALUES ('25','Keith','Brock','urna.Ut@a.org');
INSERT INTO "legal_guardians" (guardian_id, name, surname, email) VALUES ('26','Plato','Stevenson','Nullam.feugiat@Maecenasmalesuada.ca');
INSERT INTO "legal_guardians" (guardian_id, name, surname, email) VALUES ('27','Brandon','Sutton','parturient.montes@tinciduntpede.org');
INSERT INTO "legal_guardians" (guardian_id, name, surname, email) VALUES ('28','Dean','Lloyd','Nullam@parturient.co.uk');
INSERT INTO "legal_guardians" (guardian_id, name, surname, email) VALUES ('29','Ronan','Morse','posuere.at@vulputate.ca');
INSERT INTO "legal_guardians" (guardian_id, name, surname, email) VALUES ('30','Abbot','Montoya','erat.volutpat.Nulla@Etiam.com');
INSERT INTO "legal_guardians" (guardian_id, name, surname, email) VALUES ('31','Ahmed','Blanchard','consectetuer.cursus@pretiumaliquetmetus.edu');
INSERT INTO "legal_guardians" (guardian_id, name, surname, email) VALUES ('32','Damon','Coffey','lacus.vestibulum@interdumfeugiat.ca');
INSERT INTO "legal_guardians" (guardian_id, name, surname, email) VALUES ('33','Harding','Gardner','luctus@Nullamnisl.org');
INSERT INTO "legal_guardians" (guardian_id, name, surname, email) VALUES ('34','Emerson','Brock','mauris@Curabitur.edu');
INSERT INTO "legal_guardians" (guardian_id, name, surname, email) VALUES ('35','Devin','Clements','vitae@Aenean.com');
INSERT INTO "legal_guardians" (guardian_id, name, surname, email) VALUES ('36','Rafael','Sharp','sed@dolornonummyac.org');
INSERT INTO "legal_guardians" (guardian_id, name, surname, email) VALUES ('37','Chadwick','Snow','eleifend@quisaccumsan.co.uk');
INSERT INTO "legal_guardians" (guardian_id, name, surname, email) VALUES ('38','Raymond','Norris','elit.fermentum.risus@lacusvestibulumlorem.com');
INSERT INTO "legal_guardians" (guardian_id, name, surname, email) VALUES ('39','Clinton','Coffey','tempus.lorem@cursusin.net');
INSERT INTO "legal_guardians" (guardian_id, name, surname, email) VALUES ('40','Tyler','Le','amet@eu.com');
INSERT INTO "legal_guardians" (guardian_id, name, surname, email) VALUES ('41','Vance','Baldwin','ipsum.Phasellus@non.net');
INSERT INTO "legal_guardians" (guardian_id, name, surname, email) VALUES ('42','Clinton','Henderson','aliquet.diam@scelerisquedui.co.uk');
INSERT INTO "legal_guardians" (guardian_id, name, surname, email) VALUES ('43','Lucius','Weaver','convallis@Quisque.edu');
INSERT INTO "legal_guardians" (guardian_id, name, surname, email) VALUES ('44','Dean','Morrow','Aliquam.nisl.Nulla@congueInscelerisque.edu');
INSERT INTO "legal_guardians" (guardian_id, name, surname, email) VALUES ('45','Malachi','Wise','facilisis@convalliserat.org');
INSERT INTO "legal_guardians" (guardian_id, name, surname, email) VALUES ('46','Nathaniel','Fitzpatrick','egestas.nunc@metussit.org');
INSERT INTO "legal_guardians" (guardian_id, name, surname, email) VALUES ('47','Caldwell','Pace','sociis.natoque@non.ca');
INSERT INTO "legal_guardians" (guardian_id, name, surname, email) VALUES ('48','Bradley','Skinner','sed.sapien@Nullamutnisi.edu');
INSERT INTO "legal_guardians" (guardian_id, name, surname, email) VALUES ('49','Stone','Cleveland','velit@luctusetultrices.org');
INSERT INTO "legal_guardians" (guardian_id, name, surname, email) VALUES ('50','Armando','Foreman','libero@tristique.co.uk');

INSERT INTO "guardians_students" (guardian_id, student_id) VALUES ('1','2');
INSERT INTO "guardians_students" (guardian_id, student_id) VALUES ('2','23');
INSERT INTO "guardians_students" (guardian_id, student_id) VALUES ('3','4');
INSERT INTO "guardians_students" (guardian_id, student_id) VALUES ('4','3');
INSERT INTO "guardians_students" (guardian_id, student_id) VALUES ('5','11');
INSERT INTO "guardians_students" (guardian_id, student_id) VALUES ('6','8');
INSERT INTO "guardians_students" (guardian_id, student_id) VALUES ('7','20');
INSERT INTO "guardians_students" (guardian_id, student_id) VALUES ('8','5');
INSERT INTO "guardians_students" (guardian_id, student_id) VALUES ('9','19');
INSERT INTO "guardians_students" (guardian_id, student_id) VALUES ('10','14');
INSERT INTO "guardians_students" (guardian_id, student_id) VALUES ('11','26');
INSERT INTO "guardians_students" (guardian_id, student_id) VALUES ('12','3');
INSERT INTO "guardians_students" (guardian_id, student_id) VALUES ('13','8');
INSERT INTO "guardians_students" (guardian_id, student_id) VALUES ('14','2');
INSERT INTO "guardians_students" (guardian_id, student_id) VALUES ('15','30');
INSERT INTO "guardians_students" (guardian_id, student_id) VALUES ('16','20');
INSERT INTO "guardians_students" (guardian_id, student_id) VALUES ('17','6');
INSERT INTO "guardians_students" (guardian_id, student_id) VALUES ('18','9');
INSERT INTO "guardians_students" (guardian_id, student_id) VALUES ('19','11');
INSERT INTO "guardians_students" (guardian_id, student_id) VALUES ('20','21');
INSERT INTO "guardians_students" (guardian_id, student_id) VALUES ('21','11');
INSERT INTO "guardians_students" (guardian_id, student_id) VALUES ('22','18');
INSERT INTO "guardians_students" (guardian_id, student_id) VALUES ('23','15');
INSERT INTO "guardians_students" (guardian_id, student_id) VALUES ('24','5');
INSERT INTO "guardians_students" (guardian_id, student_id) VALUES ('25','24');
INSERT INTO "guardians_students" (guardian_id, student_id) VALUES ('26','18');
INSERT INTO "guardians_students" (guardian_id, student_id) VALUES ('27','25');
INSERT INTO "guardians_students" (guardian_id, student_id) VALUES ('28','9');
INSERT INTO "guardians_students" (guardian_id, student_id) VALUES ('29','4');
INSERT INTO "guardians_students" (guardian_id, student_id) VALUES ('30','23');
INSERT INTO "guardians_students" (guardian_id, student_id) VALUES ('31','15');
INSERT INTO "guardians_students" (guardian_id, student_id) VALUES ('32','1');
INSERT INTO "guardians_students" (guardian_id, student_id) VALUES ('33','30');
INSERT INTO "guardians_students" (guardian_id, student_id) VALUES ('34','1');
INSERT INTO "guardians_students" (guardian_id, student_id) VALUES ('35','12');
INSERT INTO "guardians_students" (guardian_id, student_id) VALUES ('36','20');
INSERT INTO "guardians_students" (guardian_id, student_id) VALUES ('37','30');
INSERT INTO "guardians_students" (guardian_id, student_id) VALUES ('38','12');
INSERT INTO "guardians_students" (guardian_id, student_id) VALUES ('39','26');
INSERT INTO "guardians_students" (guardian_id, student_id) VALUES ('40','6');
INSERT INTO "guardians_students" (guardian_id, student_id) VALUES ('41','11');
INSERT INTO "guardians_students" (guardian_id, student_id) VALUES ('42','3');
INSERT INTO "guardians_students" (guardian_id, student_id) VALUES ('43','5');
INSERT INTO "guardians_students" (guardian_id, student_id) VALUES ('44','3');
INSERT INTO "guardians_students" (guardian_id, student_id) VALUES ('45','26');
INSERT INTO "guardians_students" (guardian_id, student_id) VALUES ('46','30');
INSERT INTO "guardians_students" (guardian_id, student_id) VALUES ('47','4');
INSERT INTO "guardians_students" (guardian_id, student_id) VALUES ('48','17');
INSERT INTO "guardians_students" (guardian_id, student_id) VALUES ('49','16');
INSERT INTO "guardians_students" (guardian_id, student_id) VALUES ('50','14');
