insert into subjects values(1,'mathematics');
insert into subjects values(2,'science');
insert into subjects values(3,'physical education');
insert into subjects values(4,'art');
insert into subjects values(5,'english');
insert into subjects values(6,'spanish');
insert into subjects values(7,'french');
insert into subjects values(8,'polish');
insert into subjects values(9,'german');
insert into subjects values(10,'chinese');
insert into subjects values(11,'russian');
insert into subjects values(12,'geography');
insert into subjects values(13,'physics');
insert into subjects values(14,'chemistry');
insert into subjects values(15,'biology');
insert into subjects values(16,'computer science');
insert into subjects values(17,'religion');
insert into subjects values(18,'history');
insert into subjects values(19,'social studies');
insert into subjects values(20,'safety education');

INSERT INTO "teachers" (name,surname,email,phone) VALUES ('Eagan','Cook','pretium.aliquet.metus@vulputatemaurissagittis.ca', null);
INSERT INTO "teachers" (name,surname,email,phone) VALUES ('Adam','Harris','erat@lobortisnisinibh.net', null);
INSERT INTO "teachers" (name,surname,email,phone) VALUES ('Caleb','Powers','molestie@magna.net',null);
INSERT INTO "teachers" (name,surname,email,phone) VALUES ('Xander','Morton','massa@Maurisquis.org', null);
INSERT INTO "teachers" (name,surname,email,phone) VALUES ('Brady','Melton','senectus.et@gravida.co.uk', null);
INSERT INTO "teachers" (name,surname,email,phone) VALUES ('Alan','Barton','nonummy.ut@et.org', null);
INSERT INTO "teachers" (name,surname,email,phone) VALUES ('Basil','Thornton','nec.imperdiet@Maurismolestie.ca', null);
INSERT INTO "teachers" (name,surname,email,phone) VALUES ('Emerson','Campbell','ridiculus@inceptoshymenaeos.co.uk', null);
INSERT INTO "teachers" (name,surname,email,phone) VALUES ('Benjamin','Douglas','aliquam.enim@acorciUt.org', null);
INSERT INTO "teachers" (name,surname,email,phone) VALUES ('Camden','Rich','libero.at@Quisquetincidunt.co.uk', null);
INSERT INTO "teachers" (name,surname,email,phone) VALUES ('Reuben','Heath','id.erat@orci.org', null);
INSERT INTO "teachers" (name,surname,email,phone) VALUES ('George','Short','ante.iaculis.nec@varius.edu', null);
INSERT INTO "teachers" (name,surname,email,phone) VALUES ('Cullen','Kinney','dui@ipsumnuncid.org', null);
INSERT INTO "teachers" (name,surname,email,phone) VALUES ('Ignatius','Cardenas','Nam.ligula@sit.edu', null);
INSERT INTO "teachers" (name,surname,email,phone) VALUES ('Lawrence','Golden','auctor@pede.org', null);
INSERT INTO "teachers" (name,surname,email,phone) VALUES ('Kaseem','Rice','dis.parturient.montes@elit.co.uk', null);
INSERT INTO "teachers" (name,surname,email,phone) VALUES ('Philip','Flowers','faucibus.leo.in@consequatnec.edu', null);
INSERT INTO "teachers" (name,surname,email,phone) VALUES ('Berk','Mcdonald','inceptos.hymenaeos.Mauris@iaculisodio.com', null);
INSERT INTO "teachers" (name,surname,email,phone) VALUES ('Grant','Bush','In.ornare.sagittis@vestibulum.net', null);
INSERT INTO "teachers" (name,surname,email,phone) VALUES ('Clark','Lancaster','pellentesque.tellus.sem@mipede.co.uk', null);
INSERT INTO "teachers" (name,surname,email,phone) VALUES ('Yvonne','Duarte',null, '815625815');
INSERT INTO "teachers" (name,surname,email,phone) VALUES ('Monica','Golden','yswej@f---t-.org', '527474810');
INSERT INTO "teachers" (name,surname,email,phone) VALUES ('Arthur','Alvarez','zwet7@ncm-lg.com', null);
INSERT INTO "teachers" (name,surname,email,phone) VALUES ('Monique','Raymond','bhvu7@-o--d-.org', null);
INSERT INTO "teachers" (name,surname,email,phone) VALUES ('Otis','Berg','wvpn2@--ee-r.net', '754174283');
INSERT INTO "teachers" (name,surname,email,phone) VALUES ('Carol','Lynch','dpbg@pf--u-.org', null);
INSERT INTO "teachers" (name,surname,email,phone) VALUES ('Kent','Randall','qjql.doqti@sfv-g-.net', null);
INSERT INTO "teachers" (name,surname,email,phone) VALUES ('James','Welch','jxpb3@gs--m-.net', '000892765');
INSERT INTO "teachers" (name,surname,email,phone) VALUES ('Jenna','Cobb','rdgv.tyhr@--ph--.com', null);
INSERT INTO "teachers" (name,surname,email,phone) VALUES ('Julia','Ingram','uern@---ix-.com', '356855025');
INSERT INTO "teachers" (name,surname,email,phone) VALUES ('Lindsey','Bentley','tjcw@-ip-ff.org', null);
INSERT INTO "teachers" (name,surname,email,phone) VALUES ('Harold','Ellis',null, null);
INSERT INTO "teachers" (name,surname,email,phone) VALUES ('Brooke','Gates','pkdtd38@q--wtf.org', '645242368');
INSERT INTO "teachers" (name,surname,email,phone) VALUES ('Sally','Davila','yhbp4@j--hn-.org', null);
INSERT INTO "teachers" (name,surname,email,phone) VALUES ('Jimmy','Lindsey','zawn.ojjw@dfgwk-.com', '331884742');
INSERT INTO "teachers" (name,surname,email,phone) VALUES ('Desiree','Lloyd',null, '017561817');
INSERT INTO "teachers" (name,surname,email,phone) VALUES ('Troy','Rubio','sudlo6@ae--o-.com', '841864419');
INSERT INTO "teachers" (name,surname,email,phone) VALUES ('Helen','Marquez','mxpkon.eyql@-e--e-.com', '470734941');
INSERT INTO "teachers" (name,surname,email,phone) VALUES ('Autumn','Klein','lifs@oq-j-b.com', '235743031');
INSERT INTO "teachers" (name,surname,email,phone) VALUES ('Stacy','Hicks','ctgyz@e-eqm-.com', '375634162');
INSERT INTO "teachers" (name,surname,email,phone) VALUES ('Kristin','Gamble','flhw6@-u-eqx.net', '125316531');
INSERT INTO "teachers" (name,surname,email,phone) VALUES ('Cesar','Espinoza','kuaj@k-bbv-.com', '969556719');
INSERT INTO "teachers" (name,surname,email,phone) VALUES ('Nicole','Holmes',null, '184119706');
INSERT INTO "teachers" (name,surname,email,phone) VALUES ('Tia','Greene','twof@man-g-.net', null);
INSERT INTO "teachers" (name,surname,email,phone) VALUES ('Alan','Williams','cndjh.wrlfm@-pmy-e.org', null);

insert into teacher_subjects values(1,1);
insert into teacher_subjects values(1,13);
insert into teacher_subjects values(2,14);
insert into teacher_subjects values(3,20);
insert into teacher_subjects values(3,17);
insert into teacher_subjects values(5,4);
insert into teacher_subjects values(6,1);
insert into teacher_subjects values(7,1);
insert into teacher_subjects values(7,16);
insert into teacher_subjects values(7,6);
insert into teacher_subjects values(7,4);
insert into teacher_subjects values(8,8);
insert into teacher_subjects values(8,11);
insert into teacher_subjects values(9,12);
insert into teacher_subjects values(10,10);
insert into teacher_subjects values(11,14);
insert into teacher_subjects values(11,15);
insert into teacher_subjects values(12,1);
insert into teacher_subjects values(12,2);
insert into teacher_subjects values(13,9);
insert into teacher_subjects values(13,17);
insert into teacher_subjects values(14,19);
insert into teacher_subjects values(14,18);
insert into teacher_subjects values(15,13);
insert into teacher_subjects values(15,14);
insert into teacher_subjects values(15,15);
insert into teacher_subjects values(15,2);
insert into teacher_subjects values(16,8);
insert into teacher_subjects values(16,9);
insert into teacher_subjects values(17,4);
insert into teacher_subjects values(17,17);
insert into teacher_subjects values(18,5);
insert into teacher_subjects values(18,8);
insert into teacher_subjects values(19,5);
insert into teacher_subjects values(19,11);
insert into teacher_subjects values(20,1);
insert into teacher_subjects values(20,3);
insert into teacher_subjects values(21,14);
insert into teacher_subjects values(22,18);
insert into teacher_subjects values(23,1);
insert into teacher_subjects values(24,2);
insert into teacher_subjects values(25,15);
insert into teacher_subjects values(26,4);
insert into teacher_subjects values(28,19);
insert into teacher_subjects values(28,16);
insert into teacher_subjects values(28,13);
insert into teacher_subjects values(29,15);
insert into teacher_subjects values(29,18);
insert into teacher_subjects values(31,7);
insert into teacher_subjects values(32,6);
insert into teacher_subjects values(33,5);
insert into teacher_subjects values(35,10);
insert into teacher_subjects values(35,15);
insert into teacher_subjects values(35,12);
insert into teacher_subjects values(36,18);
insert into teacher_subjects values(36,9);
insert into teacher_subjects values(36,4);
insert into teacher_subjects values(37,7);
insert into teacher_subjects values(37,8);
insert into teacher_subjects values(38,14);
insert into teacher_subjects values(38,5);
insert into teacher_subjects values(39,16);
insert into teacher_subjects values(39,1);
insert into teacher_subjects values(40,3);
insert into teacher_subjects values(40,5);
insert into teacher_subjects values(40,10);
insert into teacher_subjects values(41,11);
insert into teacher_subjects values(42,3);
insert into teacher_subjects values(42,11);
insert into teacher_subjects values(43,8);
insert into teacher_subjects values(45,18);

INSERT INTO "classes" (class_id, name, educator) VALUES ('1','1a','14');
INSERT INTO "classes" (class_id, name, educator) VALUES ('2','1b','7');
INSERT INTO "classes" (class_id, name, educator) VALUES ('3','1c','10');
INSERT INTO "classes" (class_id, name, educator) VALUES ('4','2a','5');
INSERT INTO "classes" (class_id, name, educator) VALUES ('5','2b','15');
INSERT INTO "classes" (class_id, name, educator) VALUES ('6','2c','12');
INSERT INTO "classes" (class_id, name, educator) VALUES ('7','3a','9');
INSERT INTO "classes" (class_id, name, educator) VALUES ('8','3b','20');
INSERT INTO "classes" (class_id, name, educator) VALUES ('9','3c','16');
INSERT INTO "classes" (class_id, name, educator) VALUES ('10','4a','13');
INSERT INTO "classes" (class_id, name, educator) VALUES ('11','4b','4');
INSERT INTO "classes" (class_id, name, educator) VALUES ('12','4c','1');
INSERT INTO "classes" (class_id, name, educator) VALUES ('13','5a','11');
INSERT INTO "classes" (class_id, name, educator) VALUES ('14','5b','2');
INSERT INTO "classes" (class_id, name, educator) VALUES ('15','5c','18');
INSERT INTO "classes" (class_id, name, educator) VALUES ('16','6a','17');
INSERT INTO "classes" (class_id, name, educator) VALUES ('17','6b','19');
INSERT INTO "classes" (class_id, name, educator) VALUES ('18','6c','8');
INSERT INTO "classes" (class_id, name, educator) VALUES ('19','7a','3');
INSERT INTO "classes" (class_id, name, educator) VALUES ('20','7b','6');


INSERT INTO "students" (student_id, name, surname, class_id, email) VALUES ('1','Carlos','Brock','6','tempus.lorem@cursusin.net');
INSERT INTO "students" (student_id, name, surname, class_id, email) VALUES ('2','Xanthus','Blanchard','8','quam.quis@ornareplacerat.co.uk');
INSERT INTO "students" (student_id, name, surname, class_id, email) VALUES ('3','Rafael','Cohen','19','sociis.natoque@non.ca');
INSERT INTO "students" (student_id, name, surname, class_id, email) VALUES ('4','Grady','Williams','15','mauris@egetlacus.ca');
INSERT INTO "students" (student_id, name, surname, class_id, email) VALUES ('5','Len','Marquez','2','vitae@Aenean.com');
INSERT INTO "students" (student_id, name, surname, class_id, email) VALUES ('6','Fuller','Clements','4','velit.eu@Mauris.org');
INSERT INTO "students" (student_id, name, surname, class_id, email) VALUES ('7','Ira','Le','2','Donec.at.arcu@lobortisauguescelerisque.co.uk');
INSERT INTO "students" (student_id, name, surname, class_id, email) VALUES ('8','Aquila','Silva','7','non.egestas.a@facilisisSuspendisse.com');
INSERT INTO "students" (student_id, name, surname, class_id, email) VALUES ('9','Fuller','Lloyd','15','Duis.risus.odio@dolor.co.uk');
INSERT INTO "students" (student_id, name, surname, class_id, email) VALUES ('10','Nero','Delacruz','15','mauris@Curabitur.edu');
INSERT INTO "students" (student_id, name, surname, class_id, email) VALUES ('11','Kareem','Riley','5','blandit.congue.In@Aenean.co.uk');
INSERT INTO "students" (student_id, name, surname, class_id, email) VALUES ('12','Tate','Fischer','3','Sed.nec.metus@tempor.edu');
INSERT INTO "students" (student_id, name, surname, class_id, email) VALUES ('13','Alexander','Barnett','15','eu.ligula.Aenean@NullainterdumCurabitur.co.uk');
INSERT INTO "students" (student_id, name, surname, class_id, email) VALUES ('14','Stone','Foreman','18','mollis.vitae@orci.ca');
INSERT INTO "students" (student_id, name, surname, class_id, email) VALUES ('15','Sylvester','Vargas','10','egestas@ornarelectusante.co.uk');
INSERT INTO "students" (student_id, name, surname, class_id, email) VALUES ('16','Demetrius','Schmidt','4','ipsum.Phasellus@non.net');
INSERT INTO "students" (student_id, name, surname, class_id, email) VALUES ('17','Orlando','Morse','1','lectus.rutrum@sitamet.edu');
INSERT INTO "students" (student_id, name, surname, class_id, email) VALUES ('18','Rafael','Harding','10','id.blandit.at@molestiedapibusligula.com');
INSERT INTO "students" (student_id, name, surname, class_id, email) VALUES ('19','Fuller','Caldwell','8','metus.In@luctus.org');
INSERT INTO "students" (student_id, name, surname, class_id, email) VALUES ('20','Troy','Henderson','2','metus@dolor.com');
INSERT INTO "students" (student_id, name, surname, class_id, email) VALUES ('21','Lucius','Galloway','13','a@hendrerit.com');
INSERT INTO "students" (student_id, name, surname, class_id, email) VALUES ('22','Brandon','Mosley','16','nisl.Nulla.eu@viverraMaecenas.org');
INSERT INTO "students" (student_id, name, surname, class_id, email) VALUES ('23','Lionel','David','19','eu.erat@risus.edu');
INSERT INTO "students" (student_id, name, surname, class_id, email) VALUES ('24','Dustin','David','18','parturient.montes@tinciduntpede.org');
INSERT INTO "students" (student_id, name, surname, class_id, email) VALUES ('25','Galvin','Velasquez','3','a@arcuimperdiet.com');
INSERT INTO "students" (student_id, name, surname, class_id, email) VALUES ('26','Paul','Vargas','8','eu.nulla@enim.net');
INSERT INTO "students" (student_id, name, surname, class_id, email) VALUES ('27','Curran','Thomas','12','non@enimnislelementum.edu');
INSERT INTO "students" (student_id, name, surname, class_id, email) VALUES ('28','Stone','Eaton','10','iaculis.lacus@egetlaoreet.com');
INSERT INTO "students" (student_id, name, surname, class_id, email) VALUES ('29','Troy','Vargas','8','habitant.morbi.tristique@mauris.ca');
INSERT INTO "students" (student_id, name, surname, class_id, email) VALUES ('30','Donovan','Brooks','7','egestas.nunc@metussit.org');

INSERT INTO "legal_guardians" (guardian_id, name, surname, email) VALUES ('1','Aquila','Fischer','amet@orciquis.org');
INSERT INTO "legal_guardians" (guardian_id, name, surname, email) VALUES ('2','Kermit','Clements','lectus.Cum@orcisem.net');
INSERT INTO "legal_guardians" (guardian_id, name, surname, email) VALUES ('3','Cullen','Case','amet.faucibus@aliquetmagna.com');
INSERT INTO "legal_guardians" (guardian_id, name, surname, email) VALUES ('4','Rooney','Mosley','habitant.morbi.tristique@mauris.ca');
INSERT INTO "legal_guardians" (guardian_id, name, surname, email) VALUES ('5','Tyler','Coffey','inceptos.hymenaeos@Fuscediamnunc.co.uk');
INSERT INTO "legal_guardians" (guardian_id, name, surname, email) VALUES ('6','Garrett','Case','volutpat.ornare@Vestibulumaccumsan.com');
INSERT INTO "legal_guardians" (guardian_id, name, surname, email) VALUES ('7','Abdul','Hobbs','id.blandit.at@molestiedapibusligula.com');
INSERT INTO "legal_guardians" (guardian_id, name, surname, email) VALUES ('8','Colorado','Grimes','Nunc.ullamcorper@vulputate.org');
INSERT INTO "legal_guardians" (guardian_id, name, surname, email) VALUES ('9','Cullen','Wade','elit@ligulaAenean.com');
INSERT INTO "legal_guardians" (guardian_id, name, surname, email) VALUES ('10','Raja','Joyce','nec@risusDonec.ca');
INSERT INTO "legal_guardians" (guardian_id, name, surname, email) VALUES ('11','Abbot','Vargas','quam.quis@ornareplacerat.co.uk');
INSERT INTO "legal_guardians" (guardian_id, name, surname, email) VALUES ('12','Orlando','Clements','a@hendrerit.com');
INSERT INTO "legal_guardians" (guardian_id, name, surname, email) VALUES ('13','Tyler','Atkins','purus.in@risusatfringilla.ca');
INSERT INTO "legal_guardians" (guardian_id, name, surname, email) VALUES ('14','Rudyard','Fitzpatrick','sagittis@est.ca');
INSERT INTO "legal_guardians" (guardian_id, name, surname, email) VALUES ('15','Brady','King','velit.in.aliquet@penatibus.net');
INSERT INTO "legal_guardians" (guardian_id, name, surname, email) VALUES ('16','Judah','Mosley','sed.turpis.nec@rutrumFusce.com');
INSERT INTO "legal_guardians" (guardian_id, name, surname, email) VALUES ('17','Kaseem','Gardner','mollis.vitae@orci.ca');
INSERT INTO "legal_guardians" (guardian_id, name, surname, email) VALUES ('18','Chaim','David','metus@dolor.com');
INSERT INTO "legal_guardians" (guardian_id, name, surname, email) VALUES ('19','Amery','Foreman','eu.erat@risus.edu');
INSERT INTO "legal_guardians" (guardian_id, name, surname, email) VALUES ('20','Prescott','Caldwell','egestas@ornarelectusante.co.uk');
INSERT INTO "legal_guardians" (guardian_id, name, surname, email) VALUES ('21','Levi','Clements','non@enimnislelementum.edu');
INSERT INTO "legal_guardians" (guardian_id, name, surname, email) VALUES ('22','Daquan','Schmidt','ultricies.adipiscing.enim@mifringillami.com');
INSERT INTO "legal_guardians" (guardian_id, name, surname, email) VALUES ('23','Herrod','Morales','velit.eu@Mauris.org');
INSERT INTO "legal_guardians" (guardian_id, name, surname, email) VALUES ('24','Ahmed','Skinner','Donec.nibh.Quisque@arcu.ca');
INSERT INTO "legal_guardians" (guardian_id, name, surname, email) VALUES ('25','Keith','Brock','urna.Ut@a.org');
INSERT INTO "legal_guardians" (guardian_id, name, surname, email) VALUES ('26','Plato','Stevenson','Nullam.feugiat@Maecenasmalesuada.ca');
INSERT INTO "legal_guardians" (guardian_id, name, surname, email) VALUES ('27','Brandon','Sutton','parturient.montes@tinciduntpede.org');
INSERT INTO "legal_guardians" (guardian_id, name, surname, email) VALUES ('28','Dean','Lloyd','Nullam@parturient.co.uk');
INSERT INTO "legal_guardians" (guardian_id, name, surname, email) VALUES ('29','Ronan','Morse','posuere.at@vulputate.ca');
INSERT INTO "legal_guardians" (guardian_id, name, surname, email) VALUES ('30','Abbot','Montoya','erat.volutpat.Nulla@Etiam.com');
INSERT INTO "legal_guardians" (guardian_id, name, surname, email) VALUES ('31','Ahmed','Blanchard','consectetuer.cursus@pretiumaliquetmetus.edu');
INSERT INTO "legal_guardians" (guardian_id, name, surname, email) VALUES ('32','Damon','Coffey','lacus.vestibulum@interdumfeugiat.ca');
INSERT INTO "legal_guardians" (guardian_id, name, surname, email) VALUES ('33','Harding','Gardner','luctus@Nullamnisl.org');
INSERT INTO "legal_guardians" (guardian_id, name, surname, email) VALUES ('34','Emerson','Brock','mauris@Curabitur.edu');
INSERT INTO "legal_guardians" (guardian_id, name, surname, email) VALUES ('35','Devin','Clements','vitae@Aenean.com');
INSERT INTO "legal_guardians" (guardian_id, name, surname, email) VALUES ('36','Rafael','Sharp','sed@dolornonummyac.org');
INSERT INTO "legal_guardians" (guardian_id, name, surname, email) VALUES ('37','Chadwick','Snow','eleifend@quisaccumsan.co.uk');
INSERT INTO "legal_guardians" (guardian_id, name, surname, email) VALUES ('38','Raymond','Norris','elit.fermentum.risus@lacusvestibulumlorem.com');
INSERT INTO "legal_guardians" (guardian_id, name, surname, email) VALUES ('39','Clinton','Coffey','tempus.lorem@cursusin.net');
INSERT INTO "legal_guardians" (guardian_id, name, surname, email) VALUES ('40','Tyler','Le','amet@eu.com');
INSERT INTO "legal_guardians" (guardian_id, name, surname, email) VALUES ('41','Vance','Baldwin','ipsum.Phasellus@non.net');
INSERT INTO "legal_guardians" (guardian_id, name, surname, email) VALUES ('42','Clinton','Henderson','aliquet.diam@scelerisquedui.co.uk');
INSERT INTO "legal_guardians" (guardian_id, name, surname, email) VALUES ('43','Lucius','Weaver','convallis@Quisque.edu');
INSERT INTO "legal_guardians" (guardian_id, name, surname, email) VALUES ('44','Dean','Morrow','Aliquam.nisl.Nulla@congueInscelerisque.edu');
INSERT INTO "legal_guardians" (guardian_id, name, surname, email) VALUES ('45','Malachi','Wise','facilisis@convalliserat.org');
INSERT INTO "legal_guardians" (guardian_id, name, surname, email) VALUES ('46','Nathaniel','Fitzpatrick','egestas.nunc@metussit.org');
INSERT INTO "legal_guardians" (guardian_id, name, surname, email) VALUES ('47','Caldwell','Pace','sociis.natoque@non.ca');
INSERT INTO "legal_guardians" (guardian_id, name, surname, email) VALUES ('48','Bradley','Skinner','sed.sapien@Nullamutnisi.edu');
INSERT INTO "legal_guardians" (guardian_id, name, surname, email) VALUES ('49','Stone','Cleveland','velit@luctusetultrices.org');
INSERT INTO "legal_guardians" (guardian_id, name, surname, email) VALUES ('50','Armando','Foreman','libero@tristique.co.uk');

INSERT INTO "guardians_students" (guardian_id, student_id) VALUES ('1','2');
INSERT INTO "guardians_students" (guardian_id, student_id) VALUES ('2','23');
INSERT INTO "guardians_students" (guardian_id, student_id) VALUES ('3','4');
INSERT INTO "guardians_students" (guardian_id, student_id) VALUES ('4','3');
INSERT INTO "guardians_students" (guardian_id, student_id) VALUES ('5','11');
INSERT INTO "guardians_students" (guardian_id, student_id) VALUES ('6','8');
INSERT INTO "guardians_students" (guardian_id, student_id) VALUES ('7','20');
INSERT INTO "guardians_students" (guardian_id, student_id) VALUES ('8','5');
INSERT INTO "guardians_students" (guardian_id, student_id) VALUES ('9','19');
INSERT INTO "guardians_students" (guardian_id, student_id) VALUES ('10','14');
INSERT INTO "guardians_students" (guardian_id, student_id) VALUES ('11','26');
INSERT INTO "guardians_students" (guardian_id, student_id) VALUES ('12','3');
INSERT INTO "guardians_students" (guardian_id, student_id) VALUES ('13','8');
INSERT INTO "guardians_students" (guardian_id, student_id) VALUES ('14','2');
INSERT INTO "guardians_students" (guardian_id, student_id) VALUES ('15','30');
INSERT INTO "guardians_students" (guardian_id, student_id) VALUES ('16','20');
INSERT INTO "guardians_students" (guardian_id, student_id) VALUES ('17','6');
INSERT INTO "guardians_students" (guardian_id, student_id) VALUES ('18','9');
INSERT INTO "guardians_students" (guardian_id, student_id) VALUES ('19','11');
INSERT INTO "guardians_students" (guardian_id, student_id) VALUES ('20','21');
INSERT INTO "guardians_students" (guardian_id, student_id) VALUES ('21','11');
INSERT INTO "guardians_students" (guardian_id, student_id) VALUES ('22','18');
INSERT INTO "guardians_students" (guardian_id, student_id) VALUES ('23','15');
INSERT INTO "guardians_students" (guardian_id, student_id) VALUES ('24','5');
INSERT INTO "guardians_students" (guardian_id, student_id) VALUES ('25','24');
INSERT INTO "guardians_students" (guardian_id, student_id) VALUES ('26','18');
INSERT INTO "guardians_students" (guardian_id, student_id) VALUES ('27','25');
INSERT INTO "guardians_students" (guardian_id, student_id) VALUES ('28','9');
INSERT INTO "guardians_students" (guardian_id, student_id) VALUES ('29','4');
INSERT INTO "guardians_students" (guardian_id, student_id) VALUES ('30','23');
INSERT INTO "guardians_students" (guardian_id, student_id) VALUES ('31','15');
INSERT INTO "guardians_students" (guardian_id, student_id) VALUES ('32','1');
INSERT INTO "guardians_students" (guardian_id, student_id) VALUES ('33','30');
INSERT INTO "guardians_students" (guardian_id, student_id) VALUES ('34','1');
INSERT INTO "guardians_students" (guardian_id, student_id) VALUES ('35','12');
INSERT INTO "guardians_students" (guardian_id, student_id) VALUES ('36','20');
INSERT INTO "guardians_students" (guardian_id, student_id) VALUES ('37','30');
INSERT INTO "guardians_students" (guardian_id, student_id) VALUES ('38','12');
INSERT INTO "guardians_students" (guardian_id, student_id) VALUES ('39','26');
INSERT INTO "guardians_students" (guardian_id, student_id) VALUES ('40','6');
INSERT INTO "guardians_students" (guardian_id, student_id) VALUES ('41','11');
INSERT INTO "guardians_students" (guardian_id, student_id) VALUES ('42','3');
INSERT INTO "guardians_students" (guardian_id, student_id) VALUES ('43','5');
INSERT INTO "guardians_students" (guardian_id, student_id) VALUES ('44','3');
INSERT INTO "guardians_students" (guardian_id, student_id) VALUES ('45','26');
INSERT INTO "guardians_students" (guardian_id, student_id) VALUES ('46','30');
INSERT INTO "guardians_students" (guardian_id, student_id) VALUES ('47','4');
INSERT INTO "guardians_students" (guardian_id, student_id) VALUES ('48','17');
INSERT INTO "guardians_students" (guardian_id, student_id) VALUES ('49','16');
INSERT INTO "guardians_students" (guardian_id, student_id) VALUES ('50','14');

INSERT INTO "lessons" (lesson_id, class_id, subject_id, topic) VALUES (1, 14, 12, 'Mike like sports. Mike loves flowers. ');
INSERT INTO "lessons" (lesson_id, class_id, subject_id, topic) VALUES (2, 18, 8, 'Mike watches football. ');
INSERT INTO "lessons" (lesson_id, class_id, subject_id, topic) VALUES (3, 3, 18, 'Mike like swimming. I loves flowers. ');
INSERT INTO "lessons" (lesson_id, class_id, subject_id, topic) VALUES (4, 3, 4, 'Mike watches football. Rudi loves flowers. ');
INSERT INTO "lessons" (lesson_id, class_id, subject_id, topic) VALUES (5, 14, 7, 'Mike like swimming. Mike watches football. ');
INSERT INTO "lessons" (lesson_id, class_id, subject_id, topic) VALUES (6, 14, 6, 'Mike watches football. Mike loves flowers. ');
INSERT INTO "lessons" (lesson_id, class_id, subject_id, topic) VALUES (7, 7, 15, 'Mike watches football. I like sports. ');
INSERT INTO "lessons" (lesson_id, class_id, subject_id, topic) VALUES (8, 9, 7, 'Mike loves flowers. Rudi loves flowers. ');
INSERT INTO "lessons" (lesson_id, class_id, subject_id, topic) VALUES (9, 15, 6, 'I loves flowers. Mike watches football. ');
INSERT INTO "lessons" (lesson_id, class_id, subject_id, topic) VALUES (10, 14, 8, 'Rudi watches football. I like sports. ');
INSERT INTO "lessons" (lesson_id, class_id, subject_id, topic) VALUES (11, 5, 5, 'Mike watches football. Mike watches football. ');
INSERT INTO "lessons" (lesson_id, class_id, subject_id, topic) VALUES (12, 12, 14, 'I like swimming. Rudi loves flowers. ');
INSERT INTO "lessons" (lesson_id, class_id, subject_id, topic) VALUES (13, 11, 11, 'Rudi watches football. Rudi loves flowers. ');
INSERT INTO "lessons" (lesson_id, class_id, subject_id, topic) VALUES (14, 11, 13, 'Rudi watches football. Mike watches football. ');
INSERT INTO "lessons" (lesson_id, class_id, subject_id, topic) VALUES (15, 19, 15, 'Mike like swimming. Rudi like sports. ');
INSERT INTO "lessons" (lesson_id, class_id, subject_id, topic) VALUES (16, 18, 18, 'Mike like sports. ');
INSERT INTO "lessons" (lesson_id, class_id, subject_id, topic) VALUES (17, 15, 7, 'Mike watches football. Mike loves flowers. ');
INSERT INTO "lessons" (lesson_id, class_id, subject_id, topic) VALUES (18, 18, 15, 'I like sports. Rudi watches football. ');
INSERT INTO "lessons" (lesson_id, class_id, subject_id, topic) VALUES (19, 11, 18, 'Mike watches football. Rudi watches football. ');
INSERT INTO "lessons" (lesson_id, class_id, subject_id, topic) VALUES (20, 10, 8, 'Mike loves flowers. Rudi watches football. ');
INSERT INTO "lessons" (lesson_id, class_id, subject_id, topic) VALUES (21, 3, 8, 'Mike watches football. Mike loves flowers. ');
INSERT INTO "lessons" (lesson_id, class_id, subject_id, topic) VALUES (22, 12, 3, 'Rudi watches football. ');
INSERT INTO "lessons" (lesson_id, class_id, subject_id, topic) VALUES (23, 10, 12, 'Rudi watches football. Rudi like sports. ');
INSERT INTO "lessons" (lesson_id, class_id, subject_id, topic) VALUES (24, 15, 17, 'I loves flowers. Rudi watches football. ');
INSERT INTO "lessons" (lesson_id, class_id, subject_id, topic) VALUES (25, 13, 11, 'Mike watches football. ');
INSERT INTO "lessons" (lesson_id, class_id, subject_id, topic) VALUES (26, 3, 5, 'I loves flowers. Rudi watches football. ');
INSERT INTO "lessons" (lesson_id, class_id, subject_id, topic) VALUES (27, 19, 12, 'Rudi loves flowers. ');
INSERT INTO "lessons" (lesson_id, class_id, subject_id, topic) VALUES (28, 13, 14, 'Mike loves flowers. Rudi like swimming. ');
INSERT INTO "lessons" (lesson_id, class_id, subject_id, topic) VALUES (29, 8, 18, 'Mike watches football. Mike loves flowers. ');
INSERT INTO "lessons" (lesson_id, class_id, subject_id, topic) VALUES (30, 1, 16, 'Rudi like sports. Rudi watches football. ');
INSERT INTO "lessons" (lesson_id, class_id, subject_id, topic) VALUES (31, 14, 13, 'Mike watches football. ');
INSERT INTO "lessons" (lesson_id, class_id, subject_id, topic) VALUES (32, 2, 15, 'Mike watches football. Rudi watches football. ');
INSERT INTO "lessons" (lesson_id, class_id, subject_id, topic) VALUES (33, 11, 10, 'Mike loves flowers. Mike watches football. ');
INSERT INTO "lessons" (lesson_id, class_id, subject_id, topic) VALUES (34, 4, 16, 'Rudi watches football. Rudi loves flowers. ');
INSERT INTO "lessons" (lesson_id, class_id, subject_id, topic) VALUES (35, 5, 8, 'Rudi like sports. Mike watches football. ');
INSERT INTO "lessons" (lesson_id, class_id, subject_id, topic) VALUES (36, 11, 16, 'Mike watches football. I watches football. ');
INSERT INTO "lessons" (lesson_id, class_id, subject_id, topic) VALUES (37, 10, 19, 'Mike like swimming. I watches football. ');
INSERT INTO "lessons" (lesson_id, class_id, subject_id, topic) VALUES (38, 10, 2, 'Rudi watches football. Mike loves flowers. ');
INSERT INTO "lessons" (lesson_id, class_id, subject_id, topic) VALUES (39, 10, 7, 'Rudi loves flowers. Rudi watches football. ');
INSERT INTO "lessons" (lesson_id, class_id, subject_id, topic) VALUES (40, 6, 12, 'Rudi watches football. Mike watches football. ');
INSERT INTO "lessons" (lesson_id, class_id, subject_id, topic) VALUES (41, 5, 12, 'Mike watches football. ');
INSERT INTO "lessons" (lesson_id, class_id, subject_id, topic) VALUES (42, 16, 11, 'Mike like sports. ');
INSERT INTO "lessons" (lesson_id, class_id, subject_id, topic) VALUES (43, 8, 18, 'Mike loves flowers. Mike like sports. ');
INSERT INTO "lessons" (lesson_id, class_id, subject_id, topic) VALUES (44, 4, 18, 'I loves flowers. Mike like sports. ');
INSERT INTO "lessons" (lesson_id, class_id, subject_id, topic) VALUES (45, 12, 15, 'Mike watches football. Rudi watches football. ');
INSERT INTO "lessons" (lesson_id, class_id, subject_id, topic) VALUES (46, 10, 16, 'Rudi watches football. I loves flowers. ');
INSERT INTO "lessons" (lesson_id, class_id, subject_id, topic) VALUES (47, 6, 16, 'Mike loves flowers. Rudi watches football. ');
INSERT INTO "lessons" (lesson_id, class_id, subject_id, topic) VALUES (48, 9, 6, 'Mike watches football. Mike like swimming. ');
INSERT INTO "lessons" (lesson_id, class_id, subject_id, topic) VALUES (49, 18, 17, 'I like sports. Rudi watches football. ');
INSERT INTO "lessons" (lesson_id, class_id, subject_id, topic) VALUES (50, 17, 1, 'Mike watches football. Rudi like swimming. ');
INSERT INTO "lessons" (lesson_id, class_id, subject_id, topic) VALUES (51, 1, 1, 'Temat 1');
INSERT INTO "lessons" (lesson_id, class_id, subject_id, topic) VALUES (52, 1, 2, 'Temat 1');
INSERT INTO "lessons" (lesson_id, class_id, subject_id, topic) VALUES (53, 1, 5, 'Temat 1');
INSERT INTO "lessons" (lesson_id, class_id, subject_id, topic) VALUES (54, 2, 6, 'Temat 4');
INSERT INTO "lessons" (lesson_id, class_id, subject_id, topic) VALUES (55, 2, 9, 'Temat 9');
INSERT INTO "lessons" (lesson_id, class_id, subject_id, topic) VALUES (56, 2, 10, 'Temat 15');
INSERT INTO "lessons" (lesson_id, class_id, subject_id, topic) VALUES (57, 3, 17, 'Temat 7');
INSERT INTO "lessons" (lesson_id, class_id, subject_id, topic) VALUES (58, 4, 19, 'Temat 8');
INSERT INTO "lessons" (lesson_id, class_id, subject_id, topic) VALUES (59, 5, 20, 'Temat 3');

INSERT INTO "grades" (value, weight, student_id, subject_id, teacher_id) VALUES ('2-','3','1','18','22');
INSERT INTO "grades" (value, weight, student_id, subject_id, teacher_id) VALUES ('2','2','8','10','35');
INSERT INTO "grades" (value, weight, student_id, subject_id, teacher_id) VALUES ('1+','2','19','20','3');
INSERT INTO "grades" (value, weight, student_id, subject_id, teacher_id) VALUES ('3+','1','19','10','40');
INSERT INTO "grades" (value, weight, student_id, subject_id, teacher_id) VALUES ('6','1','22','15','29');
INSERT INTO "grades" (value, weight, student_id, subject_id, teacher_id) VALUES ('1+','1','2','11','8');
INSERT INTO "grades" (value, weight, student_id, subject_id, teacher_id) VALUES ('5+','3','25','19','28');
INSERT INTO "grades" (value, weight, student_id, subject_id, teacher_id) VALUES ('2-','1','1','1','7');
INSERT INTO "grades" (value, weight, student_id, subject_id, teacher_id) VALUES ('1+','2','13','3','20');
INSERT INTO "grades" (value, weight, student_id, subject_id, teacher_id) VALUES ('2+','2','27','14','21');
INSERT INTO "grades" (value, weight, student_id, subject_id, teacher_id) VALUES ('5-','3','17','8','37');
INSERT INTO "grades" (value, weight, student_id, subject_id, teacher_id) VALUES ('6','2','17','2','24');
INSERT INTO "grades" (value, weight, student_id, subject_id, teacher_id) VALUES ('1','3','4','9','16');
INSERT INTO "grades" (value, weight, student_id, subject_id, teacher_id) VALUES ('4-','3','26','16','39');
INSERT INTO "grades" (value, weight, student_id, subject_id, teacher_id) VALUES ('4+','3','9','5','40');
INSERT INTO "grades" (value, weight, student_id, subject_id, teacher_id) VALUES ('2','1','6','20','3');
INSERT INTO "grades" (value, weight, student_id, subject_id, teacher_id) VALUES ('1','3','11','3','20');
INSERT INTO "grades" (value, weight, student_id, subject_id, teacher_id) VALUES ('1','2','15','8','18');
INSERT INTO "grades" (value, weight, student_id, subject_id, teacher_id) VALUES ('4-','2','11','6','32');
INSERT INTO "grades" (value, weight, student_id, subject_id, teacher_id) VALUES ('2','1','6','2','15');
INSERT INTO "grades" (value, weight, student_id, subject_id, teacher_id) VALUES ('4','2','3','17','3');
INSERT INTO "grades" (value, weight, student_id, subject_id, teacher_id) VALUES ('6-','3','27','8','18');
INSERT INTO "grades" (value, weight, student_id, subject_id, teacher_id) VALUES ('3+','2','13','17','13');
INSERT INTO "grades" (value, weight, student_id, subject_id, teacher_id) VALUES ('6','3','14','5','40');
INSERT INTO "grades" (value, weight, student_id, subject_id, teacher_id) VALUES ('3','1','19','4','26');
INSERT INTO "grades" (value, weight, student_id, subject_id, teacher_id) VALUES ('1+','3','26','18','45');
INSERT INTO "grades" (value, weight, student_id, subject_id, teacher_id) VALUES ('1','2','21','1','6');
INSERT INTO "grades" (value, weight, student_id, subject_id, teacher_id) VALUES ('6','3','9','15','35');
INSERT INTO "grades" (value, weight, student_id, subject_id, teacher_id) VALUES ('2+','2','29','11','42');
INSERT INTO "grades" (value, weight, student_id, subject_id, teacher_id) VALUES ('2','3','10','18','36');
INSERT INTO "grades" (value, weight, student_id, subject_id, teacher_id) VALUES ('1+','3','7','1','1');
INSERT INTO "grades" (value, weight, student_id, subject_id, teacher_id) VALUES ('1','3','6','5','18');
INSERT INTO "grades" (value, weight, student_id, subject_id, teacher_id) VALUES ('1+','2','5','2','12');
INSERT INTO "grades" (value, weight, student_id, subject_id, teacher_id) VALUES ('5','1','7','14','11');
INSERT INTO "grades" (value, weight, student_id, subject_id, teacher_id) VALUES ('2','3','9','2','12');
INSERT INTO "grades" (value, weight, student_id, subject_id, teacher_id) VALUES ('4+','1','13','9','16');
INSERT INTO "grades" (value, weight, student_id, subject_id, teacher_id) VALUES ('5+','3','7','6','7');
INSERT INTO "grades" (value, weight, student_id, subject_id, teacher_id) VALUES ('2+','3','2','4','7');
INSERT INTO "grades" (value, weight, student_id, subject_id, teacher_id) VALUES ('1+','3','28','18','29');
INSERT INTO "grades" (value, weight, student_id, subject_id, teacher_id) VALUES ('1','1','15','8','37');
INSERT INTO "grades" (value, weight, student_id, subject_id, teacher_id) VALUES ('4','3','27','14','15');
INSERT INTO "grades" (value, weight, student_id, subject_id, teacher_id) VALUES ('2','3','8','5','40');
INSERT INTO "grades" (value, weight, student_id, subject_id, teacher_id) VALUES ('3','2','27','10','10');
INSERT INTO "grades" (value, weight, student_id, subject_id, teacher_id) VALUES ('3+','3','20','15','11');
INSERT INTO "grades" (value, weight, student_id, subject_id, teacher_id) VALUES ('5+','1','2','16','28');
INSERT INTO "grades" (value, weight, student_id, subject_id, teacher_id) VALUES ('6-','2','28','15','15');
INSERT INTO "grades" (value, weight, student_id, subject_id, teacher_id) VALUES ('5','1','22','16','28');
INSERT INTO "grades" (value, weight, student_id, subject_id, teacher_id) VALUES ('5-','3','19','8','8');
INSERT INTO "grades" (value, weight, student_id, subject_id, teacher_id) VALUES ('3+','2','1','16','39');
INSERT INTO "grades" (value, weight, student_id, subject_id, teacher_id) VALUES ('1','1','11','17','3');
INSERT INTO "grades" (value, weight, student_id, subject_id, teacher_id) VALUES ('4','1','4','1','7');
INSERT INTO "grades" (value, weight, student_id, subject_id, teacher_id) VALUES ('1','2','7','7','31');
INSERT INTO "grades" (value, weight, student_id, subject_id, teacher_id) VALUES ('3-','2','18','5','18');
INSERT INTO "grades" (value, weight, student_id, subject_id, teacher_id) VALUES ('2+','2','18','17','17');
INSERT INTO "grades" (value, weight, student_id, subject_id, teacher_id) VALUES ('4','3','19','18','36');
INSERT INTO "grades" (value, weight, student_id, subject_id, teacher_id) VALUES ('4+','3','25','6','32');
INSERT INTO "grades" (value, weight, student_id, subject_id, teacher_id) VALUES ('5','3','23','1','39');
INSERT INTO "grades" (value, weight, student_id, subject_id, teacher_id) VALUES ('3+','2','28','10','40');
INSERT INTO "grades" (value, weight, student_id, subject_id, teacher_id) VALUES ('5+','3','1','9','36');
INSERT INTO "grades" (value, weight, student_id, subject_id, teacher_id) VALUES ('5+','3','29','4','7');
INSERT INTO "grades" (value, weight, student_id, subject_id, teacher_id) VALUES ('4+','2','11','14','2');
INSERT INTO "grades" (value, weight, student_id, subject_id, teacher_id) VALUES ('3+','1','3','1','12');
INSERT INTO "grades" (value, weight, student_id, subject_id, teacher_id) VALUES ('5-','1','3','4','5');
INSERT INTO "grades" (value, weight, student_id, subject_id, teacher_id) VALUES ('5-','2','20','4','17');
INSERT INTO "grades" (value, weight, student_id, subject_id, teacher_id) VALUES ('5+','3','28','18','36');
INSERT INTO "grades" (value, weight, student_id, subject_id, teacher_id) VALUES ('2-','3','1','14','15');
INSERT INTO "grades" (value, weight, student_id, subject_id, teacher_id) VALUES ('1','1','2','13','28');
INSERT INTO "grades" (value, weight, student_id, subject_id, teacher_id) VALUES ('2+','2','7','2','12');
INSERT INTO "grades" (value, weight, student_id, subject_id, teacher_id) VALUES ('1+','2','22','8','16');
INSERT INTO "grades" (value, weight, student_id, subject_id, teacher_id) VALUES ('2+','2','24','18','29');
INSERT INTO "grades" (value, weight, student_id, subject_id, teacher_id) VALUES ('4','1','8','13','28');
INSERT INTO "grades" (value, weight, student_id, subject_id, teacher_id) VALUES ('5+','2','8','1','7');
INSERT INTO "grades" (value, weight, student_id, subject_id, teacher_id) VALUES ('6-','1','15','11','8');
INSERT INTO "grades" (value, weight, student_id, subject_id, teacher_id) VALUES ('2-','1','19','5','38');
INSERT INTO "grades" (value, weight, student_id, subject_id, teacher_id) VALUES ('2+','2','15','10','40');
INSERT INTO "grades" (value, weight, student_id, subject_id, teacher_id) VALUES ('1+','2','14','18','29');
INSERT INTO "grades" (value, weight, student_id, subject_id, teacher_id) VALUES ('1','2','12','14','21');
INSERT INTO "grades" (value, weight, student_id, subject_id, teacher_id) VALUES ('3','2','11','4','17');
INSERT INTO "grades" (value, weight, student_id, subject_id, teacher_id) VALUES ('3','3','10','11','19');
INSERT INTO "grades" (value, weight, student_id, subject_id, teacher_id) VALUES ('3+','3','6','17','3');
INSERT INTO "grades" (value, weight, student_id, subject_id, teacher_id) VALUES ('4+','1','10','1','12');
INSERT INTO "grades" (value, weight, student_id, subject_id, teacher_id) VALUES ('2+','2','1','8','8');
INSERT INTO "grades" (value, weight, student_id, subject_id, teacher_id) VALUES ('2','2','17','18','29');
INSERT INTO "grades" (value, weight, student_id, subject_id, teacher_id) VALUES ('1+','3','21','1','7');
INSERT INTO "grades" (value, weight, student_id, subject_id, teacher_id) VALUES ('6','1','22','4','17');
INSERT INTO "grades" (value, weight, student_id, subject_id, teacher_id) VALUES ('6','1','26','15','11');
INSERT INTO "grades" (value, weight, student_id, subject_id, teacher_id) VALUES ('4-','3','2','5','18');
INSERT INTO "grades" (value, weight, student_id, subject_id, teacher_id) VALUES ('2-','2','1','13','15');
INSERT INTO "grades" (value, weight, student_id, subject_id, teacher_id) VALUES ('4-','2','22','15','11');
INSERT INTO "grades" (value, weight, student_id, subject_id, teacher_id) VALUES ('2-','1','9','15','35');
INSERT INTO "grades" (value, weight, student_id, subject_id, teacher_id) VALUES ('5+','2','20','18','29');
INSERT INTO "grades" (value, weight, student_id, subject_id, teacher_id) VALUES ('2','1','14','19','28');
INSERT INTO "grades" (value, weight, student_id, subject_id, teacher_id) VALUES ('2+','3','18','18','14');
INSERT INTO "grades" (value, weight, student_id, subject_id, teacher_id) VALUES ('4+','1','7','12','35');
INSERT INTO "grades" (value, weight, student_id, subject_id, teacher_id) VALUES ('3-','3','9','14','11');
INSERT INTO "grades" (value, weight, student_id, subject_id, teacher_id) VALUES ('6-','1','24','20','3');
INSERT INTO "grades" (value, weight, student_id, subject_id, teacher_id) VALUES ('4+','1','23','1','6');
INSERT INTO "grades" (value, weight, student_id, subject_id, teacher_id) VALUES ('3-','1','7','4','5');
INSERT INTO "grades" (value, weight, student_id, subject_id, teacher_id) VALUES ('6-','2','14','2','12');
INSERT INTO "grades" (value, weight, student_id, subject_id, teacher_id) VALUES ('3','2','15','4','7');
INSERT INTO "grades" (value, weight, student_id, subject_id, teacher_id) VALUES ('3-','3','30','8','18');
INSERT INTO "grades" (value, weight, student_id, subject_id, teacher_id) VALUES ('2+','3','5','14','11');
INSERT INTO "grades" (value, weight, student_id, subject_id, teacher_id) VALUES ('5+','1','16','9','36');
INSERT INTO "grades" (value, weight, student_id, subject_id, teacher_id) VALUES ('3','1','6','6','7');
INSERT INTO "grades" (value, weight, student_id, subject_id, teacher_id) VALUES ('5+','1','8','5','38');
INSERT INTO "grades" (value, weight, student_id, subject_id, teacher_id) VALUES ('4+','1','14','2','15');
INSERT INTO "grades" (value, weight, student_id, subject_id, teacher_id) VALUES ('5','2','26','12','9');
INSERT INTO "grades" (value, weight, student_id, subject_id, teacher_id) VALUES ('2+','1','13','14','15');
INSERT INTO "grades" (value, weight, student_id, subject_id, teacher_id) VALUES ('3+','2','11','16','39');
INSERT INTO "grades" (value, weight, student_id, subject_id, teacher_id) VALUES ('5','2','30','10','35');
INSERT INTO "grades" (value, weight, student_id, subject_id, teacher_id) VALUES ('1+','1','20','14','11');
INSERT INTO "grades" (value, weight, student_id, subject_id, teacher_id) VALUES ('2','1','11','16','39');
INSERT INTO "grades" (value, weight, student_id, subject_id, teacher_id) VALUES ('1','1','25','1','7');
INSERT INTO "grades" (value, weight, student_id, subject_id, teacher_id) VALUES ('5+','2','18','13','28');
INSERT INTO "grades" (value, weight, student_id, subject_id, teacher_id) VALUES ('4-','2','15','16','39');
INSERT INTO "grades" (value, weight, student_id, subject_id, teacher_id) VALUES ('3+','3','18','8','8');
INSERT INTO "grades" (value, weight, student_id, subject_id, teacher_id) VALUES ('3+','2','22','17','17');
INSERT INTO "grades" (value, weight, student_id, subject_id, teacher_id) VALUES ('3','1','8','19','14');
INSERT INTO "grades" (value, weight, student_id, subject_id, teacher_id) VALUES ('6-','1','26','3','20');
INSERT INTO "grades" (value, weight, student_id, subject_id, teacher_id) VALUES ('6','1','7','11','8');